Insert into "OFFICE24"."MEMBER" (NO,ID,PW,NAME,PHONE,EMAIL,BIRTH,GENDER,REG_DATE) values (102,'test22','$2a$10$6OtKZz6Xqme5HkYZ9lRd/OWVlp9OIsq1uYr2OZR3OSoh10fqRfS.m','은희경','01077582132','sogeum@naver.com',to_timestamp('14/10/83','DD/MM/RR HH24:MI:SSXFF'),'W',to_timestamp('14/08/24','DD/MM/RR HH24:MI:SSXFF'));
Insert into "OFFICE24"."MEMBER" (NO,ID,PW,NAME,PHONE,EMAIL,BIRTH,GENDER,REG_DATE) values (103,'member0001','$2a$10$FgmS9NEBxDdbUfWjsqiGDesNfltpXEa6u..EQc1Ehh6mO7aBeNccq','Name0001','01012345678','user0001@example.com',to_timestamp('15/08/45','DD/MM/RR HH24:MI:SSXFF'),'W',to_timestamp('15/08/24','DD/MM/RR HH24:MI:SSXFF'));
Insert into "OFFICE24"."MEMBER" (NO,ID,PW,NAME,PHONE,EMAIL,BIRTH,GENDER,REG_DATE) values (104,'member0002','$2a$10$FgmS9NEBxDdbUfWjsqiGDesNfltpXEa6u..EQc1Ehh6mO7aBeNccq','Name0002','01012345678','user0002@example.com',to_timestamp('15/08/46','DD/MM/RR HH24:MI:SSXFF'),'W',to_timestamp('15/08/24','DD/MM/RR HH24:MI:SSXFF'));
Insert into "OFFICE24"."MEMBER" (NO,ID,PW,NAME,PHONE,EMAIL,BIRTH,GENDER,REG_DATE) values (105,'member0003','$2a$10$FgmS9NEBxDdbUfWjsqiGDesNfltpXEa6u..EQc1Ehh6mO7aBeNccq','Name0003','01012345678','user0003@example.com',to_timestamp('15/08/47','DD/MM/RR HH24:MI:SSXFF'),'W',to_timestamp('15/08/24','DD/MM/RR HH24:MI:SSXFF'));
Insert into "OFFICE24"."MEMBER" (NO,ID,PW,NAME,PHONE,EMAIL,BIRTH,GENDER,REG_DATE) values (106,'member0004','$2a$10$FgmS9NEBxDdbUfWjsqiGDesNfltpXEa6u..EQc1Ehh6mO7aBeNccq','Name0004','01012345678','user0004@example.com',to_timestamp('15/08/48','DD/MM/RR HH24:MI:SSXFF'),'W',to_timestamp('15/08/24','DD/MM/RR HH24:MI:SSXFF'));
Insert into "OFFICE24"."MEMBER" (NO,ID,PW,NAME,PHONE,EMAIL,BIRTH,GENDER,REG_DATE) values (107,'member0005','$2a$10$FgmS9NEBxDdbUfWjsqiGDesNfltpXEa6u..EQc1Ehh6mO7aBeNccq','Name0005','01012345678','user0005@example.com',to_timestamp('15/08/49','DD/MM/RR HH24:MI:SSXFF'),'M',to_timestamp('15/08/24','DD/MM/RR HH24:MI:SSXFF'));
Insert into "OFFICE24"."MEMBER" (NO,ID,PW,NAME,PHONE,EMAIL,BIRTH,GENDER,REG_DATE) values (108,'member0006','$2a$10$FgmS9NEBxDdbUfWjsqiGDesNfltpXEa6u..EQc1Ehh6mO7aBeNccq','Name0006','01012345678','user0006@example.com',to_timestamp('15/08/50','DD/MM/RR HH24:MI:SSXFF'),'W',to_timestamp('15/08/24','DD/MM/RR HH24:MI:SSXFF'));
Insert into "OFFICE24"."MEMBER" (NO,ID,PW,NAME,PHONE,EMAIL,BIRTH,GENDER,REG_DATE) values (109,'member0007','$2a$10$FgmS9NEBxDdbUfWjsqiGDesNfltpXEa6u..EQc1Ehh6mO7aBeNccq','Name0007','01012345678','user0007@example.com',to_timestamp('15/08/51','DD/MM/RR HH24:MI:SSXFF'),'W',to_timestamp('15/08/24','DD/MM/RR HH24:MI:SSXFF'));
Insert into "OFFICE24"."MEMBER" (NO,ID,PW,NAME,PHONE,EMAIL,BIRTH,GENDER,REG_DATE) values (110,'member0008','$2a$10$FgmS9NEBxDdbUfWjsqiGDesNfltpXEa6u..EQc1Ehh6mO7aBeNccq','Name0008','01012345678','user0008@example.com',to_timestamp('15/08/52','DD/MM/RR HH24:MI:SSXFF'),'M',to_timestamp('15/08/24','DD/MM/RR HH24:MI:SSXFF'));
Insert into "OFFICE24"."MEMBER" (NO,ID,PW,NAME,PHONE,EMAIL,BIRTH,GENDER,REG_DATE) values (111,'member0009','$2a$10$FgmS9NEBxDdbUfWjsqiGDesNfltpXEa6u..EQc1Ehh6mO7aBeNccq','Name0009','01012345678','user0009@example.com',to_timestamp('15/08/53','DD/MM/RR HH24:MI:SSXFF'),'W',to_timestamp('15/08/24','DD/MM/RR HH24:MI:SSXFF'));
Insert into "OFFICE24"."MEMBER" (NO,ID,PW,NAME,PHONE,EMAIL,BIRTH,GENDER,REG_DATE) values (112,'member0010','$2a$10$FgmS9NEBxDdbUfWjsqiGDesNfltpXEa6u..EQc1Ehh6mO7aBeNccq','Name0010','01012345678','user0010@example.com',to_timestamp('15/08/54','DD/MM/RR HH24:MI:SSXFF'),'W',to_timestamp('15/08/24','DD/MM/RR HH24:MI:SSXFF'));
Insert into "OFFICE24"."MEMBER" (NO,ID,PW,NAME,PHONE,EMAIL,BIRTH,GENDER,REG_DATE) values (113,'member0011','$2a$10$FgmS9NEBxDdbUfWjsqiGDesNfltpXEa6u..EQc1Ehh6mO7aBeNccq','Name0011','01012345678','user0011@example.com',to_timestamp('15/08/55','DD/MM/RR HH24:MI:SSXFF'),'W',to_timestamp('15/08/24','DD/MM/RR HH24:MI:SSXFF'));
Insert into "OFFICE24"."MEMBER" (NO,ID,PW,NAME,PHONE,EMAIL,BIRTH,GENDER,REG_DATE) values (114,'member0012','$2a$10$FgmS9NEBxDdbUfWjsqiGDesNfltpXEa6u..EQc1Ehh6mO7aBeNccq','Name0012','01012345678','user0012@example.com',to_timestamp('15/08/56','DD/MM/RR HH24:MI:SSXFF'),'M',to_timestamp('15/08/24','DD/MM/RR HH24:MI:SSXFF'));
Insert into "OFFICE24"."MEMBER" (NO,ID,PW,NAME,PHONE,EMAIL,BIRTH,GENDER,REG_DATE) values (115,'member0013','$2a$10$FgmS9NEBxDdbUfWjsqiGDesNfltpXEa6u..EQc1Ehh6mO7aBeNccq','Name0013','01012345678','user0013@example.com',to_timestamp('15/08/57','DD/MM/RR HH24:MI:SSXFF'),'M',to_timestamp('15/08/24','DD/MM/RR HH24:MI:SSXFF'));
Insert into "OFFICE24"."MEMBER" (NO,ID,PW,NAME,PHONE,EMAIL,BIRTH,GENDER,REG_DATE) values (116,'member0014','$2a$10$FgmS9NEBxDdbUfWjsqiGDesNfltpXEa6u..EQc1Ehh6mO7aBeNccq','Name0014','01012345678','user0014@example.com',to_timestamp('15/08/58','DD/MM/RR HH24:MI:SSXFF'),'M',to_timestamp('15/08/24','DD/MM/RR HH24:MI:SSXFF'));
Insert into "OFFICE24"."MEMBER" (NO,ID,PW,NAME,PHONE,EMAIL,BIRTH,GENDER,REG_DATE) values (117,'member0015','$2a$10$FgmS9NEBxDdbUfWjsqiGDesNfltpXEa6u..EQc1Ehh6mO7aBeNccq','Name0015','01012345678','user0015@example.com',to_timestamp('15/08/59','DD/MM/RR HH24:MI:SSXFF'),'M',to_timestamp('15/08/24','DD/MM/RR HH24:MI:SSXFF'));
Insert into "OFFICE24"."MEMBER" (NO,ID,PW,NAME,PHONE,EMAIL,BIRTH,GENDER,REG_DATE) values (118,'member0016','$2a$10$FgmS9NEBxDdbUfWjsqiGDesNfltpXEa6u..EQc1Ehh6mO7aBeNccq','Name0016','01012345678','user0016@example.com',to_timestamp('15/08/60','DD/MM/RR HH24:MI:SSXFF'),'M',to_timestamp('15/08/24','DD/MM/RR HH24:MI:SSXFF'));
Insert into "OFFICE24"."MEMBER" (NO,ID,PW,NAME,PHONE,EMAIL,BIRTH,GENDER,REG_DATE) values (119,'member0017','$2a$10$FgmS9NEBxDdbUfWjsqiGDesNfltpXEa6u..EQc1Ehh6mO7aBeNccq','Name0017','01012345678','user0017@example.com',to_timestamp('15/08/61','DD/MM/RR HH24:MI:SSXFF'),'W',to_timestamp('15/08/24','DD/MM/RR HH24:MI:SSXFF'));
Insert into "OFFICE24"."MEMBER" (NO,ID,PW,NAME,PHONE,EMAIL,BIRTH,GENDER,REG_DATE) values (120,'member0018','$2a$10$FgmS9NEBxDdbUfWjsqiGDesNfltpXEa6u..EQc1Ehh6mO7aBeNccq','Name0018','01012345678','user0018@example.com',to_timestamp('15/08/62','DD/MM/RR HH24:MI:SSXFF'),'W',to_timestamp('15/08/24','DD/MM/RR HH24:MI:SSXFF'));
Insert into "OFFICE24"."MEMBER" (NO,ID,PW,NAME,PHONE,EMAIL,BIRTH,GENDER,REG_DATE) values (121,'member0019','$2a$10$FgmS9NEBxDdbUfWjsqiGDesNfltpXEa6u..EQc1Ehh6mO7aBeNccq','Name0019','01012345678','user0019@example.com',to_timestamp('15/08/63','DD/MM/RR HH24:MI:SSXFF'),'M',to_timestamp('15/08/24','DD/MM/RR HH24:MI:SSXFF'));
Insert into "OFFICE24"."MEMBER" (NO,ID,PW,NAME,PHONE,EMAIL,BIRTH,GENDER,REG_DATE) values (122,'member0020','$2a$10$FgmS9NEBxDdbUfWjsqiGDesNfltpXEa6u..EQc1Ehh6mO7aBeNccq','Name0020','01012345678','user0020@example.com',to_timestamp('15/08/64','DD/MM/RR HH24:MI:SSXFF'),'M',to_timestamp('15/08/24','DD/MM/RR HH24:MI:SSXFF'));
Insert into "OFFICE24"."MEMBER" (NO,ID,PW,NAME,PHONE,EMAIL,BIRTH,GENDER,REG_DATE) values (123,'member0021','$2a$10$FgmS9NEBxDdbUfWjsqiGDesNfltpXEa6u..EQc1Ehh6mO7aBeNccq','Name0021','01012345678','user0021@example.com',to_timestamp('15/08/65','DD/MM/RR HH24:MI:SSXFF'),'M',to_timestamp('15/08/24','DD/MM/RR HH24:MI:SSXFF'));
Insert into "OFFICE24"."MEMBER" (NO,ID,PW,NAME,PHONE,EMAIL,BIRTH,GENDER,REG_DATE) values (124,'member0022','$2a$10$FgmS9NEBxDdbUfWjsqiGDesNfltpXEa6u..EQc1Ehh6mO7aBeNccq','Name0022','01012345678','user0022@example.com',to_timestamp('15/08/66','DD/MM/RR HH24:MI:SSXFF'),'W',to_timestamp('15/08/24','DD/MM/RR HH24:MI:SSXFF'));
Insert into "OFFICE24"."MEMBER" (NO,ID,PW,NAME,PHONE,EMAIL,BIRTH,GENDER,REG_DATE) values (125,'member0023','$2a$10$FgmS9NEBxDdbUfWjsqiGDesNfltpXEa6u..EQc1Ehh6mO7aBeNccq','Name0023','01012345678','user0023@example.com',to_timestamp('15/08/67','DD/MM/RR HH24:MI:SSXFF'),'M',to_timestamp('15/08/24','DD/MM/RR HH24:MI:SSXFF'));
Insert into "OFFICE24"."MEMBER" (NO,ID,PW,NAME,PHONE,EMAIL,BIRTH,GENDER,REG_DATE) values (126,'member0024','$2a$10$FgmS9NEBxDdbUfWjsqiGDesNfltpXEa6u..EQc1Ehh6mO7aBeNccq','Name0024','01012345678','user0024@example.com',to_timestamp('15/08/68','DD/MM/RR HH24:MI:SSXFF'),'M',to_timestamp('15/08/24','DD/MM/RR HH24:MI:SSXFF'));
Insert into "OFFICE24"."MEMBER" (NO,ID,PW,NAME,PHONE,EMAIL,BIRTH,GENDER,REG_DATE) values (127,'member0025','$2a$10$FgmS9NEBxDdbUfWjsqiGDesNfltpXEa6u..EQc1Ehh6mO7aBeNccq','Name0025','01012345678','user0025@example.com',to_timestamp('15/08/69','DD/MM/RR HH24:MI:SSXFF'),'W',to_timestamp('15/08/24','DD/MM/RR HH24:MI:SSXFF'));
Insert into "OFFICE24"."MEMBER" (NO,ID,PW,NAME,PHONE,EMAIL,BIRTH,GENDER,REG_DATE) values (128,'member0026','$2a$10$FgmS9NEBxDdbUfWjsqiGDesNfltpXEa6u..EQc1Ehh6mO7aBeNccq','Name0026','01012345678','user0026@example.com',to_timestamp('15/08/70','DD/MM/RR HH24:MI:SSXFF'),'W',to_timestamp('15/08/24','DD/MM/RR HH24:MI:SSXFF'));
Insert into "OFFICE24"."MEMBER" (NO,ID,PW,NAME,PHONE,EMAIL,BIRTH,GENDER,REG_DATE) values (129,'member0027','$2a$10$FgmS9NEBxDdbUfWjsqiGDesNfltpXEa6u..EQc1Ehh6mO7aBeNccq','Name0027','01012345678','user0027@example.com',to_timestamp('15/08/71','DD/MM/RR HH24:MI:SSXFF'),'W',to_timestamp('15/08/24','DD/MM/RR HH24:MI:SSXFF'));
Insert into "OFFICE24"."MEMBER" (NO,ID,PW,NAME,PHONE,EMAIL,BIRTH,GENDER,REG_DATE) values (130,'member0028','$2a$10$FgmS9NEBxDdbUfWjsqiGDesNfltpXEa6u..EQc1Ehh6mO7aBeNccq','Name0028','01012345678','user0028@example.com',to_timestamp('15/08/72','DD/MM/RR HH24:MI:SSXFF'),'W',to_timestamp('15/08/24','DD/MM/RR HH24:MI:SSXFF'));
Insert into "OFFICE24"."MEMBER" (NO,ID,PW,NAME,PHONE,EMAIL,BIRTH,GENDER,REG_DATE) values (131,'member0029','$2a$10$FgmS9NEBxDdbUfWjsqiGDesNfltpXEa6u..EQc1Ehh6mO7aBeNccq','Name0029','01012345678','user0029@example.com',to_timestamp('15/08/73','DD/MM/RR HH24:MI:SSXFF'),'M',to_timestamp('15/08/24','DD/MM/RR HH24:MI:SSXFF'));
Insert into "OFFICE24"."MEMBER" (NO,ID,PW,NAME,PHONE,EMAIL,BIRTH,GENDER,REG_DATE) values (132,'member0030','$2a$10$FgmS9NEBxDdbUfWjsqiGDesNfltpXEa6u..EQc1Ehh6mO7aBeNccq','Name0030','01012345678','user0030@example.com',to_timestamp('15/08/74','DD/MM/RR HH24:MI:SSXFF'),'M',to_timestamp('15/08/24','DD/MM/RR HH24:MI:SSXFF'));
Insert into "OFFICE24"."MEMBER" (NO,ID,PW,NAME,PHONE,EMAIL,BIRTH,GENDER,REG_DATE) values (1,'user0001','$2a$10$sH3EMHvHzat2j2oxRdvH3.3A0JfTxDVGIGD78Dx3z/JQO1Cf5OXPy','손흥민','01077582132','user0001@example.com',to_timestamp('08/08/90','DD/MM/RR HH24:MI:SSXFF'),'M',to_timestamp('08/08/24','DD/MM/RR HH24:MI:SSXFF'));
Insert into "OFFICE24"."MEMBER" (NO,ID,PW,NAME,PHONE,EMAIL,BIRTH,GENDER,REG_DATE) values (2,'user0002','$2a$10$FgmS9NEBxDdbUfWjsqiGDesNfltpXEa6u..EQc1Ehh6mO7aBeNccq','최서준','01049865445','user0002@example.com',to_timestamp('08/01/98','DD/MM/RR HH24:MI:SSXFF'),'M',to_timestamp('08/08/24','DD/MM/RR HH24:MI:SSXFF'));
Insert into "OFFICE24"."MEMBER" (NO,ID,PW,NAME,PHONE,EMAIL,BIRTH,GENDER,REG_DATE) values (3,'user0003','$2a$10$FgmS9NEBxDdbUfWjsqiGDesNfltpXEa6u..EQc1Ehh6mO7aBeNccq','최찬호','01099956817','user0003@example.com',to_timestamp('11/07/80','DD/MM/RR HH24:MI:SSXFF'),'M',to_timestamp('08/08/24','DD/MM/RR HH24:MI:SSXFF'));
Insert into "OFFICE24"."MEMBER" (NO,ID,PW,NAME,PHONE,EMAIL,BIRTH,GENDER,REG_DATE) values (4,'user0004','$2a$10$FgmS9NEBxDdbUfWjsqiGDesNfltpXEa6u..EQc1Ehh6mO7aBeNccq','최서연','01012345678','user0004@example.com',to_timestamp('08/08/48','DD/MM/RR HH24:MI:SSXFF'),'M',to_timestamp('08/08/24','DD/MM/RR HH24:MI:SSXFF'));
Insert into "OFFICE24"."MEMBER" (NO,ID,PW,NAME,PHONE,EMAIL,BIRTH,GENDER,REG_DATE) values (5,'user0005','$2a$10$FgmS9NEBxDdbUfWjsqiGDesNfltpXEa6u..EQc1Ehh6mO7aBeNccq','박주경','01008471538','user0005@example.com',to_timestamp('08/08/49','DD/MM/RR HH24:MI:SSXFF'),'M',to_timestamp('08/08/24','DD/MM/RR HH24:MI:SSXFF'));
Insert into "OFFICE24"."MEMBER" (NO,ID,PW,NAME,PHONE,EMAIL,BIRTH,GENDER,REG_DATE) values (6,'user0006','$2a$10$FgmS9NEBxDdbUfWjsqiGDesNfltpXEa6u..EQc1Ehh6mO7aBeNccq','조윤영','01097266265','user0006@example.com',to_timestamp('08/08/50','DD/MM/RR HH24:MI:SSXFF'),'W',to_timestamp('08/08/24','DD/MM/RR HH24:MI:SSXFF'));
Insert into "OFFICE24"."MEMBER" (NO,ID,PW,NAME,PHONE,EMAIL,BIRTH,GENDER,REG_DATE) values (7,'user0007','$2a$10$FgmS9NEBxDdbUfWjsqiGDesNfltpXEa6u..EQc1Ehh6mO7aBeNccq','임민호','01064003145','user0007@example.com',to_timestamp('08/08/51','DD/MM/RR HH24:MI:SSXFF'),'M',to_timestamp('08/08/24','DD/MM/RR HH24:MI:SSXFF'));
Insert into "OFFICE24"."MEMBER" (NO,ID,PW,NAME,PHONE,EMAIL,BIRTH,GENDER,REG_DATE) values (8,'user0008','$2a$10$FgmS9NEBxDdbUfWjsqiGDesNfltpXEa6u..EQc1Ehh6mO7aBeNccq','박민진','01036182662','user0008@example.com',to_timestamp('08/08/52','DD/MM/RR HH24:MI:SSXFF'),'M',to_timestamp('08/08/24','DD/MM/RR HH24:MI:SSXFF'));
Insert into "OFFICE24"."MEMBER" (NO,ID,PW,NAME,PHONE,EMAIL,BIRTH,GENDER,REG_DATE) values (9,'user0009','$2a$10$FgmS9NEBxDdbUfWjsqiGDesNfltpXEa6u..EQc1Ehh6mO7aBeNccq','강윤연','01033847257','user0009@example.com',to_timestamp('08/08/53','DD/MM/RR HH24:MI:SSXFF'),'M',to_timestamp('08/08/24','DD/MM/RR HH24:MI:SSXFF'));
Insert into "OFFICE24"."MEMBER" (NO,ID,PW,NAME,PHONE,EMAIL,BIRTH,GENDER,REG_DATE) values (10,'user0010','$2a$10$FgmS9NEBxDdbUfWjsqiGDesNfltpXEa6u..EQc1Ehh6mO7aBeNccq','조우호','01035184374','user0010@example.com',to_timestamp('08/08/54','DD/MM/RR HH24:MI:SSXFF'),'M',to_timestamp('08/08/24','DD/MM/RR HH24:MI:SSXFF'));
Insert into "OFFICE24"."MEMBER" (NO,ID,PW,NAME,PHONE,EMAIL,BIRTH,GENDER,REG_DATE) values (11,'user0011','$2a$10$FgmS9NEBxDdbUfWjsqiGDesNfltpXEa6u..EQc1Ehh6mO7aBeNccq','장지희','01003467315','user0011@example.com',to_timestamp('08/08/55','DD/MM/RR HH24:MI:SSXFF'),'W',to_timestamp('08/08/24','DD/MM/RR HH24:MI:SSXFF'));
Insert into "OFFICE24"."MEMBER" (NO,ID,PW,NAME,PHONE,EMAIL,BIRTH,GENDER,REG_DATE) values (12,'user0012','$2a$10$FgmS9NEBxDdbUfWjsqiGDesNfltpXEa6u..EQc1Ehh6mO7aBeNccq','김우우','01030471402','user0012@example.com',to_timestamp('08/08/56','DD/MM/RR HH24:MI:SSXFF'),'M',to_timestamp('08/08/24','DD/MM/RR HH24:MI:SSXFF'));
Insert into "OFFICE24"."MEMBER" (NO,ID,PW,NAME,PHONE,EMAIL,BIRTH,GENDER,REG_DATE) values (13,'user0013','$2a$10$FgmS9NEBxDdbUfWjsqiGDesNfltpXEa6u..EQc1Ehh6mO7aBeNccq','박윤준','01009152363','user0013@example.com',to_timestamp('08/08/57','DD/MM/RR HH24:MI:SSXFF'),'M',to_timestamp('08/08/24','DD/MM/RR HH24:MI:SSXFF'));
Insert into "OFFICE24"."MEMBER" (NO,ID,PW,NAME,PHONE,EMAIL,BIRTH,GENDER,REG_DATE) values (14,'user0014','$2a$10$FgmS9NEBxDdbUfWjsqiGDesNfltpXEa6u..EQc1Ehh6mO7aBeNccq','정서빈','01086512066','user0014@example.com',to_timestamp('08/08/58','DD/MM/RR HH24:MI:SSXFF'),'W',to_timestamp('08/08/24','DD/MM/RR HH24:MI:SSXFF'));
Insert into "OFFICE24"."MEMBER" (NO,ID,PW,NAME,PHONE,EMAIL,BIRTH,GENDER,REG_DATE) values (16,'user0016','$2a$10$FgmS9NEBxDdbUfWjsqiGDesNfltpXEa6u..EQc1Ehh6mO7aBeNccq','조수진','01057842636','user0016@example.com',to_timestamp('08/08/60','DD/MM/RR HH24:MI:SSXFF'),'W',to_timestamp('08/08/24','DD/MM/RR HH24:MI:SSXFF'));
Insert into "OFFICE24"."MEMBER" (NO,ID,PW,NAME,PHONE,EMAIL,BIRTH,GENDER,REG_DATE) values (17,'user0017','$2a$10$FgmS9NEBxDdbUfWjsqiGDesNfltpXEa6u..EQc1Ehh6mO7aBeNccq','조현우','01076796456','user0017@example.com',to_timestamp('08/08/61','DD/MM/RR HH24:MI:SSXFF'),'M',to_timestamp('08/08/24','DD/MM/RR HH24:MI:SSXFF'));
Insert into "OFFICE24"."MEMBER" (NO,ID,PW,NAME,PHONE,EMAIL,BIRTH,GENDER,REG_DATE) values (18,'user0018','$2a$10$FgmS9NEBxDdbUfWjsqiGDesNfltpXEa6u..EQc1Ehh6mO7aBeNccq','조서진','01029104397','user0018@example.com',to_timestamp('08/08/62','DD/MM/RR HH24:MI:SSXFF'),'M',to_timestamp('08/08/24','DD/MM/RR HH24:MI:SSXFF'));
Insert into "OFFICE24"."MEMBER" (NO,ID,PW,NAME,PHONE,EMAIL,BIRTH,GENDER,REG_DATE) values (19,'user0019','$2a$10$FgmS9NEBxDdbUfWjsqiGDesNfltpXEa6u..EQc1Ehh6mO7aBeNccq','정도진','01072144148','user0019@example.com',to_timestamp('08/08/63','DD/MM/RR HH24:MI:SSXFF'),'W',to_timestamp('08/08/24','DD/MM/RR HH24:MI:SSXFF'));
Insert into "OFFICE24"."MEMBER" (NO,ID,PW,NAME,PHONE,EMAIL,BIRTH,GENDER,REG_DATE) values (20,'user0020','$2a$10$FgmS9NEBxDdbUfWjsqiGDesNfltpXEa6u..EQc1Ehh6mO7aBeNccq','정찬진','01039270840','user0020@example.com',to_timestamp('08/08/64','DD/MM/RR HH24:MI:SSXFF'),'M',to_timestamp('08/08/24','DD/MM/RR HH24:MI:SSXFF'));
Insert into "OFFICE24"."MEMBER" (NO,ID,PW,NAME,PHONE,EMAIL,BIRTH,GENDER,REG_DATE) values (21,'user0021','$2a$10$FgmS9NEBxDdbUfWjsqiGDesNfltpXEa6u..EQc1Ehh6mO7aBeNccq','최우희','01084211632','user0021@example.com',to_timestamp('08/08/65','DD/MM/RR HH24:MI:SSXFF'),'W',to_timestamp('08/08/24','DD/MM/RR HH24:MI:SSXFF'));
Insert into "OFFICE24"."MEMBER" (NO,ID,PW,NAME,PHONE,EMAIL,BIRTH,GENDER,REG_DATE) values (22,'user0022','$2a$10$FgmS9NEBxDdbUfWjsqiGDesNfltpXEa6u..EQc1Ehh6mO7aBeNccq','정서연','01096476633','user0022@example.com',to_timestamp('08/08/66','DD/MM/RR HH24:MI:SSXFF'),'W',to_timestamp('08/08/24','DD/MM/RR HH24:MI:SSXFF'));
Insert into "OFFICE24"."MEMBER" (NO,ID,PW,NAME,PHONE,EMAIL,BIRTH,GENDER,REG_DATE) values (23,'user0023','$2a$10$FgmS9NEBxDdbUfWjsqiGDesNfltpXEa6u..EQc1Ehh6mO7aBeNccq','장지훈','01089908211','user0023@example.com',to_timestamp('08/08/67','DD/MM/RR HH24:MI:SSXFF'),'M',to_timestamp('08/08/24','DD/MM/RR HH24:MI:SSXFF'));
Insert into "OFFICE24"."MEMBER" (NO,ID,PW,NAME,PHONE,EMAIL,BIRTH,GENDER,REG_DATE) values (24,'user0024','$2a$10$FgmS9NEBxDdbUfWjsqiGDesNfltpXEa6u..EQc1Ehh6mO7aBeNccq','임찬희','01037320236','user0024@example.com',to_timestamp('08/08/68','DD/MM/RR HH24:MI:SSXFF'),'M',to_timestamp('08/08/24','DD/MM/RR HH24:MI:SSXFF'));
Insert into "OFFICE24"."MEMBER" (NO,ID,PW,NAME,PHONE,EMAIL,BIRTH,GENDER,REG_DATE) values (25,'user0025','$2a$10$FgmS9NEBxDdbUfWjsqiGDesNfltpXEa6u..EQc1Ehh6mO7aBeNccq','박서연','01022650725','user0025@example.com',to_timestamp('08/08/69','DD/MM/RR HH24:MI:SSXFF'),'W',to_timestamp('08/08/24','DD/MM/RR HH24:MI:SSXFF'));
Insert into "OFFICE24"."MEMBER" (NO,ID,PW,NAME,PHONE,EMAIL,BIRTH,GENDER,REG_DATE) values (26,'user0026','$2a$10$FgmS9NEBxDdbUfWjsqiGDesNfltpXEa6u..EQc1Ehh6mO7aBeNccq','이서희','01038040526','user0026@example.com',to_timestamp('08/08/70','DD/MM/RR HH24:MI:SSXFF'),'W',to_timestamp('08/08/24','DD/MM/RR HH24:MI:SSXFF'));
Insert into "OFFICE24"."MEMBER" (NO,ID,PW,NAME,PHONE,EMAIL,BIRTH,GENDER,REG_DATE) values (27,'user0027','$2a$10$FgmS9NEBxDdbUfWjsqiGDesNfltpXEa6u..EQc1Ehh6mO7aBeNccq','최현희','01092935995','user0027@example.com',to_timestamp('08/08/71','DD/MM/RR HH24:MI:SSXFF'),'W',to_timestamp('08/08/24','DD/MM/RR HH24:MI:SSXFF'));
Insert into "OFFICE24"."MEMBER" (NO,ID,PW,NAME,PHONE,EMAIL,BIRTH,GENDER,REG_DATE) values (28,'user0028','$2a$10$FgmS9NEBxDdbUfWjsqiGDesNfltpXEa6u..EQc1Ehh6mO7aBeNccq','장현희','01082245504','user0028@example.com',to_timestamp('08/08/72','DD/MM/RR HH24:MI:SSXFF'),'W',to_timestamp('08/08/24','DD/MM/RR HH24:MI:SSXFF'));
Insert into "OFFICE24"."MEMBER" (NO,ID,PW,NAME,PHONE,EMAIL,BIRTH,GENDER,REG_DATE) values (29,'user0029','$2a$10$FgmS9NEBxDdbUfWjsqiGDesNfltpXEa6u..EQc1Ehh6mO7aBeNccq','이찬준','01043045742','user0029@example.com',to_timestamp('08/08/73','DD/MM/RR HH24:MI:SSXFF'),'M',to_timestamp('08/08/24','DD/MM/RR HH24:MI:SSXFF'));
Insert into "OFFICE24"."MEMBER" (NO,ID,PW,NAME,PHONE,EMAIL,BIRTH,GENDER,REG_DATE) values (30,'user0030','$2a$10$FgmS9NEBxDdbUfWjsqiGDesNfltpXEa6u..EQc1Ehh6mO7aBeNccq','정서진','01087911678','user0030@example.com',to_timestamp('08/08/74','DD/MM/RR HH24:MI:SSXFF'),'M',to_timestamp('08/08/24','DD/MM/RR HH24:MI:SSXFF'));
Insert into "OFFICE24"."MEMBER" (NO,ID,PW,NAME,PHONE,EMAIL,BIRTH,GENDER,REG_DATE) values (31,'user0031','$2a$10$FgmS9NEBxDdbUfWjsqiGDesNfltpXEa6u..EQc1Ehh6mO7aBeNccq','윤현호','01083472279','user0031@example.com',to_timestamp('08/08/75','DD/MM/RR HH24:MI:SSXFF'),'M',to_timestamp('08/08/24','DD/MM/RR HH24:MI:SSXFF'));
Insert into "OFFICE24"."MEMBER" (NO,ID,PW,NAME,PHONE,EMAIL,BIRTH,GENDER,REG_DATE) values (32,'user0032','$2a$10$FgmS9NEBxDdbUfWjsqiGDesNfltpXEa6u..EQc1Ehh6mO7aBeNccq','윤수우','01037887036','user0032@example.com',to_timestamp('08/08/76','DD/MM/RR HH24:MI:SSXFF'),'M',to_timestamp('08/08/24','DD/MM/RR HH24:MI:SSXFF'));
Insert into "OFFICE24"."MEMBER" (NO,ID,PW,NAME,PHONE,EMAIL,BIRTH,GENDER,REG_DATE) values (33,'user0033','$2a$10$FgmS9NEBxDdbUfWjsqiGDesNfltpXEa6u..EQc1Ehh6mO7aBeNccq','정우준','01087895057','user0033@example.com',to_timestamp('08/08/77','DD/MM/RR HH24:MI:SSXFF'),'M',to_timestamp('08/08/24','DD/MM/RR HH24:MI:SSXFF'));
Insert into "OFFICE24"."MEMBER" (NO,ID,PW,NAME,PHONE,EMAIL,BIRTH,GENDER,REG_DATE) values (34,'user0034','$2a$10$FgmS9NEBxDdbUfWjsqiGDesNfltpXEa6u..EQc1Ehh6mO7aBeNccq','윤도훈','01045788723','user0034@example.com',to_timestamp('08/08/78','DD/MM/RR HH24:MI:SSXFF'),'M',to_timestamp('08/08/24','DD/MM/RR HH24:MI:SSXFF'));
Insert into "OFFICE24"."MEMBER" (NO,ID,PW,NAME,PHONE,EMAIL,BIRTH,GENDER,REG_DATE) values (35,'user0035','$2a$10$FgmS9NEBxDdbUfWjsqiGDesNfltpXEa6u..EQc1Ehh6mO7aBeNccq','김서호','01008378018','user0035@example.com',to_timestamp('08/08/79','DD/MM/RR HH24:MI:SSXFF'),'M',to_timestamp('08/08/24','DD/MM/RR HH24:MI:SSXFF'));
Insert into "OFFICE24"."MEMBER" (NO,ID,PW,NAME,PHONE,EMAIL,BIRTH,GENDER,REG_DATE) values (36,'user0036','$2a$10$FgmS9NEBxDdbUfWjsqiGDesNfltpXEa6u..EQc1Ehh6mO7aBeNccq','임주진','01098253995','user0036@example.com',to_timestamp('08/08/80','DD/MM/RR HH24:MI:SSXFF'),'M',to_timestamp('08/08/24','DD/MM/RR HH24:MI:SSXFF'));
Insert into "OFFICE24"."MEMBER" (NO,ID,PW,NAME,PHONE,EMAIL,BIRTH,GENDER,REG_DATE) values (37,'user0037','$2a$10$FgmS9NEBxDdbUfWjsqiGDesNfltpXEa6u..EQc1Ehh6mO7aBeNccq','김주우','01023964534','user0037@example.com',to_timestamp('08/08/81','DD/MM/RR HH24:MI:SSXFF'),'M',to_timestamp('08/08/24','DD/MM/RR HH24:MI:SSXFF'));
Insert into "OFFICE24"."MEMBER" (NO,ID,PW,NAME,PHONE,EMAIL,BIRTH,GENDER,REG_DATE) values (38,'user0038','$2a$10$FgmS9NEBxDdbUfWjsqiGDesNfltpXEa6u..EQc1Ehh6mO7aBeNccq','이민경','01074400763','user0038@example.com',to_timestamp('08/08/82','DD/MM/RR HH24:MI:SSXFF'),'W',to_timestamp('08/08/24','DD/MM/RR HH24:MI:SSXFF'));
Insert into "OFFICE24"."MEMBER" (NO,ID,PW,NAME,PHONE,EMAIL,BIRTH,GENDER,REG_DATE) values (39,'user0039','$2a$10$FgmS9NEBxDdbUfWjsqiGDesNfltpXEa6u..EQc1Ehh6mO7aBeNccq','이찬빈','01027746961','user0039@example.com',to_timestamp('08/08/83','DD/MM/RR HH24:MI:SSXFF'),'M',to_timestamp('08/08/24','DD/MM/RR HH24:MI:SSXFF'));
Insert into "OFFICE24"."MEMBER" (NO,ID,PW,NAME,PHONE,EMAIL,BIRTH,GENDER,REG_DATE) values (40,'user0040','$2a$10$FgmS9NEBxDdbUfWjsqiGDesNfltpXEa6u..EQc1Ehh6mO7aBeNccq','임도희','01026957853','user0040@example.com',to_timestamp('08/08/84','DD/MM/RR HH24:MI:SSXFF'),'W',to_timestamp('08/08/24','DD/MM/RR HH24:MI:SSXFF'));
Insert into "OFFICE24"."MEMBER" (NO,ID,PW,NAME,PHONE,EMAIL,BIRTH,GENDER,REG_DATE) values (41,'user0041','$2a$10$FgmS9NEBxDdbUfWjsqiGDesNfltpXEa6u..EQc1Ehh6mO7aBeNccq','최현호','01072156503','user0041@example.com',to_timestamp('08/08/85','DD/MM/RR HH24:MI:SSXFF'),'M',to_timestamp('08/08/24','DD/MM/RR HH24:MI:SSXFF'));
Insert into "OFFICE24"."MEMBER" (NO,ID,PW,NAME,PHONE,EMAIL,BIRTH,GENDER,REG_DATE) values (42,'user0042','$2a$10$FgmS9NEBxDdbUfWjsqiGDesNfltpXEa6u..EQc1Ehh6mO7aBeNccq','장수진','0101234567 ','01058862027',to_timestamp('08/08/86','DD/MM/RR HH24:MI:SSXFF'),'W',to_timestamp('08/08/24','DD/MM/RR HH24:MI:SSXFF'));
Insert into "OFFICE24"."MEMBER" (NO,ID,PW,NAME,PHONE,EMAIL,BIRTH,GENDER,REG_DATE) values (43,'user0043','$2a$10$FgmS9NEBxDdbUfWjsqiGDesNfltpXEa6u..EQc1Ehh6mO7aBeNccq','조주훈','01051194576','user0043@example.com',to_timestamp('08/08/87','DD/MM/RR HH24:MI:SSXFF'),'M',to_timestamp('08/08/24','DD/MM/RR HH24:MI:SSXFF'));
Insert into "OFFICE24"."MEMBER" (NO,ID,PW,NAME,PHONE,EMAIL,BIRTH,GENDER,REG_DATE) values (44,'user0044','$2a$10$FgmS9NEBxDdbUfWjsqiGDesNfltpXEa6u..EQc1Ehh6mO7aBeNccq','이지진','01054714706','user0044@example.com',to_timestamp('08/08/88','DD/MM/RR HH24:MI:SSXFF'),'W',to_timestamp('08/08/24','DD/MM/RR HH24:MI:SSXFF'));
Insert into "OFFICE24"."MEMBER" (NO,ID,PW,NAME,PHONE,EMAIL,BIRTH,GENDER,REG_DATE) values (45,'user0045','$2a$10$FgmS9NEBxDdbUfWjsqiGDesNfltpXEa6u..EQc1Ehh6mO7aBeNccq','박우연','01061848848','user0045@example.com',to_timestamp('08/08/89','DD/MM/RR HH24:MI:SSXFF'),'W',to_timestamp('08/08/24','DD/MM/RR HH24:MI:SSXFF'));
Insert into "OFFICE24"."MEMBER" (NO,ID,PW,NAME,PHONE,EMAIL,BIRTH,GENDER,REG_DATE) values (46,'user0046','$2a$10$FgmS9NEBxDdbUfWjsqiGDesNfltpXEa6u..EQc1Ehh6mO7aBeNccq','이찬훈','01037025185','user0046@example.com',to_timestamp('08/08/90','DD/MM/RR HH24:MI:SSXFF'),'M',to_timestamp('08/08/24','DD/MM/RR HH24:MI:SSXFF'));
Insert into "OFFICE24"."MEMBER" (NO,ID,PW,NAME,PHONE,EMAIL,BIRTH,GENDER,REG_DATE) values (47,'user0047','$2a$10$FgmS9NEBxDdbUfWjsqiGDesNfltpXEa6u..EQc1Ehh6mO7aBeNccq','강지경','01068929998','user0047@example.com',to_timestamp('08/08/91','DD/MM/RR HH24:MI:SSXFF'),'W',to_timestamp('08/08/24','DD/MM/RR HH24:MI:SSXFF'));
Insert into "OFFICE24"."MEMBER" (NO,ID,PW,NAME,PHONE,EMAIL,BIRTH,GENDER,REG_DATE) values (48,'user0048','$2a$10$FgmS9NEBxDdbUfWjsqiGDesNfltpXEa6u..EQc1Ehh6mO7aBeNccq','최서빈','01054038642','user0048@example.com',to_timestamp('08/08/92','DD/MM/RR HH24:MI:SSXFF'),'W',to_timestamp('08/08/24','DD/MM/RR HH24:MI:SSXFF'));
Insert into "OFFICE24"."MEMBER" (NO,ID,PW,NAME,PHONE,EMAIL,BIRTH,GENDER,REG_DATE) values (49,'user0049','$2a$10$FgmS9NEBxDdbUfWjsqiGDesNfltpXEa6u..EQc1Ehh6mO7aBeNccq','최수준','01088149714','user0049@example.com',to_timestamp('08/08/93','DD/MM/RR HH24:MI:SSXFF'),'M',to_timestamp('08/08/24','DD/MM/RR HH24:MI:SSXFF'));
Insert into "OFFICE24"."MEMBER" (NO,ID,PW,NAME,PHONE,EMAIL,BIRTH,GENDER,REG_DATE) values (50,'user0050','$2a$10$FgmS9NEBxDdbUfWjsqiGDesNfltpXEa6u..EQc1Ehh6mO7aBeNccq','임찬우','01085565268','user0050@example.com',to_timestamp('08/08/94','DD/MM/RR HH24:MI:SSXFF'),'M',to_timestamp('08/08/24','DD/MM/RR HH24:MI:SSXFF'));
Insert into "OFFICE24"."MEMBER" (NO,ID,PW,NAME,PHONE,EMAIL,BIRTH,GENDER,REG_DATE) values (51,'user0051','$2a$10$FgmS9NEBxDdbUfWjsqiGDesNfltpXEa6u..EQc1Ehh6mO7aBeNccq','박현희','01099974472','user0051@example.com',to_timestamp('08/08/95','DD/MM/RR HH24:MI:SSXFF'),'W',to_timestamp('08/08/24','DD/MM/RR HH24:MI:SSXFF'));
Insert into "OFFICE24"."MEMBER" (NO,ID,PW,NAME,PHONE,EMAIL,BIRTH,GENDER,REG_DATE) values (52,'user0052','$2a$10$FgmS9NEBxDdbUfWjsqiGDesNfltpXEa6u..EQc1Ehh6mO7aBeNccq','이윤경','01057669442','user0052@example.com',to_timestamp('08/08/96','DD/MM/RR HH24:MI:SSXFF'),'W',to_timestamp('08/08/24','DD/MM/RR HH24:MI:SSXFF'));
Insert into "OFFICE24"."MEMBER" (NO,ID,PW,NAME,PHONE,EMAIL,BIRTH,GENDER,REG_DATE) values (53,'user0053','$2a$10$FgmS9NEBxDdbUfWjsqiGDesNfltpXEa6u..EQc1Ehh6mO7aBeNccq','조지호','01037615438','user0053@example.com',to_timestamp('08/08/97','DD/MM/RR HH24:MI:SSXFF'),'M',to_timestamp('08/08/24','DD/MM/RR HH24:MI:SSXFF'));
Insert into "OFFICE24"."MEMBER" (NO,ID,PW,NAME,PHONE,EMAIL,BIRTH,GENDER,REG_DATE) values (54,'user0054','$2a$10$FgmS9NEBxDdbUfWjsqiGDesNfltpXEa6u..EQc1Ehh6mO7aBeNccq','정주희','01059260603','user0054@example.com',to_timestamp('08/08/98','DD/MM/RR HH24:MI:SSXFF'),'W',to_timestamp('08/08/24','DD/MM/RR HH24:MI:SSXFF'));
Insert into "OFFICE24"."MEMBER" (NO,ID,PW,NAME,PHONE,EMAIL,BIRTH,GENDER,REG_DATE) values (55,'user0055','$2a$10$FgmS9NEBxDdbUfWjsqiGDesNfltpXEa6u..EQc1Ehh6mO7aBeNccq','윤서우','01099560463','user0055@example.com',to_timestamp('08/08/99','DD/MM/RR HH24:MI:SSXFF'),'W',to_timestamp('08/08/24','DD/MM/RR HH24:MI:SSXFF'));
Insert into "OFFICE24"."MEMBER" (NO,ID,PW,NAME,PHONE,EMAIL,BIRTH,GENDER,REG_DATE) values (56,'user0056','$2a$10$FgmS9NEBxDdbUfWjsqiGDesNfltpXEa6u..EQc1Ehh6mO7aBeNccq','최민연','01028181413','user0056@example.com',to_timestamp('08/08/00','DD/MM/RR HH24:MI:SSXFF'),'M',to_timestamp('08/08/24','DD/MM/RR HH24:MI:SSXFF'));
Insert into "OFFICE24"."MEMBER" (NO,ID,PW,NAME,PHONE,EMAIL,BIRTH,GENDER,REG_DATE) values (57,'user0057','$2a$10$FgmS9NEBxDdbUfWjsqiGDesNfltpXEa6u..EQc1Ehh6mO7aBeNccq','이주영','01091072611','user0057@example.com',to_timestamp('08/08/01','DD/MM/RR HH24:MI:SSXFF'),'W',to_timestamp('08/08/24','DD/MM/RR HH24:MI:SSXFF'));
Insert into "OFFICE24"."MEMBER" (NO,ID,PW,NAME,PHONE,EMAIL,BIRTH,GENDER,REG_DATE) values (58,'user0058','$2a$10$FgmS9NEBxDdbUfWjsqiGDesNfltpXEa6u..EQc1Ehh6mO7aBeNccq','박우경','01034530907','user0058@example.com',to_timestamp('08/08/02','DD/MM/RR HH24:MI:SSXFF'),'W',to_timestamp('08/08/24','DD/MM/RR HH24:MI:SSXFF'));
Insert into "OFFICE24"."MEMBER" (NO,ID,PW,NAME,PHONE,EMAIL,BIRTH,GENDER,REG_DATE) values (59,'user0059','$2a$10$FgmS9NEBxDdbUfWjsqiGDesNfltpXEa6u..EQc1Ehh6mO7aBeNccq','조현준','01083200751','user0059@example.com',to_timestamp('08/08/03','DD/MM/RR HH24:MI:SSXFF'),'M',to_timestamp('08/08/24','DD/MM/RR HH24:MI:SSXFF'));
Insert into "OFFICE24"."MEMBER" (NO,ID,PW,NAME,PHONE,EMAIL,BIRTH,GENDER,REG_DATE) values (60,'user0060','$2a$10$FgmS9NEBxDdbUfWjsqiGDesNfltpXEa6u..EQc1Ehh6mO7aBeNccq','최지준','01088414063','user0060@example.com',to_timestamp('08/08/04','DD/MM/RR HH24:MI:SSXFF'),'M',to_timestamp('08/08/24','DD/MM/RR HH24:MI:SSXFF'));
Insert into "OFFICE24"."MEMBER" (NO,ID,PW,NAME,PHONE,EMAIL,BIRTH,GENDER,REG_DATE) values (61,'user0061','$2a$10$FgmS9NEBxDdbUfWjsqiGDesNfltpXEa6u..EQc1Ehh6mO7aBeNccq','임현희','01080067705','user0061@example.com',to_timestamp('08/08/05','DD/MM/RR HH24:MI:SSXFF'),'W',to_timestamp('08/08/24','DD/MM/RR HH24:MI:SSXFF'));
Insert into "OFFICE24"."MEMBER" (NO,ID,PW,NAME,PHONE,EMAIL,BIRTH,GENDER,REG_DATE) values (62,'user0062','$2a$10$FgmS9NEBxDdbUfWjsqiGDesNfltpXEa6u..EQc1Ehh6mO7aBeNccq','최민영','01041817881','user0062@example.com',to_timestamp('08/08/06','DD/MM/RR HH24:MI:SSXFF'),'W',to_timestamp('08/08/24','DD/MM/RR HH24:MI:SSXFF'));
Insert into "OFFICE24"."MEMBER" (NO,ID,PW,NAME,PHONE,EMAIL,BIRTH,GENDER,REG_DATE) values (63,'user0063','$2a$10$FgmS9NEBxDdbUfWjsqiGDesNfltpXEa6u..EQc1Ehh6mO7aBeNccq','김지준','01044002842','user0063@example.com',to_timestamp('08/08/07','DD/MM/RR HH24:MI:SSXFF'),'W',to_timestamp('08/08/24','DD/MM/RR HH24:MI:SSXFF'));
Insert into "OFFICE24"."MEMBER" (NO,ID,PW,NAME,PHONE,EMAIL,BIRTH,GENDER,REG_DATE) values (64,'user0064','$2a$10$FgmS9NEBxDdbUfWjsqiGDesNfltpXEa6u..EQc1Ehh6mO7aBeNccq','윤윤훈','01031934477','user0064@example.com',to_timestamp('08/08/08','DD/MM/RR HH24:MI:SSXFF'),'M',to_timestamp('08/08/24','DD/MM/RR HH24:MI:SSXFF'));
Insert into "OFFICE24"."MEMBER" (NO,ID,PW,NAME,PHONE,EMAIL,BIRTH,GENDER,REG_DATE) values (65,'user0065','$2a$10$FgmS9NEBxDdbUfWjsqiGDesNfltpXEa6u..EQc1Ehh6mO7aBeNccq','장우영','01047478001','user0065@example.com',to_timestamp('08/08/09','DD/MM/RR HH24:MI:SSXFF'),'M',to_timestamp('08/08/24','DD/MM/RR HH24:MI:SSXFF'));
Insert into "OFFICE24"."MEMBER" (NO,ID,PW,NAME,PHONE,EMAIL,BIRTH,GENDER,REG_DATE) values (66,'user0066','$2a$10$FgmS9NEBxDdbUfWjsqiGDesNfltpXEa6u..EQc1Ehh6mO7aBeNccq','최찬희','01066024614','user0066@example.com',to_timestamp('08/08/10','DD/MM/RR HH24:MI:SSXFF'),'W',to_timestamp('08/08/24','DD/MM/RR HH24:MI:SSXFF'));
Insert into "OFFICE24"."MEMBER" (NO,ID,PW,NAME,PHONE,EMAIL,BIRTH,GENDER,REG_DATE) values (67,'user0067','$2a$10$FgmS9NEBxDdbUfWjsqiGDesNfltpXEa6u..EQc1Ehh6mO7aBeNccq','임윤연','01082564504','user0067@example.com',to_timestamp('08/08/11','DD/MM/RR HH24:MI:SSXFF'),'W',to_timestamp('08/08/24','DD/MM/RR HH24:MI:SSXFF'));
Insert into "OFFICE24"."MEMBER" (NO,ID,PW,NAME,PHONE,EMAIL,BIRTH,GENDER,REG_DATE) values (68,'user0068','$2a$10$FgmS9NEBxDdbUfWjsqiGDesNfltpXEa6u..EQc1Ehh6mO7aBeNccq','강찬경','01024880338','user0068@example.com',to_timestamp('08/08/12','DD/MM/RR HH24:MI:SSXFF'),'W',to_timestamp('08/08/24','DD/MM/RR HH24:MI:SSXFF'));
Insert into "OFFICE24"."MEMBER" (NO,ID,PW,NAME,PHONE,EMAIL,BIRTH,GENDER,REG_DATE) values (69,'user0069','$2a$10$FgmS9NEBxDdbUfWjsqiGDesNfltpXEa6u..EQc1Ehh6mO7aBeNccq','이지빈','01043523759','user0069@example.com',to_timestamp('08/08/13','DD/MM/RR HH24:MI:SSXFF'),'W',to_timestamp('08/08/24','DD/MM/RR HH24:MI:SSXFF'));
Insert into "OFFICE24"."MEMBER" (NO,ID,PW,NAME,PHONE,EMAIL,BIRTH,GENDER,REG_DATE) values (70,'user0070','$2a$10$FgmS9NEBxDdbUfWjsqiGDesNfltpXEa6u..EQc1Ehh6mO7aBeNccq','임지준','01084254832','user0070@example.com',to_timestamp('08/08/14','DD/MM/RR HH24:MI:SSXFF'),'M',to_timestamp('08/08/24','DD/MM/RR HH24:MI:SSXFF'));
Insert into "OFFICE24"."MEMBER" (NO,ID,PW,NAME,PHONE,EMAIL,BIRTH,GENDER,REG_DATE) values (71,'user0071','$2a$10$FgmS9NEBxDdbUfWjsqiGDesNfltpXEa6u..EQc1Ehh6mO7aBeNccq','박찬훈','01022191065','user0071@example.com',to_timestamp('08/08/15','DD/MM/RR HH24:MI:SSXFF'),'M',to_timestamp('08/08/24','DD/MM/RR HH24:MI:SSXFF'));
Insert into "OFFICE24"."MEMBER" (NO,ID,PW,NAME,PHONE,EMAIL,BIRTH,GENDER,REG_DATE) values (72,'user0072','$2a$10$FgmS9NEBxDdbUfWjsqiGDesNfltpXEa6u..EQc1Ehh6mO7aBeNccq','정민영','01007149642','user0072@example.com',to_timestamp('08/08/16','DD/MM/RR HH24:MI:SSXFF'),'W',to_timestamp('08/08/24','DD/MM/RR HH24:MI:SSXFF'));
Insert into "OFFICE24"."MEMBER" (NO,ID,PW,NAME,PHONE,EMAIL,BIRTH,GENDER,REG_DATE) values (73,'user0073','$2a$10$FgmS9NEBxDdbUfWjsqiGDesNfltpXEa6u..EQc1Ehh6mO7aBeNccq','최찬호','01003237366','user0073@example.com',to_timestamp('08/08/17','DD/MM/RR HH24:MI:SSXFF'),'M',to_timestamp('08/08/24','DD/MM/RR HH24:MI:SSXFF'));
Insert into "OFFICE24"."MEMBER" (NO,ID,PW,NAME,PHONE,EMAIL,BIRTH,GENDER,REG_DATE) values (74,'user0074','$2a$10$FgmS9NEBxDdbUfWjsqiGDesNfltpXEa6u..EQc1Ehh6mO7aBeNccq','임지빈','01010469963','user0074@example.com',to_timestamp('08/08/18','DD/MM/RR HH24:MI:SSXFF'),'W',to_timestamp('08/08/24','DD/MM/RR HH24:MI:SSXFF'));
Insert into "OFFICE24"."MEMBER" (NO,ID,PW,NAME,PHONE,EMAIL,BIRTH,GENDER,REG_DATE) values (75,'user0075','$2a$10$FgmS9NEBxDdbUfWjsqiGDesNfltpXEa6u..EQc1Ehh6mO7aBeNccq','최민경','01068403306','user0075@example.com',to_timestamp('08/08/19','DD/MM/RR HH24:MI:SSXFF'),'W',to_timestamp('08/08/24','DD/MM/RR HH24:MI:SSXFF'));
Insert into "OFFICE24"."MEMBER" (NO,ID,PW,NAME,PHONE,EMAIL,BIRTH,GENDER,REG_DATE) values (76,'user0076','$2a$10$FgmS9NEBxDdbUfWjsqiGDesNfltpXEa6u..EQc1Ehh6mO7aBeNccq','이찬준','01082673825','user0076@example.com',to_timestamp('08/08/20','DD/MM/RR HH24:MI:SSXFF'),'M',to_timestamp('08/08/24','DD/MM/RR HH24:MI:SSXFF'));
Insert into "OFFICE24"."MEMBER" (NO,ID,PW,NAME,PHONE,EMAIL,BIRTH,GENDER,REG_DATE) values (77,'user0077','$2a$10$FgmS9NEBxDdbUfWjsqiGDesNfltpXEa6u..EQc1Ehh6mO7aBeNccq','박주빈','01061597692','user0077@example.com',to_timestamp('08/08/21','DD/MM/RR HH24:MI:SSXFF'),'W',to_timestamp('08/08/24','DD/MM/RR HH24:MI:SSXFF'));
Insert into "OFFICE24"."MEMBER" (NO,ID,PW,NAME,PHONE,EMAIL,BIRTH,GENDER,REG_DATE) values (78,'user0078','$2a$10$FgmS9NEBxDdbUfWjsqiGDesNfltpXEa6u..EQc1Ehh6mO7aBeNccq','조지희','01032475573','user0078@example.com',to_timestamp('08/08/22','DD/MM/RR HH24:MI:SSXFF'),'W',to_timestamp('08/08/24','DD/MM/RR HH24:MI:SSXFF'));
Insert into "OFFICE24"."MEMBER" (NO,ID,PW,NAME,PHONE,EMAIL,BIRTH,GENDER,REG_DATE) values (79,'user0079','$2a$10$FgmS9NEBxDdbUfWjsqiGDesNfltpXEa6u..EQc1Ehh6mO7aBeNccq','김우경','01067928948','user0079@example.com',to_timestamp('08/08/23','DD/MM/RR HH24:MI:SSXFF'),'W',to_timestamp('08/08/24','DD/MM/RR HH24:MI:SSXFF'));
Insert into "OFFICE24"."MEMBER" (NO,ID,PW,NAME,PHONE,EMAIL,BIRTH,GENDER,REG_DATE) values (80,'user0080','$2a$10$FgmS9NEBxDdbUfWjsqiGDesNfltpXEa6u..EQc1Ehh6mO7aBeNccq','윤지경','01015476635','user0080@example.com',to_timestamp('08/08/24','DD/MM/RR HH24:MI:SSXFF'),'W',to_timestamp('08/08/24','DD/MM/RR HH24:MI:SSXFF'));
Insert into "OFFICE24"."MEMBER" (NO,ID,PW,NAME,PHONE,EMAIL,BIRTH,GENDER,REG_DATE) values (81,'user0081','$2a$10$FgmS9NEBxDdbUfWjsqiGDesNfltpXEa6u..EQc1Ehh6mO7aBeNccq','이윤준','01074777223','user0081@example.com',to_timestamp('08/08/25','DD/MM/RR HH24:MI:SSXFF'),'M',to_timestamp('08/08/24','DD/MM/RR HH24:MI:SSXFF'));
Insert into "OFFICE24"."MEMBER" (NO,ID,PW,NAME,PHONE,EMAIL,BIRTH,GENDER,REG_DATE) values (82,'user0082','$2a$10$FgmS9NEBxDdbUfWjsqiGDesNfltpXEa6u..EQc1Ehh6mO7aBeNccq','강지호','01007257268','user0082@example.com',to_timestamp('08/08/26','DD/MM/RR HH24:MI:SSXFF'),'M',to_timestamp('08/08/24','DD/MM/RR HH24:MI:SSXFF'));
Insert into "OFFICE24"."MEMBER" (NO,ID,PW,NAME,PHONE,EMAIL,BIRTH,GENDER,REG_DATE) values (83,'user0083','$2a$10$FgmS9NEBxDdbUfWjsqiGDesNfltpXEa6u..EQc1Ehh6mO7aBeNccq','강우우','01055519784','user0083@example.com',to_timestamp('08/08/27','DD/MM/RR HH24:MI:SSXFF'),'M',to_timestamp('08/08/24','DD/MM/RR HH24:MI:SSXFF'));
Insert into "OFFICE24"."MEMBER" (NO,ID,PW,NAME,PHONE,EMAIL,BIRTH,GENDER,REG_DATE) values (84,'user0084','$2a$10$FgmS9NEBxDdbUfWjsqiGDesNfltpXEa6u..EQc1Ehh6mO7aBeNccq','최수경','0101234567 ','01005573027',to_timestamp('08/08/28','DD/MM/RR HH24:MI:SSXFF'),'W',to_timestamp('08/08/24','DD/MM/RR HH24:MI:SSXFF'));
Insert into "OFFICE24"."MEMBER" (NO,ID,PW,NAME,PHONE,EMAIL,BIRTH,GENDER,REG_DATE) values (85,'user0085','$2a$10$FgmS9NEBxDdbUfWjsqiGDesNfltpXEa6u..EQc1Ehh6mO7aBeNccq','김현빈','01020404959','user0085@example.com',to_timestamp('08/08/29','DD/MM/RR HH24:MI:SSXFF'),'W',to_timestamp('08/08/24','DD/MM/RR HH24:MI:SSXFF'));
Insert into "OFFICE24"."MEMBER" (NO,ID,PW,NAME,PHONE,EMAIL,BIRTH,GENDER,REG_DATE) values (86,'user0086','$2a$10$FgmS9NEBxDdbUfWjsqiGDesNfltpXEa6u..EQc1Ehh6mO7aBeNccq','이찬빈','01051044266','user0086@example.com',to_timestamp('08/08/30','DD/MM/RR HH24:MI:SSXFF'),'M',to_timestamp('08/08/24','DD/MM/RR HH24:MI:SSXFF'));
Insert into "OFFICE24"."MEMBER" (NO,ID,PW,NAME,PHONE,EMAIL,BIRTH,GENDER,REG_DATE) values (87,'user0087','$2a$10$FgmS9NEBxDdbUfWjsqiGDesNfltpXEa6u..EQc1Ehh6mO7aBeNccq','이우빈','01073354983','user0087@example.com',to_timestamp('08/08/31','DD/MM/RR HH24:MI:SSXFF'),'M',to_timestamp('08/08/24','DD/MM/RR HH24:MI:SSXFF'));
Insert into "OFFICE24"."MEMBER" (NO,ID,PW,NAME,PHONE,EMAIL,BIRTH,GENDER,REG_DATE) values (88,'user0088','$2a$10$FgmS9NEBxDdbUfWjsqiGDesNfltpXEa6u..EQc1Ehh6mO7aBeNccq','이도우','01050484714','user0088@example.com',to_timestamp('08/08/32','DD/MM/RR HH24:MI:SSXFF'),'W',to_timestamp('08/08/24','DD/MM/RR HH24:MI:SSXFF'));
Insert into "OFFICE24"."MEMBER" (NO,ID,PW,NAME,PHONE,EMAIL,BIRTH,GENDER,REG_DATE) values (89,'user0089','$2a$10$FgmS9NEBxDdbUfWjsqiGDesNfltpXEa6u..EQc1Ehh6mO7aBeNccq','강윤빈','01004154369','user0089@example.com',to_timestamp('08/08/33','DD/MM/RR HH24:MI:SSXFF'),'W',to_timestamp('08/08/24','DD/MM/RR HH24:MI:SSXFF'));
Insert into "OFFICE24"."MEMBER" (NO,ID,PW,NAME,PHONE,EMAIL,BIRTH,GENDER,REG_DATE) values (90,'user0090','$2a$10$FgmS9NEBxDdbUfWjsqiGDesNfltpXEa6u..EQc1Ehh6mO7aBeNccq','조민호','01090503149','user0090@example.com',to_timestamp('08/08/34','DD/MM/RR HH24:MI:SSXFF'),'M',to_timestamp('08/08/24','DD/MM/RR HH24:MI:SSXFF'));
Insert into "OFFICE24"."MEMBER" (NO,ID,PW,NAME,PHONE,EMAIL,BIRTH,GENDER,REG_DATE) values (91,'user0091','$2a$10$FgmS9NEBxDdbUfWjsqiGDesNfltpXEa6u..EQc1Ehh6mO7aBeNccq','이윤빈','01061123357','user0091@example.com',to_timestamp('08/08/35','DD/MM/RR HH24:MI:SSXFF'),'W',to_timestamp('08/08/24','DD/MM/RR HH24:MI:SSXFF'));
Insert into "OFFICE24"."MEMBER" (NO,ID,PW,NAME,PHONE,EMAIL,BIRTH,GENDER,REG_DATE) values (92,'user0092','$2a$10$FgmS9NEBxDdbUfWjsqiGDesNfltpXEa6u..EQc1Ehh6mO7aBeNccq','김서준','01079360967','user0092@example.com',to_timestamp('08/08/36','DD/MM/RR HH24:MI:SSXFF'),'M',to_timestamp('08/08/24','DD/MM/RR HH24:MI:SSXFF'));
Insert into "OFFICE24"."MEMBER" (NO,ID,PW,NAME,PHONE,EMAIL,BIRTH,GENDER,REG_DATE) values (93,'user0093','$2a$10$FgmS9NEBxDdbUfWjsqiGDesNfltpXEa6u..EQc1Ehh6mO7aBeNccq','장민희','01050552293','user0093@example.com',to_timestamp('08/08/37','DD/MM/RR HH24:MI:SSXFF'),'W',to_timestamp('08/08/24','DD/MM/RR HH24:MI:SSXFF'));
Insert into "OFFICE24"."MEMBER" (NO,ID,PW,NAME,PHONE,EMAIL,BIRTH,GENDER,REG_DATE) values (94,'user0094','$2a$10$FgmS9NEBxDdbUfWjsqiGDesNfltpXEa6u..EQc1Ehh6mO7aBeNccq','박찬연','01012332267','user0094@example.com',to_timestamp('08/08/38','DD/MM/RR HH24:MI:SSXFF'),'M',to_timestamp('08/08/24','DD/MM/RR HH24:MI:SSXFF'));
Insert into "OFFICE24"."MEMBER" (NO,ID,PW,NAME,PHONE,EMAIL,BIRTH,GENDER,REG_DATE) values (95,'user0095','$2a$10$FgmS9NEBxDdbUfWjsqiGDesNfltpXEa6u..EQc1Ehh6mO7aBeNccq','조주영','01095865610','user0095@example.com',to_timestamp('08/08/39','DD/MM/RR HH24:MI:SSXFF'),'M',to_timestamp('08/08/24','DD/MM/RR HH24:MI:SSXFF'));
Insert into "OFFICE24"."MEMBER" (NO,ID,PW,NAME,PHONE,EMAIL,BIRTH,GENDER,REG_DATE) values (96,'user0096','$2a$10$FgmS9NEBxDdbUfWjsqiGDesNfltpXEa6u..EQc1Ehh6mO7aBeNccq','김수진','01042033883','user0096@example.com',to_timestamp('08/08/40','DD/MM/RR HH24:MI:SSXFF'),'W',to_timestamp('08/08/24','DD/MM/RR HH24:MI:SSXFF'));
Insert into "OFFICE24"."MEMBER" (NO,ID,PW,NAME,PHONE,EMAIL,BIRTH,GENDER,REG_DATE) values (97,'user0097','$2a$10$FgmS9NEBxDdbUfWjsqiGDesNfltpXEa6u..EQc1Ehh6mO7aBeNccq','박도우','01030602262','user0097@example.com',to_timestamp('08/08/41','DD/MM/RR HH24:MI:SSXFF'),'M',to_timestamp('08/08/24','DD/MM/RR HH24:MI:SSXFF'));
Insert into "OFFICE24"."MEMBER" (NO,ID,PW,NAME,PHONE,EMAIL,BIRTH,GENDER,REG_DATE) values (98,'user0098','$2a$10$FgmS9NEBxDdbUfWjsqiGDesNfltpXEa6u..EQc1Ehh6mO7aBeNccq','장찬영','01005643680','user0098@example.com',to_timestamp('08/08/42','DD/MM/RR HH24:MI:SSXFF'),'M',to_timestamp('08/08/24','DD/MM/RR HH24:MI:SSXFF'));
Insert into "OFFICE24"."MEMBER" (NO,ID,PW,NAME,PHONE,EMAIL,BIRTH,GENDER,REG_DATE) values (99,'user0099','$2a$10$FgmS9NEBxDdbUfWjsqiGDesNfltpXEa6u..EQc1Ehh6mO7aBeNccq','김윤영','01053132150','user0099@example.com',to_timestamp('08/08/43','DD/MM/RR HH24:MI:SSXFF'),'W',to_timestamp('08/08/24','DD/MM/RR HH24:MI:SSXFF'));
Insert into "OFFICE24"."MEMBER" (NO,ID,PW,NAME,PHONE,EMAIL,BIRTH,GENDER,REG_DATE) values (100,'user0100','$2a$10$FgmS9NEBxDdbUfWjsqiGDesNfltpXEa6u..EQc1Ehh6mO7aBeNccq','이현영','01055515405','user0100@example.com',to_timestamp('08/08/44','DD/MM/RR HH24:MI:SSXFF'),'W',to_timestamp('08/08/24','DD/MM/RR HH24:MI:SSXFF'));
Insert into "OFFICE24"."MEMBER" (NO,ID,PW,NAME,PHONE,EMAIL,BIRTH,GENDER,REG_DATE) values (101,'test11','$2a$10$.ilHkJzgsvF1b4oGwABDSuSXm0t6HlUGYAieyXyKs8nravKyiJkMm','이지민','01077582132','leejm@naver.com',to_timestamp('22/04/98','DD/MM/RR HH24:MI:SSXFF'),'W',to_timestamp('14/08/24','DD/MM/RR HH24:MI:SSXFF'));
Insert into "OFFICE24"."MANAGER" (NO,ID,PW,NAME,PHONE,EMAIL,REG_DATE) values (102,'manager0001','$2a$10$FgmS9NEBxDdbUfWjsqiGDesNfltpXEa6u..EQc1Ehh6mO7aBeNccq','Manager01','01012345679','manager01@example.com',to_timestamp('15/08/24','DD/MM/RR HH24:MI:SSXFF'));
Insert into "OFFICE24"."MANAGER" (NO,ID,PW,NAME,PHONE,EMAIL,REG_DATE) values (103,'manager0002','$2a$10$FgmS9NEBxDdbUfWjsqiGDesNfltpXEa6u..EQc1Ehh6mO7aBeNccq','Manager02','01012345679','manager02@example.com',to_timestamp('15/08/24','DD/MM/RR HH24:MI:SSXFF'));
Insert into "OFFICE24"."MANAGER" (NO,ID,PW,NAME,PHONE,EMAIL,REG_DATE) values (104,'manager0003','$2a$10$FgmS9NEBxDdbUfWjsqiGDesNfltpXEa6u..EQc1Ehh6mO7aBeNccq','Manager03','01012345679','manager03@example.com',to_timestamp('15/08/24','DD/MM/RR HH24:MI:SSXFF'));
Insert into "OFFICE24"."MANAGER" (NO,ID,PW,NAME,PHONE,EMAIL,REG_DATE) values (105,'manager0004','$2a$10$FgmS9NEBxDdbUfWjsqiGDesNfltpXEa6u..EQc1Ehh6mO7aBeNccq','Manager04','01012345679','manager04@example.com',to_timestamp('15/08/24','DD/MM/RR HH24:MI:SSXFF'));
Insert into "OFFICE24"."MANAGER" (NO,ID,PW,NAME,PHONE,EMAIL,REG_DATE) values (106,'manager0005','$2a$10$FgmS9NEBxDdbUfWjsqiGDesNfltpXEa6u..EQc1Ehh6mO7aBeNccq','Manager05','01012345679','manager05@example.com',to_timestamp('15/08/24','DD/MM/RR HH24:MI:SSXFF'));
Insert into "OFFICE24"."MANAGER" (NO,ID,PW,NAME,PHONE,EMAIL,REG_DATE) values (107,'manager0006','$2a$10$FgmS9NEBxDdbUfWjsqiGDesNfltpXEa6u..EQc1Ehh6mO7aBeNccq','Manager06','01012345679','manager06@example.com',to_timestamp('15/08/24','DD/MM/RR HH24:MI:SSXFF'));
Insert into "OFFICE24"."MANAGER" (NO,ID,PW,NAME,PHONE,EMAIL,REG_DATE) values (108,'manager0007','$2a$10$FgmS9NEBxDdbUfWjsqiGDesNfltpXEa6u..EQc1Ehh6mO7aBeNccq','Manager07','01012345679','manager07@example.com',to_timestamp('15/08/24','DD/MM/RR HH24:MI:SSXFF'));
Insert into "OFFICE24"."MANAGER" (NO,ID,PW,NAME,PHONE,EMAIL,REG_DATE) values (109,'manager0008','$2a$10$FgmS9NEBxDdbUfWjsqiGDesNfltpXEa6u..EQc1Ehh6mO7aBeNccq','Manager08','01012345679','manager08@example.com',to_timestamp('15/08/24','DD/MM/RR HH24:MI:SSXFF'));
Insert into "OFFICE24"."MANAGER" (NO,ID,PW,NAME,PHONE,EMAIL,REG_DATE) values (110,'manager0009','$2a$10$FgmS9NEBxDdbUfWjsqiGDesNfltpXEa6u..EQc1Ehh6mO7aBeNccq','Manager09','01012345679','manager09@example.com',to_timestamp('15/08/24','DD/MM/RR HH24:MI:SSXFF'));
Insert into "OFFICE24"."MANAGER" (NO,ID,PW,NAME,PHONE,EMAIL,REG_DATE) values (111,'manager0010','$2a$10$FgmS9NEBxDdbUfWjsqiGDesNfltpXEa6u..EQc1Ehh6mO7aBeNccq','Manager10','01012345679','manager10@example.com',to_timestamp('15/08/24','DD/MM/RR HH24:MI:SSXFF'));
Insert into "OFFICE24"."MANAGER" (NO,ID,PW,NAME,PHONE,EMAIL,REG_DATE) values (112,'manager0011','$2a$10$FgmS9NEBxDdbUfWjsqiGDesNfltpXEa6u..EQc1Ehh6mO7aBeNccq','Manager11','01012345679','manager11@example.com',to_timestamp('15/08/24','DD/MM/RR HH24:MI:SSXFF'));
Insert into "OFFICE24"."MANAGER" (NO,ID,PW,NAME,PHONE,EMAIL,REG_DATE) values (113,'manager0012','$2a$10$FgmS9NEBxDdbUfWjsqiGDesNfltpXEa6u..EQc1Ehh6mO7aBeNccq','Manager12','01012345679','manager12@example.com',to_timestamp('15/08/24','DD/MM/RR HH24:MI:SSXFF'));
Insert into "OFFICE24"."MANAGER" (NO,ID,PW,NAME,PHONE,EMAIL,REG_DATE) values (114,'manager0013','$2a$10$FgmS9NEBxDdbUfWjsqiGDesNfltpXEa6u..EQc1Ehh6mO7aBeNccq','Manager13','01012345679','manager13@example.com',to_timestamp('15/08/24','DD/MM/RR HH24:MI:SSXFF'));
Insert into "OFFICE24"."MANAGER" (NO,ID,PW,NAME,PHONE,EMAIL,REG_DATE) values (115,'manager0014','$2a$10$FgmS9NEBxDdbUfWjsqiGDesNfltpXEa6u..EQc1Ehh6mO7aBeNccq','Manager14','01012345679','manager14@example.com',to_timestamp('15/08/24','DD/MM/RR HH24:MI:SSXFF'));
Insert into "OFFICE24"."MANAGER" (NO,ID,PW,NAME,PHONE,EMAIL,REG_DATE) values (116,'manager0015','$2a$10$FgmS9NEBxDdbUfWjsqiGDesNfltpXEa6u..EQc1Ehh6mO7aBeNccq','Manager15','01012345679','manager15@example.com',to_timestamp('15/08/24','DD/MM/RR HH24:MI:SSXFF'));
Insert into "OFFICE24"."MANAGER" (NO,ID,PW,NAME,PHONE,EMAIL,REG_DATE) values (117,'manager0016','$2a$10$FgmS9NEBxDdbUfWjsqiGDesNfltpXEa6u..EQc1Ehh6mO7aBeNccq','Manager16','01012345679','manager16@example.com',to_timestamp('15/08/24','DD/MM/RR HH24:MI:SSXFF'));
Insert into "OFFICE24"."MANAGER" (NO,ID,PW,NAME,PHONE,EMAIL,REG_DATE) values (118,'manager0017','$2a$10$FgmS9NEBxDdbUfWjsqiGDesNfltpXEa6u..EQc1Ehh6mO7aBeNccq','Manager17','01012345679','manager17@example.com',to_timestamp('15/08/24','DD/MM/RR HH24:MI:SSXFF'));
Insert into "OFFICE24"."MANAGER" (NO,ID,PW,NAME,PHONE,EMAIL,REG_DATE) values (119,'manager0018','$2a$10$FgmS9NEBxDdbUfWjsqiGDesNfltpXEa6u..EQc1Ehh6mO7aBeNccq','Manager18','01012345679','manager18@example.com',to_timestamp('15/08/24','DD/MM/RR HH24:MI:SSXFF'));
Insert into "OFFICE24"."MANAGER" (NO,ID,PW,NAME,PHONE,EMAIL,REG_DATE) values (120,'manager0019','$2a$10$FgmS9NEBxDdbUfWjsqiGDesNfltpXEa6u..EQc1Ehh6mO7aBeNccq','Manager19','01012345679','manager19@example.com',to_timestamp('15/08/24','DD/MM/RR HH24:MI:SSXFF'));
Insert into "OFFICE24"."MANAGER" (NO,ID,PW,NAME,PHONE,EMAIL,REG_DATE) values (121,'manager0020','$2a$10$FgmS9NEBxDdbUfWjsqiGDesNfltpXEa6u..EQc1Ehh6mO7aBeNccq','Manager20','01012345679','manager20@example.com',to_timestamp('15/08/24','DD/MM/RR HH24:MI:SSXFF'));
Insert into "OFFICE24"."MANAGER" (NO,ID,PW,NAME,PHONE,EMAIL,REG_DATE) values (122,'manager0021','$2a$10$FgmS9NEBxDdbUfWjsqiGDesNfltpXEa6u..EQc1Ehh6mO7aBeNccq','Manager21','01012345679','manager21@example.com',to_timestamp('15/08/24','DD/MM/RR HH24:MI:SSXFF'));
Insert into "OFFICE24"."MANAGER" (NO,ID,PW,NAME,PHONE,EMAIL,REG_DATE) values (123,'manager0022','$2a$10$FgmS9NEBxDdbUfWjsqiGDesNfltpXEa6u..EQc1Ehh6mO7aBeNccq','Manager22','01012345679','manager22@example.com',to_timestamp('15/08/24','DD/MM/RR HH24:MI:SSXFF'));
Insert into "OFFICE24"."MANAGER" (NO,ID,PW,NAME,PHONE,EMAIL,REG_DATE) values (124,'manager0023','$2a$10$FgmS9NEBxDdbUfWjsqiGDesNfltpXEa6u..EQc1Ehh6mO7aBeNccq','Manager23','01012345679','manager23@example.com',to_timestamp('15/08/24','DD/MM/RR HH24:MI:SSXFF'));
Insert into "OFFICE24"."MANAGER" (NO,ID,PW,NAME,PHONE,EMAIL,REG_DATE) values (125,'manager0024','$2a$10$FgmS9NEBxDdbUfWjsqiGDesNfltpXEa6u..EQc1Ehh6mO7aBeNccq','Manager24','01012345679','manager24@example.com',to_timestamp('15/08/24','DD/MM/RR HH24:MI:SSXFF'));
Insert into "OFFICE24"."MANAGER" (NO,ID,PW,NAME,PHONE,EMAIL,REG_DATE) values (126,'manager0025','$2a$10$FgmS9NEBxDdbUfWjsqiGDesNfltpXEa6u..EQc1Ehh6mO7aBeNccq','Manager25','01012345679','manager25@example.com',to_timestamp('15/08/24','DD/MM/RR HH24:MI:SSXFF'));
Insert into "OFFICE24"."MANAGER" (NO,ID,PW,NAME,PHONE,EMAIL,REG_DATE) values (127,'manager0026','$2a$10$FgmS9NEBxDdbUfWjsqiGDesNfltpXEa6u..EQc1Ehh6mO7aBeNccq','Manager26','01012345679','manager26@example.com',to_timestamp('15/08/24','DD/MM/RR HH24:MI:SSXFF'));
Insert into "OFFICE24"."MANAGER" (NO,ID,PW,NAME,PHONE,EMAIL,REG_DATE) values (128,'manager0027','$2a$10$FgmS9NEBxDdbUfWjsqiGDesNfltpXEa6u..EQc1Ehh6mO7aBeNccq','Manager27','01012345679','manager27@example.com',to_timestamp('15/08/24','DD/MM/RR HH24:MI:SSXFF'));
Insert into "OFFICE24"."MANAGER" (NO,ID,PW,NAME,PHONE,EMAIL,REG_DATE) values (129,'manager0028','$2a$10$FgmS9NEBxDdbUfWjsqiGDesNfltpXEa6u..EQc1Ehh6mO7aBeNccq','Manager28','01012345679','manager28@example.com',to_timestamp('15/08/24','DD/MM/RR HH24:MI:SSXFF'));
Insert into "OFFICE24"."MANAGER" (NO,ID,PW,NAME,PHONE,EMAIL,REG_DATE) values (130,'manager0029','$2a$10$FgmS9NEBxDdbUfWjsqiGDesNfltpXEa6u..EQc1Ehh6mO7aBeNccq','Manager29','01012345679','manager29@example.com',to_timestamp('15/08/24','DD/MM/RR HH24:MI:SSXFF'));
Insert into "OFFICE24"."MANAGER" (NO,ID,PW,NAME,PHONE,EMAIL,REG_DATE) values (131,'manager0030','$2a$10$FgmS9NEBxDdbUfWjsqiGDesNfltpXEa6u..EQc1Ehh6mO7aBeNccq','Manager30','01012345679','manager30@example.com',to_timestamp('15/08/24','DD/MM/RR HH24:MI:SSXFF'));
Insert into "OFFICE24"."MANAGER" (NO,ID,PW,NAME,PHONE,EMAIL,REG_DATE) values (1,'manager001','$2a$10$EmR2bMhGZaH268rLlgRCbeau1xNM5jonWsJEUCQmsnvnhfRZNBBDa','이석진','01077582132','sukjin@naver.com',to_timestamp('08/08/24','DD/MM/RR HH24:MI:SSXFF'));
Insert into "OFFICE24"."MANAGER" (NO,ID,PW,NAME,PHONE,EMAIL,REG_DATE) values (2,'manager002','$2a$10$FgmS9NEBxDdbUfWjsqiGDesNfltpXEa6u..EQc1Ehh6mO7aBeNccq','Manager02','0101234567 ','manager02@example.com',to_timestamp('08/08/24','DD/MM/RR HH24:MI:SSXFF'));
Insert into "OFFICE24"."MANAGER" (NO,ID,PW,NAME,PHONE,EMAIL,REG_DATE) values (3,'manager003','$2a$10$FgmS9NEBxDdbUfWjsqiGDesNfltpXEa6u..EQc1Ehh6mO7aBeNccq','Manager03','0101234567 ','manager03@example.com',to_timestamp('08/08/24','DD/MM/RR HH24:MI:SSXFF'));
Insert into "OFFICE24"."MANAGER" (NO,ID,PW,NAME,PHONE,EMAIL,REG_DATE) values (4,'manager004','$2a$10$FgmS9NEBxDdbUfWjsqiGDesNfltpXEa6u..EQc1Ehh6mO7aBeNccq','Manager04','0101234567 ','manager04@example.com',to_timestamp('08/08/24','DD/MM/RR HH24:MI:SSXFF'));
Insert into "OFFICE24"."MANAGER" (NO,ID,PW,NAME,PHONE,EMAIL,REG_DATE) values (5,'manager005','$2a$10$FgmS9NEBxDdbUfWjsqiGDesNfltpXEa6u..EQc1Ehh6mO7aBeNccq','Manager05','0101234567 ','manager05@example.com',to_timestamp('08/08/24','DD/MM/RR HH24:MI:SSXFF'));
Insert into "OFFICE24"."MANAGER" (NO,ID,PW,NAME,PHONE,EMAIL,REG_DATE) values (6,'manager006','$2a$10$FgmS9NEBxDdbUfWjsqiGDesNfltpXEa6u..EQc1Ehh6mO7aBeNccq','Manager06','0101234567 ','manager06@example.com',to_timestamp('08/08/24','DD/MM/RR HH24:MI:SSXFF'));
Insert into "OFFICE24"."MANAGER" (NO,ID,PW,NAME,PHONE,EMAIL,REG_DATE) values (7,'manager007','$2a$10$FgmS9NEBxDdbUfWjsqiGDesNfltpXEa6u..EQc1Ehh6mO7aBeNccq','Manager07','0101234567 ','manager07@example.com',to_timestamp('08/08/24','DD/MM/RR HH24:MI:SSXFF'));
Insert into "OFFICE24"."MANAGER" (NO,ID,PW,NAME,PHONE,EMAIL,REG_DATE) values (8,'manager008','$2a$10$FgmS9NEBxDdbUfWjsqiGDesNfltpXEa6u..EQc1Ehh6mO7aBeNccq','Manager08','0101234567 ','manager08@example.com',to_timestamp('08/08/24','DD/MM/RR HH24:MI:SSXFF'));
Insert into "OFFICE24"."MANAGER" (NO,ID,PW,NAME,PHONE,EMAIL,REG_DATE) values (9,'manager009','$2a$10$FgmS9NEBxDdbUfWjsqiGDesNfltpXEa6u..EQc1Ehh6mO7aBeNccq','Manager09','0101234567 ','manager09@example.com',to_timestamp('08/08/24','DD/MM/RR HH24:MI:SSXFF'));
Insert into "OFFICE24"."MANAGER" (NO,ID,PW,NAME,PHONE,EMAIL,REG_DATE) values (10,'manager010','$2a$10$FgmS9NEBxDdbUfWjsqiGDesNfltpXEa6u..EQc1Ehh6mO7aBeNccq','Manager10','0101234567 ','manager10@example.com',to_timestamp('08/08/24','DD/MM/RR HH24:MI:SSXFF'));
Insert into "OFFICE24"."MANAGER" (NO,ID,PW,NAME,PHONE,EMAIL,REG_DATE) values (11,'manager011','$2a$10$FgmS9NEBxDdbUfWjsqiGDesNfltpXEa6u..EQc1Ehh6mO7aBeNccq','Manager11','0101234567 ','manager11@example.com',to_timestamp('08/08/24','DD/MM/RR HH24:MI:SSXFF'));
Insert into "OFFICE24"."MANAGER" (NO,ID,PW,NAME,PHONE,EMAIL,REG_DATE) values (12,'manager012','$2a$10$FgmS9NEBxDdbUfWjsqiGDesNfltpXEa6u..EQc1Ehh6mO7aBeNccq','Manager12','0101234567 ','manager12@example.com',to_timestamp('08/08/24','DD/MM/RR HH24:MI:SSXFF'));
Insert into "OFFICE24"."MANAGER" (NO,ID,PW,NAME,PHONE,EMAIL,REG_DATE) values (13,'manager013','$2a$10$FgmS9NEBxDdbUfWjsqiGDesNfltpXEa6u..EQc1Ehh6mO7aBeNccq','Manager13','0101234567 ','manager13@example.com',to_timestamp('08/08/24','DD/MM/RR HH24:MI:SSXFF'));
Insert into "OFFICE24"."MANAGER" (NO,ID,PW,NAME,PHONE,EMAIL,REG_DATE) values (14,'manager014','$2a$10$FgmS9NEBxDdbUfWjsqiGDesNfltpXEa6u..EQc1Ehh6mO7aBeNccq','Manager14','0101234567 ','manager14@example.com',to_timestamp('08/08/24','DD/MM/RR HH24:MI:SSXFF'));
Insert into "OFFICE24"."MANAGER" (NO,ID,PW,NAME,PHONE,EMAIL,REG_DATE) values (15,'manager015','$2a$10$FgmS9NEBxDdbUfWjsqiGDesNfltpXEa6u..EQc1Ehh6mO7aBeNccq','Manager15','0101234567 ','manager15@example.com',to_timestamp('08/08/24','DD/MM/RR HH24:MI:SSXFF'));
Insert into "OFFICE24"."MANAGER" (NO,ID,PW,NAME,PHONE,EMAIL,REG_DATE) values (16,'manager016','$2a$10$FgmS9NEBxDdbUfWjsqiGDesNfltpXEa6u..EQc1Ehh6mO7aBeNccq','Manager16','0101234567 ','manager16@example.com',to_timestamp('08/08/24','DD/MM/RR HH24:MI:SSXFF'));
Insert into "OFFICE24"."MANAGER" (NO,ID,PW,NAME,PHONE,EMAIL,REG_DATE) values (17,'manager017','$2a$10$FgmS9NEBxDdbUfWjsqiGDesNfltpXEa6u..EQc1Ehh6mO7aBeNccq','Manager17','0101234567 ','manager17@example.com',to_timestamp('08/08/24','DD/MM/RR HH24:MI:SSXFF'));
Insert into "OFFICE24"."MANAGER" (NO,ID,PW,NAME,PHONE,EMAIL,REG_DATE) values (18,'manager018','$2a$10$FgmS9NEBxDdbUfWjsqiGDesNfltpXEa6u..EQc1Ehh6mO7aBeNccq','Manager18','0101234567 ','manager18@example.com',to_timestamp('08/08/24','DD/MM/RR HH24:MI:SSXFF'));
Insert into "OFFICE24"."MANAGER" (NO,ID,PW,NAME,PHONE,EMAIL,REG_DATE) values (19,'manager019','$2a$10$FgmS9NEBxDdbUfWjsqiGDesNfltpXEa6u..EQc1Ehh6mO7aBeNccq','Manager19','0101234567 ','manager19@example.com',to_timestamp('08/08/24','DD/MM/RR HH24:MI:SSXFF'));
Insert into "OFFICE24"."MANAGER" (NO,ID,PW,NAME,PHONE,EMAIL,REG_DATE) values (20,'manager020','$2a$10$FgmS9NEBxDdbUfWjsqiGDesNfltpXEa6u..EQc1Ehh6mO7aBeNccq','Manager20','0101234567 ','manager20@example.com',to_timestamp('08/08/24','DD/MM/RR HH24:MI:SSXFF'));
Insert into "OFFICE24"."MANAGER" (NO,ID,PW,NAME,PHONE,EMAIL,REG_DATE) values (21,'manager021','$2a$10$FgmS9NEBxDdbUfWjsqiGDesNfltpXEa6u..EQc1Ehh6mO7aBeNccq','Manager21','0101234567 ','manager21@example.com',to_timestamp('08/08/24','DD/MM/RR HH24:MI:SSXFF'));
Insert into "OFFICE24"."MANAGER" (NO,ID,PW,NAME,PHONE,EMAIL,REG_DATE) values (22,'manager022','$2a$10$FgmS9NEBxDdbUfWjsqiGDesNfltpXEa6u..EQc1Ehh6mO7aBeNccq','Manager22','0101234567 ','manager22@example.com',to_timestamp('08/08/24','DD/MM/RR HH24:MI:SSXFF'));
Insert into "OFFICE24"."MANAGER" (NO,ID,PW,NAME,PHONE,EMAIL,REG_DATE) values (23,'manager023','$2a$10$FgmS9NEBxDdbUfWjsqiGDesNfltpXEa6u..EQc1Ehh6mO7aBeNccq','Manager23','0101234567 ','manager23@example.com',to_timestamp('08/08/24','DD/MM/RR HH24:MI:SSXFF'));
Insert into "OFFICE24"."MANAGER" (NO,ID,PW,NAME,PHONE,EMAIL,REG_DATE) values (24,'manager024','$2a$10$FgmS9NEBxDdbUfWjsqiGDesNfltpXEa6u..EQc1Ehh6mO7aBeNccq','Manager24','0101234567 ','manager24@example.com',to_timestamp('08/08/24','DD/MM/RR HH24:MI:SSXFF'));
Insert into "OFFICE24"."MANAGER" (NO,ID,PW,NAME,PHONE,EMAIL,REG_DATE) values (25,'manager025','$2a$10$FgmS9NEBxDdbUfWjsqiGDesNfltpXEa6u..EQc1Ehh6mO7aBeNccq','Manager25','0101234567 ','manager25@example.com',to_timestamp('08/08/24','DD/MM/RR HH24:MI:SSXFF'));
Insert into "OFFICE24"."MANAGER" (NO,ID,PW,NAME,PHONE,EMAIL,REG_DATE) values (26,'manager026','$2a$10$FgmS9NEBxDdbUfWjsqiGDesNfltpXEa6u..EQc1Ehh6mO7aBeNccq','Manager26','0101234567 ','manager26@example.com',to_timestamp('08/08/24','DD/MM/RR HH24:MI:SSXFF'));
Insert into "OFFICE24"."MANAGER" (NO,ID,PW,NAME,PHONE,EMAIL,REG_DATE) values (27,'manager027','$2a$10$FgmS9NEBxDdbUfWjsqiGDesNfltpXEa6u..EQc1Ehh6mO7aBeNccq','Manager27','0101234567 ','manager27@example.com',to_timestamp('08/08/24','DD/MM/RR HH24:MI:SSXFF'));
Insert into "OFFICE24"."MANAGER" (NO,ID,PW,NAME,PHONE,EMAIL,REG_DATE) values (28,'manager028','$2a$10$FgmS9NEBxDdbUfWjsqiGDesNfltpXEa6u..EQc1Ehh6mO7aBeNccq','Manager28','0101234567 ','manager28@example.com',to_timestamp('08/08/24','DD/MM/RR HH24:MI:SSXFF'));
Insert into "OFFICE24"."MANAGER" (NO,ID,PW,NAME,PHONE,EMAIL,REG_DATE) values (29,'manager029','$2a$10$FgmS9NEBxDdbUfWjsqiGDesNfltpXEa6u..EQc1Ehh6mO7aBeNccq','Manager29','0101234567 ','manager29@example.com',to_timestamp('08/08/24','DD/MM/RR HH24:MI:SSXFF'));
Insert into "OFFICE24"."MANAGER" (NO,ID,PW,NAME,PHONE,EMAIL,REG_DATE) values (30,'manager030','$2a$10$FgmS9NEBxDdbUfWjsqiGDesNfltpXEa6u..EQc1Ehh6mO7aBeNccq','Manager30','0101234567 ','manager30@example.com',to_timestamp('08/08/24','DD/MM/RR HH24:MI:SSXFF'));
Insert into "OFFICE24"."MANAGER" (NO,ID,PW,NAME,PHONE,EMAIL,REG_DATE) values (31,'manager031','$2a$10$FgmS9NEBxDdbUfWjsqiGDesNfltpXEa6u..EQc1Ehh6mO7aBeNccq','Manager31','0101234567 ','manager31@example.com',to_timestamp('08/08/24','DD/MM/RR HH24:MI:SSXFF'));
Insert into "OFFICE24"."MANAGER" (NO,ID,PW,NAME,PHONE,EMAIL,REG_DATE) values (32,'manager032','$2a$10$FgmS9NEBxDdbUfWjsqiGDesNfltpXEa6u..EQc1Ehh6mO7aBeNccq','Manager32','0101234567 ','manager32@example.com',to_timestamp('08/08/24','DD/MM/RR HH24:MI:SSXFF'));
Insert into "OFFICE24"."MANAGER" (NO,ID,PW,NAME,PHONE,EMAIL,REG_DATE) values (33,'manager033','$2a$10$FgmS9NEBxDdbUfWjsqiGDesNfltpXEa6u..EQc1Ehh6mO7aBeNccq','김도연','01012345677','manager33@example.com',to_timestamp('08/08/24','DD/MM/RR HH24:MI:SSXFF'));
Insert into "OFFICE24"."MANAGER" (NO,ID,PW,NAME,PHONE,EMAIL,REG_DATE) values (34,'manager034','$2a$10$FgmS9NEBxDdbUfWjsqiGDesNfltpXEa6u..EQc1Ehh6mO7aBeNccq','Manager34','0101234567 ','manager34@example.com',to_timestamp('08/08/24','DD/MM/RR HH24:MI:SSXFF'));
Insert into "OFFICE24"."MANAGER" (NO,ID,PW,NAME,PHONE,EMAIL,REG_DATE) values (35,'manager035','$2a$10$FgmS9NEBxDdbUfWjsqiGDesNfltpXEa6u..EQc1Ehh6mO7aBeNccq','Manager35','0101234567 ','manager35@example.com',to_timestamp('08/08/24','DD/MM/RR HH24:MI:SSXFF'));
Insert into "OFFICE24"."MANAGER" (NO,ID,PW,NAME,PHONE,EMAIL,REG_DATE) values (36,'manager036','$2a$10$FgmS9NEBxDdbUfWjsqiGDesNfltpXEa6u..EQc1Ehh6mO7aBeNccq','Manager36','0101234567 ','manager36@example.com',to_timestamp('08/08/24','DD/MM/RR HH24:MI:SSXFF'));
Insert into "OFFICE24"."MANAGER" (NO,ID,PW,NAME,PHONE,EMAIL,REG_DATE) values (37,'manager037','$2a$10$FgmS9NEBxDdbUfWjsqiGDesNfltpXEa6u..EQc1Ehh6mO7aBeNccq','Manager37','0101234567 ','manager37@example.com',to_timestamp('08/08/24','DD/MM/RR HH24:MI:SSXFF'));
Insert into "OFFICE24"."MANAGER" (NO,ID,PW,NAME,PHONE,EMAIL,REG_DATE) values (38,'manager038','$2a$10$FgmS9NEBxDdbUfWjsqiGDesNfltpXEa6u..EQc1Ehh6mO7aBeNccq','Manager38','0101234567 ','manager38@example.com',to_timestamp('08/08/24','DD/MM/RR HH24:MI:SSXFF'));
Insert into "OFFICE24"."MANAGER" (NO,ID,PW,NAME,PHONE,EMAIL,REG_DATE) values (39,'manager039','$2a$10$FgmS9NEBxDdbUfWjsqiGDesNfltpXEa6u..EQc1Ehh6mO7aBeNccq','Manager39','0101234567 ','manager39@example.com',to_timestamp('08/08/24','DD/MM/RR HH24:MI:SSXFF'));
Insert into "OFFICE24"."MANAGER" (NO,ID,PW,NAME,PHONE,EMAIL,REG_DATE) values (40,'manager040','$2a$10$FgmS9NEBxDdbUfWjsqiGDesNfltpXEa6u..EQc1Ehh6mO7aBeNccq','Manager40','0101234567 ','manager40@example.com',to_timestamp('08/08/24','DD/MM/RR HH24:MI:SSXFF'));
Insert into "OFFICE24"."MANAGER" (NO,ID,PW,NAME,PHONE,EMAIL,REG_DATE) values (41,'manager041','$2a$10$FgmS9NEBxDdbUfWjsqiGDesNfltpXEa6u..EQc1Ehh6mO7aBeNccq','Manager41','0101234567 ','manager41@example.com',to_timestamp('08/08/24','DD/MM/RR HH24:MI:SSXFF'));
Insert into "OFFICE24"."MANAGER" (NO,ID,PW,NAME,PHONE,EMAIL,REG_DATE) values (42,'manager042','$2a$10$FgmS9NEBxDdbUfWjsqiGDesNfltpXEa6u..EQc1Ehh6mO7aBeNccq','Manager42','0101234567 ','manager42@example.com',to_timestamp('08/08/24','DD/MM/RR HH24:MI:SSXFF'));
Insert into "OFFICE24"."MANAGER" (NO,ID,PW,NAME,PHONE,EMAIL,REG_DATE) values (43,'manager043','$2a$10$FgmS9NEBxDdbUfWjsqiGDesNfltpXEa6u..EQc1Ehh6mO7aBeNccq','Manager43','0101234567 ','manager43@example.com',to_timestamp('08/08/24','DD/MM/RR HH24:MI:SSXFF'));
Insert into "OFFICE24"."MANAGER" (NO,ID,PW,NAME,PHONE,EMAIL,REG_DATE) values (44,'manager044','$2a$10$FgmS9NEBxDdbUfWjsqiGDesNfltpXEa6u..EQc1Ehh6mO7aBeNccq','Manager44','0101234567 ','manager44@example.com',to_timestamp('08/08/24','DD/MM/RR HH24:MI:SSXFF'));
Insert into "OFFICE24"."MANAGER" (NO,ID,PW,NAME,PHONE,EMAIL,REG_DATE) values (45,'manager045','$2a$10$FgmS9NEBxDdbUfWjsqiGDesNfltpXEa6u..EQc1Ehh6mO7aBeNccq','Manager45','0101234567 ','manager45@example.com',to_timestamp('08/08/24','DD/MM/RR HH24:MI:SSXFF'));
Insert into "OFFICE24"."MANAGER" (NO,ID,PW,NAME,PHONE,EMAIL,REG_DATE) values (46,'manager046','$2a$10$FgmS9NEBxDdbUfWjsqiGDesNfltpXEa6u..EQc1Ehh6mO7aBeNccq','Manager46','0101234567 ','manager46@example.com',to_timestamp('08/08/24','DD/MM/RR HH24:MI:SSXFF'));
Insert into "OFFICE24"."MANAGER" (NO,ID,PW,NAME,PHONE,EMAIL,REG_DATE) values (47,'manager047','$2a$10$FgmS9NEBxDdbUfWjsqiGDesNfltpXEa6u..EQc1Ehh6mO7aBeNccq','Manager47','0101234567 ','manager47@example.com',to_timestamp('08/08/24','DD/MM/RR HH24:MI:SSXFF'));
Insert into "OFFICE24"."MANAGER" (NO,ID,PW,NAME,PHONE,EMAIL,REG_DATE) values (48,'manager048','$2a$10$FgmS9NEBxDdbUfWjsqiGDesNfltpXEa6u..EQc1Ehh6mO7aBeNccq','Manager48','0101234567 ','manager48@example.com',to_timestamp('08/08/24','DD/MM/RR HH24:MI:SSXFF'));
Insert into "OFFICE24"."MANAGER" (NO,ID,PW,NAME,PHONE,EMAIL,REG_DATE) values (49,'manager049','$2a$10$FgmS9NEBxDdbUfWjsqiGDesNfltpXEa6u..EQc1Ehh6mO7aBeNccq','Manager49','0101234567 ','manager49@example.com',to_timestamp('08/08/24','DD/MM/RR HH24:MI:SSXFF'));
Insert into "OFFICE24"."MANAGER" (NO,ID,PW,NAME,PHONE,EMAIL,REG_DATE) values (50,'manager050','$2a$10$FgmS9NEBxDdbUfWjsqiGDesNfltpXEa6u..EQc1Ehh6mO7aBeNccq','Manager50','0101234567 ','manager50@example.com',to_timestamp('08/08/24','DD/MM/RR HH24:MI:SSXFF'));
Insert into "OFFICE24"."MANAGER" (NO,ID,PW,NAME,PHONE,EMAIL,REG_DATE) values (51,'manager051','$2a$10$FgmS9NEBxDdbUfWjsqiGDesNfltpXEa6u..EQc1Ehh6mO7aBeNccq','Manager51','0101234567 ','manager51@example.com',to_timestamp('08/08/24','DD/MM/RR HH24:MI:SSXFF'));
Insert into "OFFICE24"."MANAGER" (NO,ID,PW,NAME,PHONE,EMAIL,REG_DATE) values (52,'manager052','$2a$10$FgmS9NEBxDdbUfWjsqiGDesNfltpXEa6u..EQc1Ehh6mO7aBeNccq','Manager52','0101234567 ','manager52@example.com',to_timestamp('08/08/24','DD/MM/RR HH24:MI:SSXFF'));
Insert into "OFFICE24"."MANAGER" (NO,ID,PW,NAME,PHONE,EMAIL,REG_DATE) values (53,'manager053','$2a$10$FgmS9NEBxDdbUfWjsqiGDesNfltpXEa6u..EQc1Ehh6mO7aBeNccq','Manager53','0101234567 ','manager53@example.com',to_timestamp('08/08/24','DD/MM/RR HH24:MI:SSXFF'));
Insert into "OFFICE24"."MANAGER" (NO,ID,PW,NAME,PHONE,EMAIL,REG_DATE) values (54,'manager054','$2a$10$FgmS9NEBxDdbUfWjsqiGDesNfltpXEa6u..EQc1Ehh6mO7aBeNccq','Manager54','0101234567 ','manager54@example.com',to_timestamp('08/08/24','DD/MM/RR HH24:MI:SSXFF'));
Insert into "OFFICE24"."MANAGER" (NO,ID,PW,NAME,PHONE,EMAIL,REG_DATE) values (55,'manager055','$2a$10$FgmS9NEBxDdbUfWjsqiGDesNfltpXEa6u..EQc1Ehh6mO7aBeNccq','Manager55','0101234567 ','manager55@example.com',to_timestamp('08/08/24','DD/MM/RR HH24:MI:SSXFF'));
Insert into "OFFICE24"."MANAGER" (NO,ID,PW,NAME,PHONE,EMAIL,REG_DATE) values (56,'manager056','$2a$10$FgmS9NEBxDdbUfWjsqiGDesNfltpXEa6u..EQc1Ehh6mO7aBeNccq','Manager56','0101234567 ','manager56@example.com',to_timestamp('08/08/24','DD/MM/RR HH24:MI:SSXFF'));
Insert into "OFFICE24"."MANAGER" (NO,ID,PW,NAME,PHONE,EMAIL,REG_DATE) values (57,'manager057','$2a$10$FgmS9NEBxDdbUfWjsqiGDesNfltpXEa6u..EQc1Ehh6mO7aBeNccq','Manager57','0101234567 ','manager57@example.com',to_timestamp('08/08/24','DD/MM/RR HH24:MI:SSXFF'));
Insert into "OFFICE24"."MANAGER" (NO,ID,PW,NAME,PHONE,EMAIL,REG_DATE) values (58,'manager058','$2a$10$FgmS9NEBxDdbUfWjsqiGDesNfltpXEa6u..EQc1Ehh6mO7aBeNccq','Manager58','0101234567 ','manager58@example.com',to_timestamp('08/08/24','DD/MM/RR HH24:MI:SSXFF'));
Insert into "OFFICE24"."MANAGER" (NO,ID,PW,NAME,PHONE,EMAIL,REG_DATE) values (59,'manager059','$2a$10$FgmS9NEBxDdbUfWjsqiGDesNfltpXEa6u..EQc1Ehh6mO7aBeNccq','Manager59','0101234567 ','manager59@example.com',to_timestamp('08/08/24','DD/MM/RR HH24:MI:SSXFF'));
Insert into "OFFICE24"."MANAGER" (NO,ID,PW,NAME,PHONE,EMAIL,REG_DATE) values (60,'manager060','$2a$10$FgmS9NEBxDdbUfWjsqiGDesNfltpXEa6u..EQc1Ehh6mO7aBeNccq','Manager60','0101234567 ','manager60@example.com',to_timestamp('08/08/24','DD/MM/RR HH24:MI:SSXFF'));
Insert into "OFFICE24"."MANAGER" (NO,ID,PW,NAME,PHONE,EMAIL,REG_DATE) values (61,'manager061','$2a$10$FgmS9NEBxDdbUfWjsqiGDesNfltpXEa6u..EQc1Ehh6mO7aBeNccq','Manager61','0101234567 ','manager61@example.com',to_timestamp('08/08/24','DD/MM/RR HH24:MI:SSXFF'));
Insert into "OFFICE24"."MANAGER" (NO,ID,PW,NAME,PHONE,EMAIL,REG_DATE) values (62,'manager062','$2a$10$FgmS9NEBxDdbUfWjsqiGDesNfltpXEa6u..EQc1Ehh6mO7aBeNccq','Manager62','0101234567 ','manager62@example.com',to_timestamp('08/08/24','DD/MM/RR HH24:MI:SSXFF'));
Insert into "OFFICE24"."MANAGER" (NO,ID,PW,NAME,PHONE,EMAIL,REG_DATE) values (63,'manager063','$2a$10$FgmS9NEBxDdbUfWjsqiGDesNfltpXEa6u..EQc1Ehh6mO7aBeNccq','Manager63','0101234567 ','manager63@example.com',to_timestamp('08/08/24','DD/MM/RR HH24:MI:SSXFF'));
Insert into "OFFICE24"."MANAGER" (NO,ID,PW,NAME,PHONE,EMAIL,REG_DATE) values (64,'manager064','$2a$10$FgmS9NEBxDdbUfWjsqiGDesNfltpXEa6u..EQc1Ehh6mO7aBeNccq','Manager64','0101234567 ','manager64@example.com',to_timestamp('08/08/24','DD/MM/RR HH24:MI:SSXFF'));
Insert into "OFFICE24"."MANAGER" (NO,ID,PW,NAME,PHONE,EMAIL,REG_DATE) values (65,'manager065','$2a$10$FgmS9NEBxDdbUfWjsqiGDesNfltpXEa6u..EQc1Ehh6mO7aBeNccq','Manager65','0101234567 ','manager65@example.com',to_timestamp('08/08/24','DD/MM/RR HH24:MI:SSXFF'));
Insert into "OFFICE24"."MANAGER" (NO,ID,PW,NAME,PHONE,EMAIL,REG_DATE) values (66,'manager066','$2a$10$FgmS9NEBxDdbUfWjsqiGDesNfltpXEa6u..EQc1Ehh6mO7aBeNccq','Manager66','0101234567 ','manager66@example.com',to_timestamp('08/08/24','DD/MM/RR HH24:MI:SSXFF'));
Insert into "OFFICE24"."MANAGER" (NO,ID,PW,NAME,PHONE,EMAIL,REG_DATE) values (67,'manager067','$2a$10$FgmS9NEBxDdbUfWjsqiGDesNfltpXEa6u..EQc1Ehh6mO7aBeNccq','Manager67','0101234567 ','manager67@example.com',to_timestamp('08/08/24','DD/MM/RR HH24:MI:SSXFF'));
Insert into "OFFICE24"."MANAGER" (NO,ID,PW,NAME,PHONE,EMAIL,REG_DATE) values (68,'manager068','$2a$10$FgmS9NEBxDdbUfWjsqiGDesNfltpXEa6u..EQc1Ehh6mO7aBeNccq','Manager68','0101234567 ','manager68@example.com',to_timestamp('08/08/24','DD/MM/RR HH24:MI:SSXFF'));
Insert into "OFFICE24"."MANAGER" (NO,ID,PW,NAME,PHONE,EMAIL,REG_DATE) values (69,'manager069','$2a$10$FgmS9NEBxDdbUfWjsqiGDesNfltpXEa6u..EQc1Ehh6mO7aBeNccq','Manager69','0101234567 ','manager69@example.com',to_timestamp('08/08/24','DD/MM/RR HH24:MI:SSXFF'));
Insert into "OFFICE24"."MANAGER" (NO,ID,PW,NAME,PHONE,EMAIL,REG_DATE) values (70,'manager070','$2a$10$FgmS9NEBxDdbUfWjsqiGDesNfltpXEa6u..EQc1Ehh6mO7aBeNccq','Manager70','0101234567 ','manager70@example.com',to_timestamp('08/08/24','DD/MM/RR HH24:MI:SSXFF'));
Insert into "OFFICE24"."MANAGER" (NO,ID,PW,NAME,PHONE,EMAIL,REG_DATE) values (71,'manager071','$2a$10$FgmS9NEBxDdbUfWjsqiGDesNfltpXEa6u..EQc1Ehh6mO7aBeNccq','Manager71','0101234567 ','manager71@example.com',to_timestamp('08/08/24','DD/MM/RR HH24:MI:SSXFF'));
Insert into "OFFICE24"."MANAGER" (NO,ID,PW,NAME,PHONE,EMAIL,REG_DATE) values (72,'manager072','$2a$10$FgmS9NEBxDdbUfWjsqiGDesNfltpXEa6u..EQc1Ehh6mO7aBeNccq','Manager72','0101234567 ','manager72@example.com',to_timestamp('08/08/24','DD/MM/RR HH24:MI:SSXFF'));
Insert into "OFFICE24"."MANAGER" (NO,ID,PW,NAME,PHONE,EMAIL,REG_DATE) values (73,'manager073','$2a$10$FgmS9NEBxDdbUfWjsqiGDesNfltpXEa6u..EQc1Ehh6mO7aBeNccq','Manager73','0101234567 ','manager73@example.com',to_timestamp('08/08/24','DD/MM/RR HH24:MI:SSXFF'));
Insert into "OFFICE24"."MANAGER" (NO,ID,PW,NAME,PHONE,EMAIL,REG_DATE) values (74,'manager074','$2a$10$FgmS9NEBxDdbUfWjsqiGDesNfltpXEa6u..EQc1Ehh6mO7aBeNccq','Manager74','0101234567 ','manager74@example.com',to_timestamp('08/08/24','DD/MM/RR HH24:MI:SSXFF'));
Insert into "OFFICE24"."MANAGER" (NO,ID,PW,NAME,PHONE,EMAIL,REG_DATE) values (75,'manager075','$2a$10$FgmS9NEBxDdbUfWjsqiGDesNfltpXEa6u..EQc1Ehh6mO7aBeNccq','Manager75','0101234567 ','manager75@example.com',to_timestamp('08/08/24','DD/MM/RR HH24:MI:SSXFF'));
Insert into "OFFICE24"."MANAGER" (NO,ID,PW,NAME,PHONE,EMAIL,REG_DATE) values (76,'manager076','$2a$10$FgmS9NEBxDdbUfWjsqiGDesNfltpXEa6u..EQc1Ehh6mO7aBeNccq','Manager76','0101234567 ','manager76@example.com',to_timestamp('08/08/24','DD/MM/RR HH24:MI:SSXFF'));
Insert into "OFFICE24"."MANAGER" (NO,ID,PW,NAME,PHONE,EMAIL,REG_DATE) values (77,'manager077','$2a$10$FgmS9NEBxDdbUfWjsqiGDesNfltpXEa6u..EQc1Ehh6mO7aBeNccq','Manager77','0101234567 ','manager77@example.com',to_timestamp('08/08/24','DD/MM/RR HH24:MI:SSXFF'));
Insert into "OFFICE24"."MANAGER" (NO,ID,PW,NAME,PHONE,EMAIL,REG_DATE) values (78,'manager078','$2a$10$FgmS9NEBxDdbUfWjsqiGDesNfltpXEa6u..EQc1Ehh6mO7aBeNccq','Manager78','0101234567 ','manager78@example.com',to_timestamp('08/08/24','DD/MM/RR HH24:MI:SSXFF'));
Insert into "OFFICE24"."MANAGER" (NO,ID,PW,NAME,PHONE,EMAIL,REG_DATE) values (79,'manager079','$2a$10$FgmS9NEBxDdbUfWjsqiGDesNfltpXEa6u..EQc1Ehh6mO7aBeNccq','Manager79','0101234567 ','manager79@example.com',to_timestamp('08/08/24','DD/MM/RR HH24:MI:SSXFF'));
Insert into "OFFICE24"."MANAGER" (NO,ID,PW,NAME,PHONE,EMAIL,REG_DATE) values (80,'manager080','$2a$10$FgmS9NEBxDdbUfWjsqiGDesNfltpXEa6u..EQc1Ehh6mO7aBeNccq','Manager80','0101234567 ','manager80@example.com',to_timestamp('08/08/24','DD/MM/RR HH24:MI:SSXFF'));
Insert into "OFFICE24"."MANAGER" (NO,ID,PW,NAME,PHONE,EMAIL,REG_DATE) values (81,'manager081','$2a$10$FgmS9NEBxDdbUfWjsqiGDesNfltpXEa6u..EQc1Ehh6mO7aBeNccq','Manager81','0101234567 ','manager81@example.com',to_timestamp('08/08/24','DD/MM/RR HH24:MI:SSXFF'));
Insert into "OFFICE24"."MANAGER" (NO,ID,PW,NAME,PHONE,EMAIL,REG_DATE) values (82,'manager082','$2a$10$FgmS9NEBxDdbUfWjsqiGDesNfltpXEa6u..EQc1Ehh6mO7aBeNccq','Manager82','0101234567 ','manager82@example.com',to_timestamp('08/08/24','DD/MM/RR HH24:MI:SSXFF'));
Insert into "OFFICE24"."MANAGER" (NO,ID,PW,NAME,PHONE,EMAIL,REG_DATE) values (83,'manager083','$2a$10$FgmS9NEBxDdbUfWjsqiGDesNfltpXEa6u..EQc1Ehh6mO7aBeNccq','Manager83','0101234567 ','manager83@example.com',to_timestamp('08/08/24','DD/MM/RR HH24:MI:SSXFF'));
Insert into "OFFICE24"."MANAGER" (NO,ID,PW,NAME,PHONE,EMAIL,REG_DATE) values (84,'manager084','$2a$10$FgmS9NEBxDdbUfWjsqiGDesNfltpXEa6u..EQc1Ehh6mO7aBeNccq','Manager84','0101234567 ','manager84@example.com',to_timestamp('08/08/24','DD/MM/RR HH24:MI:SSXFF'));
Insert into "OFFICE24"."MANAGER" (NO,ID,PW,NAME,PHONE,EMAIL,REG_DATE) values (85,'manager085','$2a$10$FgmS9NEBxDdbUfWjsqiGDesNfltpXEa6u..EQc1Ehh6mO7aBeNccq','Manager85','0101234567 ','manager85@example.com',to_timestamp('08/08/24','DD/MM/RR HH24:MI:SSXFF'));
Insert into "OFFICE24"."MANAGER" (NO,ID,PW,NAME,PHONE,EMAIL,REG_DATE) values (86,'manager086','$2a$10$FgmS9NEBxDdbUfWjsqiGDesNfltpXEa6u..EQc1Ehh6mO7aBeNccq','Manager86','0101234567 ','manager86@example.com',to_timestamp('08/08/24','DD/MM/RR HH24:MI:SSXFF'));
Insert into "OFFICE24"."MANAGER" (NO,ID,PW,NAME,PHONE,EMAIL,REG_DATE) values (87,'manager087','$2a$10$FgmS9NEBxDdbUfWjsqiGDesNfltpXEa6u..EQc1Ehh6mO7aBeNccq','Manager87','0101234567 ','manager87@example.com',to_timestamp('08/08/24','DD/MM/RR HH24:MI:SSXFF'));
Insert into "OFFICE24"."MANAGER" (NO,ID,PW,NAME,PHONE,EMAIL,REG_DATE) values (88,'manager088','$2a$10$FgmS9NEBxDdbUfWjsqiGDesNfltpXEa6u..EQc1Ehh6mO7aBeNccq','Manager88','0101234567 ','manager88@example.com',to_timestamp('08/08/24','DD/MM/RR HH24:MI:SSXFF'));
Insert into "OFFICE24"."MANAGER" (NO,ID,PW,NAME,PHONE,EMAIL,REG_DATE) values (89,'manager089','$2a$10$FgmS9NEBxDdbUfWjsqiGDesNfltpXEa6u..EQc1Ehh6mO7aBeNccq','Manager89','0101234567 ','manager89@example.com',to_timestamp('08/08/24','DD/MM/RR HH24:MI:SSXFF'));
Insert into "OFFICE24"."MANAGER" (NO,ID,PW,NAME,PHONE,EMAIL,REG_DATE) values (90,'manager090','$2a$10$FgmS9NEBxDdbUfWjsqiGDesNfltpXEa6u..EQc1Ehh6mO7aBeNccq','Manager90','0101234567 ','manager90@example.com',to_timestamp('08/08/24','DD/MM/RR HH24:MI:SSXFF'));
Insert into "OFFICE24"."MANAGER" (NO,ID,PW,NAME,PHONE,EMAIL,REG_DATE) values (91,'manager091','$2a$10$FgmS9NEBxDdbUfWjsqiGDesNfltpXEa6u..EQc1Ehh6mO7aBeNccq','Manager91','0101234567 ','manager91@example.com',to_timestamp('08/08/24','DD/MM/RR HH24:MI:SSXFF'));
Insert into "OFFICE24"."MANAGER" (NO,ID,PW,NAME,PHONE,EMAIL,REG_DATE) values (92,'manager092','$2a$10$FgmS9NEBxDdbUfWjsqiGDesNfltpXEa6u..EQc1Ehh6mO7aBeNccq','Manager92','0101234567 ','manager92@example.com',to_timestamp('08/08/24','DD/MM/RR HH24:MI:SSXFF'));
Insert into "OFFICE24"."MANAGER" (NO,ID,PW,NAME,PHONE,EMAIL,REG_DATE) values (93,'manager093','$2a$10$FgmS9NEBxDdbUfWjsqiGDesNfltpXEa6u..EQc1Ehh6mO7aBeNccq','Manager93','0101234567 ','manager93@example.com',to_timestamp('08/08/24','DD/MM/RR HH24:MI:SSXFF'));
Insert into "OFFICE24"."MANAGER" (NO,ID,PW,NAME,PHONE,EMAIL,REG_DATE) values (94,'manager094','$2a$10$FgmS9NEBxDdbUfWjsqiGDesNfltpXEa6u..EQc1Ehh6mO7aBeNccq','Manager94','0101234567 ','manager94@example.com',to_timestamp('08/08/24','DD/MM/RR HH24:MI:SSXFF'));
Insert into "OFFICE24"."MANAGER" (NO,ID,PW,NAME,PHONE,EMAIL,REG_DATE) values (95,'manager095','$2a$10$FgmS9NEBxDdbUfWjsqiGDesNfltpXEa6u..EQc1Ehh6mO7aBeNccq','Manager95','0101234567 ','manager95@example.com',to_timestamp('08/08/24','DD/MM/RR HH24:MI:SSXFF'));
Insert into "OFFICE24"."MANAGER" (NO,ID,PW,NAME,PHONE,EMAIL,REG_DATE) values (96,'manager096','$2a$10$FgmS9NEBxDdbUfWjsqiGDesNfltpXEa6u..EQc1Ehh6mO7aBeNccq','Manager96','0101234567 ','manager96@example.com',to_timestamp('08/08/24','DD/MM/RR HH24:MI:SSXFF'));
Insert into "OFFICE24"."MANAGER" (NO,ID,PW,NAME,PHONE,EMAIL,REG_DATE) values (97,'manager097','$2a$10$FgmS9NEBxDdbUfWjsqiGDesNfltpXEa6u..EQc1Ehh6mO7aBeNccq','Manager97','0101234567 ','manager97@example.com',to_timestamp('08/08/24','DD/MM/RR HH24:MI:SSXFF'));
Insert into "OFFICE24"."MANAGER" (NO,ID,PW,NAME,PHONE,EMAIL,REG_DATE) values (98,'manager098','$2a$10$FgmS9NEBxDdbUfWjsqiGDesNfltpXEa6u..EQc1Ehh6mO7aBeNccq','Manager98','0101234567 ','manager98@example.com',to_timestamp('08/08/24','DD/MM/RR HH24:MI:SSXFF'));
Insert into "OFFICE24"."MANAGER" (NO,ID,PW,NAME,PHONE,EMAIL,REG_DATE) values (99,'manager099','$2a$10$FgmS9NEBxDdbUfWjsqiGDesNfltpXEa6u..EQc1Ehh6mO7aBeNccq','Manager99','0101234567 ','manager99@example.com',to_timestamp('08/08/24','DD/MM/RR HH24:MI:SSXFF'));
Insert into "OFFICE24"."MANAGER" (NO,ID,PW,NAME,PHONE,EMAIL,REG_DATE) values (100,'manager100','$2a$10$FgmS9NEBxDdbUfWjsqiGDesNfltpXEa6u..EQc1Ehh6mO7aBeNccq','Manager10','0101234567 ','manager10@example.com',to_timestamp('08/08/24','DD/MM/RR HH24:MI:SSXFF'));
insert into admin (id, pw, lv) values ('admin', '$2a$10$FgmS9NEBxDdbUfWjsqiGDesNfltpXEa6u..EQc1Ehh6mO7aBeNccq', 1);
Insert into "OFFICE24"."OFFICE" (NO,MANAGER_NO,TITLE,ADDRESS,ZIP_CODE,SIDO,LATITUDE,LONGITUDE,CONTENT,PRICE,CAPACITY,TITLE_IMG,AVAILABILITY,REG_DATE) values (11,1,'닻별 오피스','서울 마포구 매봉산로 72','03927','서울',37.5780194686981,126.893624349103,'{"blocks":[{"key":"6cm5a","text":"최신식 인테리어로 꾸며진 우리 오피스는 창의적인 업무 환경을 제공합니다. ","type":"unstyled","depth":0,"inlineStyleRanges":[],"entityRanges":[],"data":{}},{"key":"5dj52","text":"넓고 환한 공간에서 팀원들과 협력하며 효율적인 업무를 진행할 수 있습니다.","type":"unstyled","depth":0,"inlineStyleRanges":[],"entityRanges":[],"data":{}},{"key":"en5fq","text":"또한, 각종 편의시설이 완비되어 있어 직원들의 만족도를 높이고 있습니다.","type":"unstyled","depth":0,"inlineStyleRanges":[],"entityRanges":[],"data":{}}],"entityMap":{}}',1909334,110,'c96c6f2d-fddb-4cbc-a80c-eb3fac0e0008.webp',2,to_timestamp('08/08/24','DD/MM/RR HH24:MI:SSXFF'));
Insert into "OFFICE24"."OFFICE" (NO,MANAGER_NO,TITLE,ADDRESS,ZIP_CODE,SIDO,LATITUDE,LONGITUDE,CONTENT,PRICE,CAPACITY,TITLE_IMG,AVAILABILITY,REG_DATE) values (2,1,'가론 오피스','서울 송파구 가락로 65','05690','서울',37.5000581433341,127.103615264668,'{"blocks":[{"key":"9emcm","text":"최신식 인테리어로 꾸며진 우리 오피스는 창의적인 업무 환경을 제공합니다. ","type":"unstyled","depth":0,"inlineStyleRanges":[],"entityRanges":[],"data":{}},{"key":"e5okh","text":"넓고 환한 공간에서 팀원들과 협력하며 효율적인 업무를 진행할 수 있습니다.","type":"unstyled","depth":0,"inlineStyleRanges":[],"entityRanges":[],"data":{}},{"key":"5f8co","text":"또한, 각종 편의시설이 완비되어 있어 직원들의 만족도를 높이고 있습니다.","type":"unstyled","depth":0,"inlineStyleRanges":[],"entityRanges":[],"data":{}}],"entityMap":{}}',1123931,20,'36907626-0b31-46a9-9b68-3b7e27f1e179.webp',1,to_timestamp('08/08/24','DD/MM/RR HH24:MI:SSXFF'));
Insert into "OFFICE24"."OFFICE" (NO,MANAGER_NO,TITLE,ADDRESS,ZIP_CODE,SIDO,LATITUDE,LONGITUDE,CONTENT,PRICE,CAPACITY,TITLE_IMG,AVAILABILITY,REG_DATE) values (101,1,'창조마루','경기 고양시 일산동구 위시티로 6','10324','경기',37.6739944942032,126.806605991509,'{"blocks":[{"key":"5o5vd","text":"최신식 인테리어로 꾸며진 우리 오피스는 창의적인 업무 환경을 제공합니다. ","type":"unstyled","depth":0,"inlineStyleRanges":[],"entityRanges":[],"data":{}},{"key":"3ok5f","text":"넓고 환한 공간에서 팀원들과 협력하며 효율적인 업무를 진행할 수 있습니다.","type":"unstyled","depth":0,"inlineStyleRanges":[],"entityRanges":[],"data":{}},{"key":"blsb7","text":"또한, 각종 편의시설이 완비되어 있어 직원들의 만족도를 높이고 있습니다.","type":"unstyled","depth":0,"inlineStyleRanges":[],"entityRanges":[],"data":{}}],"entityMap":{}}',200000,27,'bd9d3169-0240-44a5-976b-d63dc5fffaad.webp',0,to_timestamp('09/08/24','DD/MM/RR HH24:MI:SSXFF'));
Insert into "OFFICE24"."OFFICE" (NO,MANAGER_NO,TITLE,ADDRESS,ZIP_CODE,SIDO,LATITUDE,LONGITUDE,CONTENT,PRICE,CAPACITY,TITLE_IMG,AVAILABILITY,REG_DATE) values (99,1,'지혜마루','경기 성남시 분당구 고기로 25','13547','경기',37.3426052729963,127.09922038235,'{"blocks":[{"key":"2kbdv","text":"우리 오피스는 직원들의 건강을 고려한 설계로, 충분한 자연 채광과 공기 질 관리 시스템이 도입되어 있습니다.","type":"unstyled","depth":0,"inlineStyleRanges":[{"offset":0,"length":60,"style":"color-rgb(0,0,0)"},{"offset":0,"length":60,"style":"bgcolor-rgb(255,255,255)"},{"offset":0,"length":60,"style":"fontsize-medium"},{"offset":0,"length":60,"style":"fontfamily-Pretendard"}],"entityRanges":[],"data":{}},{"key":"9n9bq","text":"집중력 향상을 위한 조용한 업무 공간과 활기를 더해주는 휴게 공간이 균형을 이룹니다.","type":"unstyled","depth":0,"inlineStyleRanges":[{"offset":0,"length":47,"style":"color-rgb(0,0,0)"},{"offset":0,"length":47,"style":"bgcolor-rgb(255,255,255)"},{"offset":0,"length":47,"style":"fontsize-medium"},{"offset":0,"length":47,"style":"fontfamily-Pretendard"}],"entityRanges":[],"data":{}},{"key":"8t1a9","text":"최신식 헬스 시설과 편안한 라운지에서 일과 후의 재충전도 가능합니다.","type":"unstyled","depth":0,"inlineStyleRanges":[{"offset":0,"length":38,"style":"color-rgb(0,0,0)"},{"offset":0,"length":38,"style":"bgcolor-rgb(255,255,255)"},{"offset":0,"length":38,"style":"fontsize-medium"},{"offset":0,"length":38,"style":"fontfamily-Pretendard"}],"entityRanges":[],"data":{}}],"entityMap":{}}',342320,990,'8d9b123b-b9c2-46b5-86da-394ade2a077e.webp',0,to_timestamp('08/08/24','DD/MM/RR HH24:MI:SSXFF'));
Insert into "OFFICE24"."OFFICE" (NO,MANAGER_NO,TITLE,ADDRESS,ZIP_CODE,SIDO,LATITUDE,LONGITUDE,CONTENT,PRICE,CAPACITY,TITLE_IMG,AVAILABILITY,REG_DATE) values (102,1,'아이디어웍스','서울 강남구 테헤란로 130','06234','서울',37.4991855041824,127.032787264974,'{"blocks":[{"key":"8b6dh","text":"우리 오피스는 직원들의 건강을 고려한 설계로, 충분한 자연 채광과 공기 질 관리 시스템이 도입되어 있습니다.","type":"unstyled","depth":0,"inlineStyleRanges":[],"entityRanges":[],"data":{}},{"key":"72r8o","text":"집중력 향상을 위한 조용한 업무 공간과 활기를 더해주는 휴게 공간이 균형을 이룹니다.","type":"unstyled","depth":0,"inlineStyleRanges":[],"entityRanges":[],"data":{}},{"key":"629ja","text":"최신식 헬스 시설과 편안한 라운지에서 일과 후의 재충전도 가능합니다.","type":"unstyled","depth":0,"inlineStyleRanges":[],"entityRanges":[],"data":{}}],"entityMap":{}}',232323,22,'00074edc-522c-4734-86da-f72f393633dd.webp',0,to_timestamp('09/08/24','DD/MM/RR HH24:MI:SSXFF'));
Insert into "OFFICE24"."OFFICE" (NO,MANAGER_NO,TITLE,ADDRESS,ZIP_CODE,SIDO,LATITUDE,LONGITUDE,CONTENT,PRICE,CAPACITY,TITLE_IMG,AVAILABILITY,REG_DATE) values (1,1,'가람 오피스','서울 동작구 만양로10길 9','06917','서울',37.5092760117891,126.946421123459,'{"blocks":[{"key":"6a5j2","text":"  이 오피스는 서울 도심에 위치해 있으며, 모던하고 세련된 인테리어로 꾸며져 있습니다. ","type":"unstyled","depth":0,"inlineStyleRanges":[],"entityRanges":[],"data":{}},{"key":"7mpdi","text":"최대 10명까지 수용 가능하며, 고속 Wi-Fi와 최신 사무용 가구를 갖추고 있어 효율적인 업무 환경을 제공합니다. ","type":"unstyled","depth":0,"inlineStyleRanges":[],"entityRanges":[],"data":{}},{"key":"7lccd","text":"주변에 다양한 레스토랑과 카페가 위치해 있어 편리한 접근성과 함께 업무 후 여가 생활도 즐길 수 있습니다.\n ","type":"unstyled","depth":0,"inlineStyleRanges":[],"entityRanges":[],"data":{}}],"entityMap":{}}',1337835,10,'02c97ca3-37f1-4e6c-8974-837e60d80614.webp',1,to_timestamp('08/08/24','DD/MM/RR HH24:MI:SSXFF'));
Insert into "OFFICE24"."OFFICE" (NO,MANAGER_NO,TITLE,ADDRESS,ZIP_CODE,SIDO,LATITUDE,LONGITUDE,CONTENT,PRICE,CAPACITY,TITLE_IMG,AVAILABILITY,REG_DATE) values (103,1,'프라임오피스','서울 강남구 강남대로84길 24-10','06240','서울',37.4963413881285,127.030774594643,'{"blocks":[{"key":"b7bmt","text":"직원들의 창의력과 효율성을 높이는 공간으로 설계된 우리 오피스는 세련된 디자인과 함께 편안함을 제공합니다. ","type":"unstyled","depth":0,"inlineStyleRanges":[],"entityRanges":[],"data":{}},{"key":"96ist","text":"각종 편의시설과 카페테리아, 휴게실이 구비되어 있어 업무 중에도 최상의 컨디션을 유지할 수 있습니다.","type":"unstyled","depth":0,"inlineStyleRanges":[],"entityRanges":[],"data":{}},{"key":"dg89s","text":"이곳에서 꿈을 현실로 만들어 보세요.","type":"unstyled","depth":0,"inlineStyleRanges":[],"entityRanges":[],"data":{}}],"entityMap":{}}',80906,33,'ebf1f427-382b-42c2-b323-4457f427a78a.webp',0,to_timestamp('13/08/24','DD/MM/RR HH24:MI:SSXFF'));
Insert into "OFFICE24"."OFFICE" (NO,MANAGER_NO,TITLE,ADDRESS,ZIP_CODE,SIDO,LATITUDE,LONGITUDE,CONTENT,PRICE,CAPACITY,TITLE_IMG,AVAILABILITY,REG_DATE) values (95,1,'차분터','서울 금천구 금하로 611','08615','서울',37.4544803412811,126.899220387775,'{"blocks":[{"key":"1o4bh","text":"최신식 인테리어로 꾸며진 우리 오피스는 창의적인 업무 환경을 제공합니다. ","type":"unstyled","depth":0,"inlineStyleRanges":[],"entityRanges":[],"data":{}},{"key":"dg3k2","text":"넓고 환한 공간에서 팀원들과 협력하며 효율적인 업무를 진행할 수 있습니다.","type":"unstyled","depth":0,"inlineStyleRanges":[],"entityRanges":[],"data":{}},{"key":"b5vfj","text":"또한, 각종 편의시설이 완비되어 있어 직원들의 만족도를 높이고 있습니다.","type":"unstyled","depth":0,"inlineStyleRanges":[],"entityRanges":[],"data":{}}],"entityMap":{}}',460019,950,'f71ad330-db9a-402b-aab4-55d4dee597d0.webp',0,to_timestamp('08/08/24','DD/MM/RR HH24:MI:SSXFF'));
Insert into "OFFICE24"."OFFICE" (NO,MANAGER_NO,TITLE,ADDRESS,ZIP_CODE,SIDO,LATITUDE,LONGITUDE,CONTENT,PRICE,CAPACITY,TITLE_IMG,AVAILABILITY,REG_DATE) values (93,1,'혁신마루','서울 강동구 가래여울길 8','05200','서울',37.5766632025243,127.169145535513,'{"blocks":[{"key":"jq2r","text":"우리 오피스는 직원들의 건강을 고려한 설계로, 충분한 자연 채광과 공기 질 관리 시스템이 도입되어 있습니다.","type":"unstyled","depth":0,"inlineStyleRanges":[],"entityRanges":[],"data":{}},{"key":"9jeev","text":"집중력 향상을 위한 조용한 업무 공간과 활기를 더해주는 휴게 공간이 균형을 이룹니다.","type":"unstyled","depth":0,"inlineStyleRanges":[],"entityRanges":[],"data":{}},{"key":"5cb1j","text":"최신식 헬스 시설과 편안한 라운지에서 일과 후의 재충전도 가능합니다.","type":"unstyled","depth":0,"inlineStyleRanges":[],"entityRanges":[],"data":{}}],"entityMap":{}}',846805,930,'b7bc5ab1-4bfe-4e3e-bcae-888b3fc46668.webp',0,to_timestamp('08/08/24','DD/MM/RR HH24:MI:SSXFF'));
Insert into "OFFICE24"."OFFICE" (NO,MANAGER_NO,TITLE,ADDRESS,ZIP_CODE,SIDO,LATITUDE,LONGITUDE,CONTENT,PRICE,CAPACITY,TITLE_IMG,AVAILABILITY,REG_DATE) values (91,1,'꿈을 꾸는 오피스','제주특별자치도 서귀포시 가가로 28-24','63534','제주',33.2712593782444,126.375143041378,'{"blocks":[{"key":"ddta6","text":"우리 오피스는 효율적인 업무 처리를 위한 최적의 환경을 제공합니다.","type":"unstyled","depth":0,"inlineStyleRanges":[],"entityRanges":[],"data":{}},{"key":"2d0tl","text":"밝고 모던한 인테리어가 돋보이며, 다양한 회의실과 협업 공간이 마련되어 있어 팀 간 소통과 협력이 원활합니다.","type":"unstyled","depth":0,"inlineStyleRanges":[],"entityRanges":[],"data":{}},{"key":"dmddc","text":"편안한 휴게 공간과 최신 IT 설비를 갖춘 이곳에서 생산성을 극대화해 보세요.","type":"unstyled","depth":0,"inlineStyleRanges":[],"entityRanges":[],"data":{}}],"entityMap":{}}',1100951,910,'bb3ea979-c943-41ed-ad16-7d095e7ee63c.webp',1,to_timestamp('08/08/24','DD/MM/RR HH24:MI:SSXFF'));
Insert into "OFFICE24"."OFFICE" (NO,MANAGER_NO,TITLE,ADDRESS,ZIP_CODE,SIDO,LATITUDE,LONGITUDE,CONTENT,PRICE,CAPACITY,TITLE_IMG,AVAILABILITY,REG_DATE) values (90,1,'은가비 오피스','서울 동대문구 경동시장로3길 8','02571','서울',37.579789517631,127.040324338035,'{"blocks":[{"key":"cn5gk","text":"최신식 인테리어로 꾸며진 우리 오피스는 창의적인 업무 환경을 제공합니다. ","type":"unstyled","depth":0,"inlineStyleRanges":[],"entityRanges":[],"data":{}},{"key":"ma20","text":"넓고 환한 공간에서 팀원들과 협력하며 효율적인 업무를 진행할 수 있습니다.","type":"unstyled","depth":0,"inlineStyleRanges":[],"entityRanges":[],"data":{}},{"key":"82b8i","text":"또한, 각종 편의시설이 완비되어 있어 직원들의 만족도를 높이고 있습니다.","type":"unstyled","depth":0,"inlineStyleRanges":[],"entityRanges":[],"data":{}}],"entityMap":{}}',1121916,900,'e121b514-435f-45bf-968f-d6377be6488d.webp',0,to_timestamp('08/08/24','DD/MM/RR HH24:MI:SSXFF'));
Insert into "OFFICE24"."OFFICE" (NO,MANAGER_NO,TITLE,ADDRESS,ZIP_CODE,SIDO,LATITUDE,LONGITUDE,CONTENT,PRICE,CAPACITY,TITLE_IMG,AVAILABILITY,REG_DATE) values (89,1,'온누리 오피스','경기 성남시 중원구 광명로 2','13364','경기',37.4327224879089,127.129439849632,'{"blocks":[{"key":"3fn6u","text":"직원들의 창의력과 효율성을 높이는 공간으로 설계된 우리 오피스는 세련된 디자인과 함께 편안함을 제공합니다. ","type":"unstyled","depth":0,"inlineStyleRanges":[],"entityRanges":[],"data":{}},{"key":"865b","text":"각종 편의시설과 카페테리아, 휴게실이 구비되어 있어 업무 중에도 최상의 컨디션을 유지할 수 있습니다.","type":"unstyled","depth":0,"inlineStyleRanges":[],"entityRanges":[],"data":{}},{"key":"2o2ml","text":"이곳에서 꿈을 현실로 만들어 보세요.","type":"unstyled","depth":0,"inlineStyleRanges":[],"entityRanges":[],"data":{}}],"entityMap":{}}',1130585,890,'6242011f-f0ff-404a-885d-1e0266fb2f7e.webp',0,to_timestamp('08/08/24','DD/MM/RR HH24:MI:SSXFF'));
Insert into "OFFICE24"."OFFICE" (NO,MANAGER_NO,TITLE,ADDRESS,ZIP_CODE,SIDO,LATITUDE,LONGITUDE,CONTENT,PRICE,CAPACITY,TITLE_IMG,AVAILABILITY,REG_DATE) values (88,1,'수피아 오피스','경기 안산시 단원구 개건너길 87','15651','경기',37.2212242096504,126.628946530837,'{"blocks":[{"key":"fhpec","text":"우리 오피스는 직원들의 건강을 고려한 설계로, 충분한 자연 채광과 공기 질 관리 시스템이 도입되어 있습니다.","type":"unstyled","depth":0,"inlineStyleRanges":[],"entityRanges":[],"data":{}},{"key":"apcku","text":"집중력 향상을 위한 조용한 업무 공간과 활기를 더해주는 휴게 공간이 균형을 이룹니다.","type":"unstyled","depth":0,"inlineStyleRanges":[],"entityRanges":[],"data":{}},{"key":"7nkj8","text":"최신식 헬스 시설과 편안한 라운지에서 일과 후의 재충전도 가능합니다.","type":"unstyled","depth":0,"inlineStyleRanges":[],"entityRanges":[],"data":{}}],"entityMap":{}}',126142,880,'118fb758-17ba-4b50-a6e5-1d61d91bf297.webp',0,to_timestamp('08/08/24','DD/MM/RR HH24:MI:SSXFF'));
Insert into "OFFICE24"."OFFICE" (NO,MANAGER_NO,TITLE,ADDRESS,ZIP_CODE,SIDO,LATITUDE,LONGITUDE,CONTENT,PRICE,CAPACITY,TITLE_IMG,AVAILABILITY,REG_DATE) values (8,1,'나예 오피스','서울 강남구 강남대로 388','06232','서울',37.4974495848055,127.028422526103,'{"blocks":[{"key":"3gop","text":"최신식 인테리어로 꾸며진 우리 오피스는 창의적인 업무 환경을 제공합니다. ","type":"unstyled","depth":0,"inlineStyleRanges":[],"entityRanges":[],"data":{}},{"key":"elf5o","text":"넓고 환한 공간에서 팀원들과 협력하며 효율적인 업무를 진행할 수 있습니다.","type":"unstyled","depth":0,"inlineStyleRanges":[],"entityRanges":[],"data":{}},{"key":"2cq42","text":"또한, 각종 편의시설이 완비되어 있어 직원들의 만족도를 높이고 있습니다.","type":"unstyled","depth":0,"inlineStyleRanges":[],"entityRanges":[],"data":{}}],"entityMap":{}}',1775025,80,'a04accbd-1fd3-4615-b567-84959d2696ea.webp',1,to_timestamp('08/08/24','DD/MM/RR HH24:MI:SSXFF'));
Insert into "OFFICE24"."OFFICE" (NO,MANAGER_NO,TITLE,ADDRESS,ZIP_CODE,SIDO,LATITUDE,LONGITUDE,CONTENT,PRICE,CAPACITY,TITLE_IMG,AVAILABILITY,REG_DATE) values (9,1,'노을 오피스','경기 성남시 분당구 판교로 472','13566','경기',37.4051271397508,127.126238662831,'{"blocks":[{"key":"3t0tv","text":"최신식 인테리어로 꾸며진 우리 오피스는 창의적인 업무 환경을 제공합니다. ","type":"unstyled","depth":0,"inlineStyleRanges":[],"entityRanges":[],"data":{}},{"key":"auqfg","text":"넓고 환한 공간에서 팀원들과 협력하며 효율적인 업무를 진행할 수 있습니다.","type":"unstyled","depth":0,"inlineStyleRanges":[],"entityRanges":[],"data":{}},{"key":"dc3ic","text":"또한, 각종 편의시설이 완비되어 있어 직원들의 만족도를 높이고 있습니다.","type":"unstyled","depth":0,"inlineStyleRanges":[],"entityRanges":[],"data":{}}],"entityMap":{}}',1293877,90,'6e94efc3-ad47-4361-8029-b3c0e2efae54.webp',2,to_timestamp('08/08/24','DD/MM/RR HH24:MI:SSXFF'));
Insert into "OFFICE24"."OFFICE" (NO,MANAGER_NO,TITLE,ADDRESS,ZIP_CODE,SIDO,LATITUDE,LONGITUDE,CONTENT,PRICE,CAPACITY,TITLE_IMG,AVAILABILITY,REG_DATE) values (31,1,'소미 오피스','경남 창원시 마산합포구 가포로 8','51769','경남',35.1793961048269,128.558144373617,'{"blocks":[{"key":"78ecj","text":"최신식 인테리어로 꾸며진 우리 오피스는 창의적인 업무 환경을 제공합니다. ","type":"unstyled","depth":0,"inlineStyleRanges":[],"entityRanges":[],"data":{}},{"key":"4r77o","text":"넓고 환한 공간에서 팀원들과 협력하며 효율적인 업무를 진행할 수 있습니다.","type":"unstyled","depth":0,"inlineStyleRanges":[],"entityRanges":[],"data":{}},{"key":"47eu9","text":"또한, 각종 편의시설이 완비되어 있어 직원들의 만족도를 높이고 있습니다.","type":"unstyled","depth":0,"inlineStyleRanges":[],"entityRanges":[],"data":{}}],"entityMap":{}}',1791124,310,'fd01b6da-1648-4f9b-8087-9f4f5b398208.webp',1,to_timestamp('08/08/24','DD/MM/RR HH24:MI:SSXFF'));
Insert into "OFFICE24"."OFFICE" (NO,MANAGER_NO,TITLE,ADDRESS,ZIP_CODE,SIDO,LATITUDE,LONGITUDE,CONTENT,PRICE,CAPACITY,TITLE_IMG,AVAILABILITY,REG_DATE) values (20,1,'별하 오피스','서울 강남구 남부순환로 2734','06296','서울',37.4858427695012,127.045060534183,'{"blocks":[{"key":"9o8gp","text":"최신식 인테리어로 꾸며진 우리 오피스는 창의적인 업무 환경을 제공합니다. ","type":"unstyled","depth":0,"inlineStyleRanges":[],"entityRanges":[],"data":{}},{"key":"b3t7l","text":"넓고 환한 공간에서 팀원들과 협력하며 효율적인 업무를 진행할 수 있습니다.","type":"unstyled","depth":0,"inlineStyleRanges":[],"entityRanges":[],"data":{}},{"key":"a4o9m","text":"또한, 각종 편의시설이 완비되어 있어 직원들의 만족도를 높이고 있습니다.","type":"unstyled","depth":0,"inlineStyleRanges":[],"entityRanges":[],"data":{}}],"entityMap":{}}',356500,200,'ca86955b-41a5-45de-abf7-7376d1c7cd49.webp',2,to_timestamp('08/08/24','DD/MM/RR HH24:MI:SSXFF'));
Insert into "OFFICE24"."OFFICE" (NO,MANAGER_NO,TITLE,ADDRESS,ZIP_CODE,SIDO,LATITUDE,LONGITUDE,CONTENT,PRICE,CAPACITY,TITLE_IMG,AVAILABILITY,REG_DATE) values (7,1,'나빛 오피스','서울 강남구 강남대로62길 3','06253','서울',37.4904018398072,127.031867290489,'{"blocks":[{"key":"3sig2","text":"최신식 인테리어로 꾸며진 우리 오피스는 창의적인 업무 환경을 제공합니다. ","type":"unstyled","depth":0,"inlineStyleRanges":[],"entityRanges":[],"data":{}},{"key":"cekan","text":"넓고 환한 공간에서 팀원들과 협력하며 효율적인 업무를 진행할 수 있습니다.","type":"unstyled","depth":0,"inlineStyleRanges":[],"entityRanges":[],"data":{}},{"key":"2effv","text":"또한, 각종 편의시설이 완비되어 있어 직원들의 만족도를 높이고 있습니다.","type":"unstyled","depth":0,"inlineStyleRanges":[],"entityRanges":[],"data":{}}],"entityMap":{}}',1614497,70,'e2810b23-3c8b-4c21-b4bb-024ebbc1067a.webp',1,to_timestamp('08/08/24','DD/MM/RR HH24:MI:SSXFF'));
Insert into "OFFICE24"."OFFICE" (NO,MANAGER_NO,TITLE,ADDRESS,ZIP_CODE,SIDO,LATITUDE,LONGITUDE,CONTENT,PRICE,CAPACITY,TITLE_IMG,AVAILABILITY,REG_DATE) values (94,1,'스마트누리','서울 송파구 도곡로 434','05573','서울',37.5045097031572,127.077171677718,'{"blocks":[{"key":"c95dk","text":"우리 오피스는 디지털 시대에 맞춘 최첨단 기술과 혁신적인 디자인이 조화를 이루는 공간입니다.","type":"unstyled","depth":0,"inlineStyleRanges":[],"entityRanges":[],"data":{}},{"key":"6usq6","text":"스마트 업무 환경이 구축되어 언제 어디서나 자유롭게 일할 수 있으며, 유연한 근무 방식과 다양한 협업 툴이 지원됩니다.","type":"unstyled","depth":0,"inlineStyleRanges":[],"entityRanges":[],"data":{}},{"key":"d6kjn","text":"이곳에서 미래를 준비하며 한 걸음 앞서 나가세요.","type":"unstyled","depth":0,"inlineStyleRanges":[],"entityRanges":[],"data":{}}],"entityMap":{}}',398619,940,'44ae8363-7721-4d25-95ff-66901b8cbdad.webp',0,to_timestamp('08/08/24','DD/MM/RR HH24:MI:SSXFF'));
Insert into "OFFICE24"."OFFICE" (NO,MANAGER_NO,TITLE,ADDRESS,ZIP_CODE,SIDO,LATITUDE,LONGITUDE,CONTENT,PRICE,CAPACITY,TITLE_IMG,AVAILABILITY,REG_DATE) values (86,1,'나래울 오피스','경기 화성시 경기대로 1024','18411','경기',37.2072146528773,127.036028234311,'{"blocks":[{"key":"acovl","text":"우리 오피스는 효율적인 업무 처리를 위한 최적의 환경을 제공합니다.","type":"unstyled","depth":0,"inlineStyleRanges":[],"entityRanges":[],"data":{}},{"key":"51uso","text":"밝고 모던한 인테리어가 돋보이며, 다양한 회의실과 협업 공간이 마련되어 있어 팀 간 소통과 협력이 원활합니다.","type":"unstyled","depth":0,"inlineStyleRanges":[],"entityRanges":[],"data":{}},{"key":"3l6ps","text":"편안한 휴게 공간과 최신 IT 설비를 갖춘 이곳에서 생산성을 극대화해 보세요.","type":"unstyled","depth":0,"inlineStyleRanges":[],"entityRanges":[],"data":{}}],"entityMap":{}}',202759,860,'448a1b76-4f29-4162-bb25-1566853fe90d.webp',0,to_timestamp('08/08/24','DD/MM/RR HH24:MI:SSXFF'));
Insert into "OFFICE24"."OFFICE" (NO,MANAGER_NO,TITLE,ADDRESS,ZIP_CODE,SIDO,LATITUDE,LONGITUDE,CONTENT,PRICE,CAPACITY,TITLE_IMG,AVAILABILITY,REG_DATE) values (85,1,'꽃초롱 오피스','서울 송파구 도곡로 458','05574','서울',37.5058750073177,127.07879265298,'{"blocks":[{"key":"cm88m","text":"최신식 인테리어로 꾸며진 우리 오피스는 창의적인 업무 환경을 제공합니다. ","type":"unstyled","depth":0,"inlineStyleRanges":[],"entityRanges":[],"data":{}},{"key":"91ui5","text":"넓고 환한 공간에서 팀원들과 협력하며 효율적인 업무를 진행할 수 있습니다.","type":"unstyled","depth":0,"inlineStyleRanges":[],"entityRanges":[],"data":{}},{"key":"37igu","text":"또한, 각종 편의시설이 완비되어 있어 직원들의 만족도를 높이고 있습니다.","type":"unstyled","depth":0,"inlineStyleRanges":[],"entityRanges":[],"data":{}}],"entityMap":{}}',1064348,850,'e1e542c4-d288-4c8e-b760-dc3c55f11929.webp',1,to_timestamp('08/08/24','DD/MM/RR HH24:MI:SSXFF'));
Insert into "OFFICE24"."OFFICE" (NO,MANAGER_NO,TITLE,ADDRESS,ZIP_CODE,SIDO,LATITUDE,LONGITUDE,CONTENT,PRICE,CAPACITY,TITLE_IMG,AVAILABILITY,REG_DATE) values (3,1,'가온 오피스','서울 송파구 가락로 236','05644','서울',37.5091568940231,127.11779912804,'{"blocks":[{"key":"6lmt2","text":"최신식 인테리어로 꾸며진 우리 오피스는 창의적인 업무 환경을 제공합니다. ","type":"unstyled","depth":0,"inlineStyleRanges":[],"entityRanges":[],"data":{}},{"key":"ct66v","text":"넓고 환한 공간에서 팀원들과 협력하며 효율적인 업무를 진행할 수 있습니다.","type":"unstyled","depth":0,"inlineStyleRanges":[],"entityRanges":[],"data":{}},{"key":"ef0fa","text":"또한, 각종 편의시설이 완비되어 있어 직원들의 만족도를 높이고 있습니다.","type":"unstyled","depth":0,"inlineStyleRanges":[],"entityRanges":[],"data":{}}],"entityMap":{}}',1352190,30,'0842937f-49ed-4596-866a-673de75825d2.webp',2,to_timestamp('08/08/24','DD/MM/RR HH24:MI:SSXFF'));
Insert into "OFFICE24"."OFFICE" (NO,MANAGER_NO,TITLE,ADDRESS,ZIP_CODE,SIDO,LATITUDE,LONGITUDE,CONTENT,PRICE,CAPACITY,TITLE_IMG,AVAILABILITY,REG_DATE) values (4,1,'나나 오피스','서울 강남구 봉은사로 427','06097','서울',37.511467071934,127.046570981341,'{"blocks":[{"key":"8o8bp","text":"최신식 인테리어로 꾸며진 우리 오피스는 창의적인 업무 환경을 제공합니다. ","type":"unstyled","depth":0,"inlineStyleRanges":[],"entityRanges":[],"data":{}},{"key":"47n5b","text":"넓고 환한 공간에서 팀원들과 협력하며 효율적인 업무를 진행할 수 있습니다.","type":"unstyled","depth":0,"inlineStyleRanges":[],"entityRanges":[],"data":{}},{"key":"dbcbl","text":"또한, 각종 편의시설이 완비되어 있어 직원들의 만족도를 높이고 있습니다.","type":"unstyled","depth":0,"inlineStyleRanges":[],"entityRanges":[],"data":{}}],"entityMap":{}}',1880250,40,'38109d9c-e683-45d9-99a4-237081bb2059.webp',2,to_timestamp('08/08/24','DD/MM/RR HH24:MI:SSXFF'));
Insert into "OFFICE24"."OFFICE" (NO,MANAGER_NO,TITLE,ADDRESS,ZIP_CODE,SIDO,LATITUDE,LONGITUDE,CONTENT,PRICE,CAPACITY,TITLE_IMG,AVAILABILITY,REG_DATE) values (5,1,'나래 오피스','서울 서초구 강남대로 341','06626','서울',37.4932548981178,127.029361757469,'{"blocks":[{"key":"dc6a","text":"최신식 인테리어로 꾸며진 우리 오피스는 창의적인 업무 환경을 제공합니다. ","type":"unstyled","depth":0,"inlineStyleRanges":[],"entityRanges":[],"data":{}},{"key":"ao3u8","text":"넓고 환한 공간에서 팀원들과 협력하며 효율적인 업무를 진행할 수 있습니다.","type":"unstyled","depth":0,"inlineStyleRanges":[],"entityRanges":[],"data":{}},{"key":"emcja","text":"또한, 각종 편의시설이 완비되어 있어 직원들의 만족도를 높이고 있습니다.","type":"unstyled","depth":0,"inlineStyleRanges":[],"entityRanges":[],"data":{}}],"entityMap":{}}',1144321,50,'adee7be2-bd30-40e5-b697-b0bdf53c934c.webp',1,to_timestamp('08/08/24','DD/MM/RR HH24:MI:SSXFF'));
Insert into "OFFICE24"."OFFICE" (NO,MANAGER_NO,TITLE,ADDRESS,ZIP_CODE,SIDO,LATITUDE,LONGITUDE,CONTENT,PRICE,CAPACITY,TITLE_IMG,AVAILABILITY,REG_DATE) values (6,1,'나봄 오피스','서울 서초구 강남대로 214','06736','서울',37.4832853294097,127.035909260364,'{"blocks":[{"key":"8ilca","text":"최신식 인테리어로 꾸며진 우리 오피스는 창의적인 업무 환경을 제공합니다. ","type":"unstyled","depth":0,"inlineStyleRanges":[],"entityRanges":[],"data":{}},{"key":"2cca0","text":"넓고 환한 공간에서 팀원들과 협력하며 효율적인 업무를 진행할 수 있습니다.","type":"unstyled","depth":0,"inlineStyleRanges":[],"entityRanges":[],"data":{}},{"key":"3f4vs","text":"또한, 각종 편의시설이 완비되어 있어 직원들의 만족도를 높이고 있습니다.","type":"unstyled","depth":0,"inlineStyleRanges":[],"entityRanges":[],"data":{}}],"entityMap":{}}',1719826,60,'cab390e1-9739-45d0-aa78-82d579961802.webp',2,to_timestamp('08/08/24','DD/MM/RR HH24:MI:SSXFF'));
Insert into "OFFICE24"."OFFICE" (NO,MANAGER_NO,TITLE,ADDRESS,ZIP_CODE,SIDO,LATITUDE,LONGITUDE,CONTENT,PRICE,CAPACITY,TITLE_IMG,AVAILABILITY,REG_DATE) values (13,1,'두온 오피스','경기 부천시 소사구 경인로 39','14729','경기',37.4837539645701,126.759692009719,'{"blocks":[{"key":"vcbk","text":"최신식 인테리어로 꾸며진 우리 오피스는 창의적인 업무 환경을 제공합니다. ","type":"unstyled","depth":0,"inlineStyleRanges":[],"entityRanges":[],"data":{}},{"key":"27sp2","text":"넓고 환한 공간에서 팀원들과 협력하며 효율적인 업무를 진행할 수 있습니다.","type":"unstyled","depth":0,"inlineStyleRanges":[],"entityRanges":[],"data":{}},{"key":"6mkie","text":"또한, 각종 편의시설이 완비되어 있어 직원들의 만족도를 높이고 있습니다.","type":"unstyled","depth":0,"inlineStyleRanges":[],"entityRanges":[],"data":{}}],"entityMap":{}}',1490717,130,'d411ffdd-0dfa-4776-be9c-6029a9f445ba.webp',2,to_timestamp('08/08/24','DD/MM/RR HH24:MI:SSXFF'));
Insert into "OFFICE24"."OFFICE" (NO,MANAGER_NO,TITLE,ADDRESS,ZIP_CODE,SIDO,LATITUDE,LONGITUDE,CONTENT,PRICE,CAPACITY,TITLE_IMG,AVAILABILITY,REG_DATE) values (19,1,'별솔 오피스','서울 강남구 도산대로 403','06014','서울',37.5236371207764,127.039611950875,'{"blocks":[{"key":"69mrc","text":"최신식 인테리어로 꾸며진 우리 오피스는 창의적인 업무 환경을 제공합니다. ","type":"unstyled","depth":0,"inlineStyleRanges":[],"entityRanges":[],"data":{}},{"key":"24mdn","text":"넓고 환한 공간에서 팀원들과 협력하며 효율적인 업무를 진행할 수 있습니다.","type":"unstyled","depth":0,"inlineStyleRanges":[],"entityRanges":[],"data":{}},{"key":"dmqfo","text":"또한, 각종 편의시설이 완비되어 있어 직원들의 만족도를 높이고 있습니다.","type":"unstyled","depth":0,"inlineStyleRanges":[],"entityRanges":[],"data":{}}],"entityMap":{}}',106927,190,'a4987bdc-990c-4719-b925-2cc88a21b03b.webp',0,to_timestamp('08/08/24','DD/MM/RR HH24:MI:SSXFF'));
Insert into "OFFICE24"."OFFICE" (NO,MANAGER_NO,TITLE,ADDRESS,ZIP_CODE,SIDO,LATITUDE,LONGITUDE,CONTENT,PRICE,CAPACITY,TITLE_IMG,AVAILABILITY,REG_DATE) values (26,1,'새길 오피스','서울 마포구 독막로 11-5','04046','서울',37.5490011744468,126.914834884385,'{"blocks":[{"key":"aqgq","text":"최신식 인테리어로 꾸며진 우리 오피스는 창의적인 업무 환경을 제공합니다. ","type":"unstyled","depth":0,"inlineStyleRanges":[],"entityRanges":[],"data":{}},{"key":"e1n9i","text":"넓고 환한 공간에서 팀원들과 협력하며 효율적인 업무를 진행할 수 있습니다.","type":"unstyled","depth":0,"inlineStyleRanges":[],"entityRanges":[],"data":{}},{"key":"3rl5f","text":"또한, 각종 편의시설이 완비되어 있어 직원들의 만족도를 높이고 있습니다.","type":"unstyled","depth":0,"inlineStyleRanges":[],"entityRanges":[],"data":{}}],"entityMap":{}}',1614115,260,'07676708-dfa8-4491-bc6e-d14d49f17627.webp',1,to_timestamp('08/08/24','DD/MM/RR HH24:MI:SSXFF'));
Insert into "OFFICE24"."OFFICE" (NO,MANAGER_NO,TITLE,ADDRESS,ZIP_CODE,SIDO,LATITUDE,LONGITUDE,CONTENT,PRICE,CAPACITY,TITLE_IMG,AVAILABILITY,REG_DATE) values (32,1,'소예 오피스','경북 김천시 가메실길 5-4','39626','경북',36.1234301910254,128.102310647447,'{"blocks":[{"key":"bbvpo","text":"최신식 인테리어로 꾸며진 우리 오피스는 창의적인 업무 환경을 제공합니다. ","type":"unstyled","depth":0,"inlineStyleRanges":[],"entityRanges":[],"data":{}},{"key":"6u720","text":"넓고 환한 공간에서 팀원들과 협력하며 효율적인 업무를 진행할 수 있습니다.","type":"unstyled","depth":0,"inlineStyleRanges":[],"entityRanges":[],"data":{}},{"key":"47qh","text":"또한, 각종 편의시설이 완비되어 있어 직원들의 만족도를 높이고 있습니다.","type":"unstyled","depth":0,"inlineStyleRanges":[],"entityRanges":[],"data":{}}],"entityMap":{}}',1364256,320,'483e23b6-0172-475f-9815-123903b8ac76.webp',2,to_timestamp('08/08/24','DD/MM/RR HH24:MI:SSXFF'));
Insert into "OFFICE24"."OFFICE" (NO,MANAGER_NO,TITLE,ADDRESS,ZIP_CODE,SIDO,LATITUDE,LONGITUDE,CONTENT,PRICE,CAPACITY,TITLE_IMG,AVAILABILITY,REG_DATE) values (36,1,'아라 오피스','충북 청주시 상당구 가덕면 계산1길 33','28204','충북',36.5526077470912,127.558566316762,'{"blocks":[{"key":"7kg87","text":"최신식 인테리어로 꾸며진 우리 오피스는 창의적인 업무 환경을 제공합니다. ","type":"unstyled","depth":0,"inlineStyleRanges":[],"entityRanges":[],"data":{}},{"key":"cv2gl","text":"넓고 환한 공간에서 팀원들과 협력하며 효율적인 업무를 진행할 수 있습니다.","type":"unstyled","depth":0,"inlineStyleRanges":[],"entityRanges":[],"data":{}},{"key":"5lgff","text":"또한, 각종 편의시설이 완비되어 있어 직원들의 만족도를 높이고 있습니다.","type":"unstyled","depth":0,"inlineStyleRanges":[],"entityRanges":[],"data":{}}],"entityMap":{}}',1535291,360,'2b0ec7a7-9c3f-4af7-bcbf-bc9d25555e67.webp',0,to_timestamp('08/08/24','DD/MM/RR HH24:MI:SSXFF'));
Insert into "OFFICE24"."OFFICE" (NO,MANAGER_NO,TITLE,ADDRESS,ZIP_CODE,SIDO,LATITUDE,LONGITUDE,CONTENT,PRICE,CAPACITY,TITLE_IMG,AVAILABILITY,REG_DATE) values (41,1,'우솔 오피스','경기 여주시 가남읍 가남로 24','12661','경기',37.2221616510773,127.559463643659,'{"blocks":[{"key":"5as4g","text":"최신식 인테리어로 꾸며진 우리 오피스는 창의적인 업무 환경을 제공합니다. ","type":"unstyled","depth":0,"inlineStyleRanges":[],"entityRanges":[],"data":{}},{"key":"4jqgf","text":"넓고 환한 공간에서 팀원들과 협력하며 효율적인 업무를 진행할 수 있습니다.","type":"unstyled","depth":0,"inlineStyleRanges":[],"entityRanges":[],"data":{}},{"key":"48b74","text":"또한, 각종 편의시설이 완비되어 있어 직원들의 만족도를 높이고 있습니다.","type":"unstyled","depth":0,"inlineStyleRanges":[],"entityRanges":[],"data":{}}],"entityMap":{}}',1769005,410,'148cf0c8-f944-46b5-9685-03794db2fdce.webp',1,to_timestamp('08/08/24','DD/MM/RR HH24:MI:SSXFF'));
Insert into "OFFICE24"."OFFICE" (NO,MANAGER_NO,TITLE,ADDRESS,ZIP_CODE,SIDO,LATITUDE,LONGITUDE,CONTENT,PRICE,CAPACITY,TITLE_IMG,AVAILABILITY,REG_DATE) values (46,1,'은솔 오피스','광주 북구 하남대로 798','61263','광주',35.1708837209175,126.879930406743,'{"blocks":[{"key":"178v5","text":"최신식 인테리어로 꾸며진 우리 오피스는 창의적인 업무 환경을 제공합니다. ","type":"unstyled","depth":0,"inlineStyleRanges":[],"entityRanges":[],"data":{}},{"key":"392i0","text":"넓고 환한 공간에서 팀원들과 협력하며 효율적인 업무를 진행할 수 있습니다.","type":"unstyled","depth":0,"inlineStyleRanges":[],"entityRanges":[],"data":{}},{"key":"cuql4","text":"또한, 각종 편의시설이 완비되어 있어 직원들의 만족도를 높이고 있습니다.","type":"unstyled","depth":0,"inlineStyleRanges":[],"entityRanges":[],"data":{}}],"entityMap":{}}',1697960,460,'6d067a0e-246c-4f99-b457-206eb20d14a7.webp',0,to_timestamp('08/08/24','DD/MM/RR HH24:MI:SSXFF'));
Insert into "OFFICE24"."OFFICE" (NO,MANAGER_NO,TITLE,ADDRESS,ZIP_CODE,SIDO,LATITUDE,LONGITUDE,CONTENT,PRICE,CAPACITY,TITLE_IMG,AVAILABILITY,REG_DATE) values (51,1,'잔별 오피스','부산 해운대구 동백로 27','48093','부산',35.1591252035445,129.151444770089,'{"blocks":[{"key":"6e42k","text":"최신식 인테리어로 꾸며진 우리 오피스는 창의적인 업무 환경을 제공합니다. ","type":"unstyled","depth":0,"inlineStyleRanges":[],"entityRanges":[],"data":{}},{"key":"eqsmp","text":"넓고 환한 공간에서 팀원들과 협력하며 효율적인 업무를 진행할 수 있습니다.","type":"unstyled","depth":0,"inlineStyleRanges":[],"entityRanges":[],"data":{}},{"key":"6f1if","text":"또한, 각종 편의시설이 완비되어 있어 직원들의 만족도를 높이고 있습니다.","type":"unstyled","depth":0,"inlineStyleRanges":[],"entityRanges":[],"data":{}}],"entityMap":{}}',1342475,510,'753344ce-8a63-4463-8be1-21660efe706d.webp',2,to_timestamp('08/08/24','DD/MM/RR HH24:MI:SSXFF'));
Insert into "OFFICE24"."OFFICE" (NO,MANAGER_NO,TITLE,ADDRESS,ZIP_CODE,SIDO,LATITUDE,LONGITUDE,CONTENT,PRICE,CAPACITY,TITLE_IMG,AVAILABILITY,REG_DATE) values (55,1,'지은 오피스','서울 금천구 가마산로 72','08500','서울',37.4849670904198,126.874544547722,'{"blocks":[{"key":"3obke","text":"최신식 인테리어로 꾸며진 우리 오피스는 창의적인 업무 환경을 제공합니다. ","type":"unstyled","depth":0,"inlineStyleRanges":[],"entityRanges":[],"data":{}},{"key":"ecj7a","text":"넓고 환한 공간에서 팀원들과 협력하며 효율적인 업무를 진행할 수 있습니다.","type":"unstyled","depth":0,"inlineStyleRanges":[],"entityRanges":[],"data":{}},{"key":"hmdh","text":"또한, 각종 편의시설이 완비되어 있어 직원들의 만족도를 높이고 있습니다.","type":"unstyled","depth":0,"inlineStyleRanges":[],"entityRanges":[],"data":{}}],"entityMap":{}}',1344777,550,'562d3492-95c0-4feb-89d3-90bd617e4e4e.webp',2,to_timestamp('08/08/24','DD/MM/RR HH24:MI:SSXFF'));
Insert into "OFFICE24"."OFFICE" (NO,MANAGER_NO,TITLE,ADDRESS,ZIP_CODE,SIDO,LATITUDE,LONGITUDE,CONTENT,PRICE,CAPACITY,TITLE_IMG,AVAILABILITY,REG_DATE) values (61,1,'키움 오피스','서울 강남구 개포로 205','06303','서울',37.4785453904239,127.045110080411,'{"blocks":[{"key":"1brh6","text":"최신식 인테리어로 꾸며진 우리 오피스는 창의적인 업무 환경을 제공합니다. ","type":"unstyled","depth":0,"inlineStyleRanges":[],"entityRanges":[],"data":{}},{"key":"9nfsa","text":"넓고 환한 공간에서 팀원들과 협력하며 효율적인 업무를 진행할 수 있습니다.","type":"unstyled","depth":0,"inlineStyleRanges":[],"entityRanges":[],"data":{}},{"key":"c5du7","text":"또한, 각종 편의시설이 완비되어 있어 직원들의 만족도를 높이고 있습니다.","type":"unstyled","depth":0,"inlineStyleRanges":[],"entityRanges":[],"data":{}}],"entityMap":{}}',1936188,610,'551d4a41-55b7-4482-bbeb-ecfbbd1fca38.webp',0,to_timestamp('08/08/24','DD/MM/RR HH24:MI:SSXFF'));
Insert into "OFFICE24"."OFFICE" (NO,MANAGER_NO,TITLE,ADDRESS,ZIP_CODE,SIDO,LATITUDE,LONGITUDE,CONTENT,PRICE,CAPACITY,TITLE_IMG,AVAILABILITY,REG_DATE) values (68,1,'하랑 오피스','서울 강서구 가로공원로 178-6','07761','서울',37.5365448980798,126.83570771912,'{"blocks":[{"key":"ejr6r","text":"직원들의 창의력과 효율성을 높이는 공간으로 설계된 우리 오피스는 세련된 디자인과 함께 편안함을 제공합니다. ","type":"unstyled","depth":0,"inlineStyleRanges":[],"entityRanges":[],"data":{}},{"key":"fe556","text":"각종 편의시설과 카페테리아, 휴게실이 구비되어 있어 업무 중에도 최상의 컨디션을 유지할 수 있습니다.","type":"unstyled","depth":0,"inlineStyleRanges":[],"entityRanges":[],"data":{}},{"key":"7l6rr","text":"이곳에서 꿈을 현실로 만들어 보세요.","type":"unstyled","depth":0,"inlineStyleRanges":[],"entityRanges":[],"data":{}}],"entityMap":{}}',1834952,680,'597bbb8c-a43c-4c4f-afa1-0795bb6ab015.webp',2,to_timestamp('08/08/24','DD/MM/RR HH24:MI:SSXFF'));
Insert into "OFFICE24"."OFFICE" (NO,MANAGER_NO,TITLE,ADDRESS,ZIP_CODE,SIDO,LATITUDE,LONGITUDE,CONTENT,PRICE,CAPACITY,TITLE_IMG,AVAILABILITY,REG_DATE) values (73,1,'해길 오피스','서울 강남구 강남대로 302','06253','서울',37.4903138653759,127.031666431893,'{"blocks":[{"key":"egnqc","text":"직원들의 창의력과 효율성을 높이는 공간으로 설계된 우리 오피스는 세련된 디자인과 함께 편안함을 제공합니다. ","type":"unstyled","depth":0,"inlineStyleRanges":[],"entityRanges":[],"data":{}},{"key":"apab6","text":"각종 편의시설과 카페테리아, 휴게실이 구비되어 있어 업무 중에도 최상의 컨디션을 유지할 수 있습니다.","type":"unstyled","depth":0,"inlineStyleRanges":[],"entityRanges":[],"data":{}},{"key":"6nhhn","text":"이곳에서 꿈을 현실로 만들어 보세요.","type":"unstyled","depth":0,"inlineStyleRanges":[],"entityRanges":[],"data":{}}],"entityMap":{}}',507512,730,'a9bc36f3-c69e-4037-ae5c-69e358c84194.webp',1,to_timestamp('08/08/24','DD/MM/RR HH24:MI:SSXFF'));
Insert into "OFFICE24"."OFFICE" (NO,MANAGER_NO,TITLE,ADDRESS,ZIP_CODE,SIDO,LATITUDE,LONGITUDE,CONTENT,PRICE,CAPACITY,TITLE_IMG,AVAILABILITY,REG_DATE) values (78,1,'희라 오피스','서울 중구 난계로 129-9','04579','서울',37.5634336534962,127.0237612454,'{"blocks":[{"key":"2d0m1","text":"직원들의 창의력과 효율성을 높이는 공간으로 설계된 우리 오피스는 세련된 디자인과 함께 편안함을 제공합니다. ","type":"unstyled","depth":0,"inlineStyleRanges":[],"entityRanges":[],"data":{}},{"key":"8d38n","text":"각종 편의시설과 카페테리아, 휴게실이 구비되어 있어 업무 중에도 최상의 컨디션을 유지할 수 있습니다.","type":"unstyled","depth":0,"inlineStyleRanges":[],"entityRanges":[],"data":{}},{"key":"bjunr","text":"이곳에서 꿈을 현실로 만들어 보세요.","type":"unstyled","depth":0,"inlineStyleRanges":[],"entityRanges":[],"data":{}}],"entityMap":{}}',1203039,780,'cb22ea07-6916-4122-936e-b8f25f905a57.webp',2,to_timestamp('08/08/24','DD/MM/RR HH24:MI:SSXFF'));
Insert into "OFFICE24"."OFFICE" (NO,MANAGER_NO,TITLE,ADDRESS,ZIP_CODE,SIDO,LATITUDE,LONGITUDE,CONTENT,PRICE,CAPACITY,TITLE_IMG,AVAILABILITY,REG_DATE) values (83,1,'창의공간','서울 용산구 남산공원길 126','04340','서울',37.5508568584843,126.990759396185,'{"blocks":[{"key":"b58k3","text":"우리 오피스는 효율적인 업무 처리를 위한 최적의 환경을 제공합니다.","type":"unstyled","depth":0,"inlineStyleRanges":[],"entityRanges":[],"data":{}},{"key":"6f5cr","text":"밝고 모던한 인테리어가 돋보이며, 다양한 회의실과 협업 공간이 마련되어 있어 팀 간 소통과 협력이 원활합니다.","type":"unstyled","depth":0,"inlineStyleRanges":[],"entityRanges":[],"data":{}},{"key":"7ksr","text":"편안한 휴게 공간과 최신 IT 설비를 갖춘 이곳에서 생산성을 극대화해 보세요.","type":"unstyled","depth":0,"inlineStyleRanges":[],"entityRanges":[],"data":{}}],"entityMap":{}}',621909,830,'505b5870-6d92-4feb-9c73-bdb2103d3e26.webp',0,to_timestamp('08/08/24','DD/MM/RR HH24:MI:SSXFF'));
Insert into "OFFICE24"."OFFICE" (NO,MANAGER_NO,TITLE,ADDRESS,ZIP_CODE,SIDO,LATITUDE,LONGITUDE,CONTENT,PRICE,CAPACITY,TITLE_IMG,AVAILABILITY,REG_DATE) values (87,1,'누리봄 오피스','경기 수원시 영통구 광교로 116','16509','경기',37.2908855448012,127.046154428217,'{"blocks":[{"key":"fvqmt","text":"직원들의 창의력과 효율성을 높이는 공간으로 설계된 우리 오피스는 세련된 디자인과 함께 편안함을 제공합니다. ","type":"unstyled","depth":0,"inlineStyleRanges":[],"entityRanges":[],"data":{}},{"key":"159gj","text":"각종 편의시설과 카페테리아, 휴게실이 구비되어 있어 업무 중에도 최상의 컨디션을 유지할 수 있습니다.","type":"unstyled","depth":0,"inlineStyleRanges":[],"entityRanges":[],"data":{}},{"key":"8tgq2","text":"이곳에서 꿈을 현실로 만들어 보세요.","type":"unstyled","depth":0,"inlineStyleRanges":[],"entityRanges":[],"data":{}}],"entityMap":{}}',786539,870,'65cc5122-e218-49a3-8ab6-b4ec3c41ab86.webp',2,to_timestamp('08/08/24','DD/MM/RR HH24:MI:SSXFF'));
Insert into "OFFICE24"."OFFICE" (NO,MANAGER_NO,TITLE,ADDRESS,ZIP_CODE,SIDO,LATITUDE,LONGITUDE,CONTENT,PRICE,CAPACITY,TITLE_IMG,AVAILABILITY,REG_DATE) values (92,1,'창의누리','부산 강서구 가달1로 65','46729','부산',35.1356900611235,128.871157660027,'{"blocks":[{"key":"3o17s","text":"우리 오피스는 디지털 시대에 맞춘 최첨단 기술과 혁신적인 디자인이 조화를 이루는 공간입니다.","type":"unstyled","depth":0,"inlineStyleRanges":[],"entityRanges":[],"data":{}},{"key":"7r5oa","text":"스마트 업무 환경이 구축되어 언제 어디서나 자유롭게 일할 수 있으며, 유연한 근무 방식과 다양한 협업 툴이 지원됩니다.","type":"unstyled","depth":0,"inlineStyleRanges":[],"entityRanges":[],"data":{}},{"key":"c12cl","text":"이곳에서 미래를 준비하며 한 걸음 앞서 나가세요.","type":"unstyled","depth":0,"inlineStyleRanges":[],"entityRanges":[],"data":{}}],"entityMap":{}}',304049,920,'5e121458-f209-44cc-9041-b7527398a0ac.webp',0,to_timestamp('08/08/24','DD/MM/RR HH24:MI:SSXFF'));
Insert into "OFFICE24"."OFFICE" (NO,MANAGER_NO,TITLE,ADDRESS,ZIP_CODE,SIDO,LATITUDE,LONGITUDE,CONTENT,PRICE,CAPACITY,TITLE_IMG,AVAILABILITY,REG_DATE) values (97,1,'새싹마루','서울 서초구 강남대로 82','06779','서울',37.4718602303464,127.039119873944,'{"blocks":[{"key":"atvh8","text":"최신식 인테리어로 꾸며진 우리 오피스는 창의적인 업무 환경을 제공합니다. ","type":"unstyled","depth":0,"inlineStyleRanges":[],"entityRanges":[],"data":{}},{"key":"b817d","text":"넓고 환한 공간에서 팀원들과 협력하며 효율적인 업무를 진행할 수 있습니다.","type":"unstyled","depth":0,"inlineStyleRanges":[],"entityRanges":[],"data":{}},{"key":"c33rh","text":"또한, 각종 편의시설이 완비되어 있어 직원들의 만족도를 높이고 있습니다.","type":"unstyled","depth":0,"inlineStyleRanges":[],"entityRanges":[],"data":{}}],"entityMap":{}}',1209133,970,'efeb1c2d-ef8d-4565-be0b-e4e61648ad80.webp',0,to_timestamp('08/08/24','DD/MM/RR HH24:MI:SSXFF'));
Insert into "OFFICE24"."OFFICE" (NO,MANAGER_NO,TITLE,ADDRESS,ZIP_CODE,SIDO,LATITUDE,LONGITUDE,CONTENT,PRICE,CAPACITY,TITLE_IMG,AVAILABILITY,REG_DATE) values (12,1,'도담 오피스','서울 구로구 경인로 579','08212','서울',37.5046253136613,126.880875262842,'{"blocks":[{"key":"dnfei","text":"최신식 인테리어로 꾸며진 우리 오피스는 창의적인 업무 환경을 제공합니다. ","type":"unstyled","depth":0,"inlineStyleRanges":[],"entityRanges":[],"data":{}},{"key":"ck6f9","text":"넓고 환한 공간에서 팀원들과 협력하며 효율적인 업무를 진행할 수 있습니다.","type":"unstyled","depth":0,"inlineStyleRanges":[],"entityRanges":[],"data":{}},{"key":"f01ah","text":"또한, 각종 편의시설이 완비되어 있어 직원들의 만족도를 높이고 있습니다.","type":"unstyled","depth":0,"inlineStyleRanges":[],"entityRanges":[],"data":{}}],"entityMap":{}}',1341441,120,'b81fedd1-8e27-450d-8b82-08db9fae6f8d.webp',1,to_timestamp('08/08/24','DD/MM/RR HH24:MI:SSXFF'));
Insert into "OFFICE24"."OFFICE" (NO,MANAGER_NO,TITLE,ADDRESS,ZIP_CODE,SIDO,LATITUDE,LONGITUDE,CONTENT,PRICE,CAPACITY,TITLE_IMG,AVAILABILITY,REG_DATE) values (16,1,'루리 오피스','서울 성동구 마장로 220-5','04708','서울',37.5660638448645,127.034362609064,'{"blocks":[{"key":"cjm9t","text":"최신식 인테리어로 꾸며진 우리 오피스는 창의적인 업무 환경을 제공합니다. ","type":"unstyled","depth":0,"inlineStyleRanges":[],"entityRanges":[],"data":{}},{"key":"6aqjd","text":"넓고 환한 공간에서 팀원들과 협력하며 효율적인 업무를 진행할 수 있습니다.","type":"unstyled","depth":0,"inlineStyleRanges":[],"entityRanges":[],"data":{}},{"key":"5mpv6","text":"또한, 각종 편의시설이 완비되어 있어 직원들의 만족도를 높이고 있습니다.","type":"unstyled","depth":0,"inlineStyleRanges":[],"entityRanges":[],"data":{}}],"entityMap":{}}',1715542,160,'4310efcd-a3c0-4082-a513-a3478ff99017.webp',2,to_timestamp('08/08/24','DD/MM/RR HH24:MI:SSXFF'));
Insert into "OFFICE24"."OFFICE" (NO,MANAGER_NO,TITLE,ADDRESS,ZIP_CODE,SIDO,LATITUDE,LONGITUDE,CONTENT,PRICE,CAPACITY,TITLE_IMG,AVAILABILITY,REG_DATE) values (17,1,'마루 오피스','서울 성동구 고산자로 253','04709','서울',37.562403635681,127.035585916974,'{"blocks":[{"key":"chb1b","text":"최신식 인테리어로 꾸며진 우리 오피스는 창의적인 업무 환경을 제공합니다. ","type":"unstyled","depth":0,"inlineStyleRanges":[],"entityRanges":[],"data":{}},{"key":"f9tm2","text":"넓고 환한 공간에서 팀원들과 협력하며 효율적인 업무를 진행할 수 있습니다.","type":"unstyled","depth":0,"inlineStyleRanges":[],"entityRanges":[],"data":{}},{"key":"4vgmk","text":"또한, 각종 편의시설이 완비되어 있어 직원들의 만족도를 높이고 있습니다.","type":"unstyled","depth":0,"inlineStyleRanges":[],"entityRanges":[],"data":{}}],"entityMap":{}}',1557627,170,'8d462b14-d6d9-4c9a-be03-beaac6af973b.webp',0,to_timestamp('08/08/24','DD/MM/RR HH24:MI:SSXFF'));
Insert into "OFFICE24"."OFFICE" (NO,MANAGER_NO,TITLE,ADDRESS,ZIP_CODE,SIDO,LATITUDE,LONGITUDE,CONTENT,PRICE,CAPACITY,TITLE_IMG,AVAILABILITY,REG_DATE) values (18,1,'바름 오피스','서울 강남구 도산대로 404','06062','서울',37.522927137371,127.039860222522,'{"blocks":[{"key":"cro10","text":"최신식 인테리어로 꾸며진 우리 오피스는 창의적인 업무 환경을 제공합니다. ","type":"unstyled","depth":0,"inlineStyleRanges":[],"entityRanges":[],"data":{}},{"key":"ane6k","text":"넓고 환한 공간에서 팀원들과 협력하며 효율적인 업무를 진행할 수 있습니다.","type":"unstyled","depth":0,"inlineStyleRanges":[],"entityRanges":[],"data":{}},{"key":"60naa","text":"또한, 각종 편의시설이 완비되어 있어 직원들의 만족도를 높이고 있습니다.","type":"unstyled","depth":0,"inlineStyleRanges":[],"entityRanges":[],"data":{}}],"entityMap":{}}',1943761,180,'c83f2632-3f7a-4dbc-8c51-7e45719aafc9.webp',1,to_timestamp('08/08/24','DD/MM/RR HH24:MI:SSXFF'));
Insert into "OFFICE24"."OFFICE" (NO,MANAGER_NO,TITLE,ADDRESS,ZIP_CODE,SIDO,LATITUDE,LONGITUDE,CONTENT,PRICE,CAPACITY,TITLE_IMG,AVAILABILITY,REG_DATE) values (24,1,'빛길 오피스','서울 종로구 종로 1','03154','서울',37.5709578373114,126.977928770123,'{"blocks":[{"key":"26pa8","text":"최신식 인테리어로 꾸며진 우리 오피스는 창의적인 업무 환경을 제공합니다. ","type":"unstyled","depth":0,"inlineStyleRanges":[],"entityRanges":[],"data":{}},{"key":"5bpmg","text":"넓고 환한 공간에서 팀원들과 협력하며 효율적인 업무를 진행할 수 있습니다.","type":"unstyled","depth":0,"inlineStyleRanges":[],"entityRanges":[],"data":{}},{"key":"e7661","text":"또한, 각종 편의시설이 완비되어 있어 직원들의 만족도를 높이고 있습니다.","type":"unstyled","depth":0,"inlineStyleRanges":[],"entityRanges":[],"data":{}}],"entityMap":{}}',1940037,240,'f4fa06b2-bcf3-43ee-ae68-8b44278f24a8.webp',0,to_timestamp('08/08/24','DD/MM/RR HH24:MI:SSXFF'));
Insert into "OFFICE24"."OFFICE" (NO,MANAGER_NO,TITLE,ADDRESS,ZIP_CODE,SIDO,LATITUDE,LONGITUDE,CONTENT,PRICE,CAPACITY,TITLE_IMG,AVAILABILITY,REG_DATE) values (25,1,'빛솔 오피스','서울 마포구 동교로 47-21','04018','서울',37.5529440953954,126.906692602698,'{"blocks":[{"key":"c9mr9","text":"최신식 인테리어로 꾸며진 우리 오피스는 창의적인 업무 환경을 제공합니다. ","type":"unstyled","depth":0,"inlineStyleRanges":[],"entityRanges":[],"data":{}},{"key":"81tk0","text":"넓고 환한 공간에서 팀원들과 협력하며 효율적인 업무를 진행할 수 있습니다.","type":"unstyled","depth":0,"inlineStyleRanges":[],"entityRanges":[],"data":{}},{"key":"3s5ag","text":"또한, 각종 편의시설이 완비되어 있어 직원들의 만족도를 높이고 있습니다.","type":"unstyled","depth":0,"inlineStyleRanges":[],"entityRanges":[],"data":{}}],"entityMap":{}}',1085154,250,'6dc4115c-ab36-4f12-b293-4e5c7f1a63b2.webp',2,to_timestamp('08/08/24','DD/MM/RR HH24:MI:SSXFF'));
Insert into "OFFICE24"."OFFICE" (NO,MANAGER_NO,TITLE,ADDRESS,ZIP_CODE,SIDO,LATITUDE,LONGITUDE,CONTENT,PRICE,CAPACITY,TITLE_IMG,AVAILABILITY,REG_DATE) values (28,1,'샛별 오피스','서울 용산구 대사관로 46','04402','서울',37.5333055265339,127.003049346379,'{"blocks":[{"key":"1kk9l","text":"최신식 인테리어로 꾸며진 우리 오피스는 창의적인 업무 환경을 제공합니다. ","type":"unstyled","depth":0,"inlineStyleRanges":[],"entityRanges":[],"data":{}},{"key":"dgimd","text":"넓고 환한 공간에서 팀원들과 협력하며 효율적인 업무를 진행할 수 있습니다.","type":"unstyled","depth":0,"inlineStyleRanges":[],"entityRanges":[],"data":{}},{"key":"522v1","text":"또한, 각종 편의시설이 완비되어 있어 직원들의 만족도를 높이고 있습니다.","type":"unstyled","depth":0,"inlineStyleRanges":[],"entityRanges":[],"data":{}}],"entityMap":{}}',1070923,280,'1246ed48-46e4-44aa-b31d-8d46a291ece4.webp',1,to_timestamp('08/08/24','DD/MM/RR HH24:MI:SSXFF'));
Insert into "OFFICE24"."OFFICE" (NO,MANAGER_NO,TITLE,ADDRESS,ZIP_CODE,SIDO,LATITUDE,LONGITUDE,CONTENT,PRICE,CAPACITY,TITLE_IMG,AVAILABILITY,REG_DATE) values (30,1,'세찬 오피스','서울 강남구 압구정로29길 65','06005','서울',37.5318069076157,127.027000294801,'{"blocks":[{"key":"5moa6","text":"최신식 인테리어로 꾸며진 우리 오피스는 창의적인 업무 환경을 제공합니다. ","type":"unstyled","depth":0,"inlineStyleRanges":[],"entityRanges":[],"data":{}},{"key":"ei5iv","text":"넓고 환한 공간에서 팀원들과 협력하며 효율적인 업무를 진행할 수 있습니다.","type":"unstyled","depth":0,"inlineStyleRanges":[],"entityRanges":[],"data":{}},{"key":"9btb1","text":"또한, 각종 편의시설이 완비되어 있어 직원들의 만족도를 높이고 있습니다.","type":"unstyled","depth":0,"inlineStyleRanges":[],"entityRanges":[],"data":{}}],"entityMap":{}}',633372,300,'bc7cabc2-28f9-430f-9e9a-bbd8806e4033.webp',2,to_timestamp('08/08/24','DD/MM/RR HH24:MI:SSXFF'));
Insert into "OFFICE24"."OFFICE" (NO,MANAGER_NO,TITLE,ADDRESS,ZIP_CODE,SIDO,LATITUDE,LONGITUDE,CONTENT,PRICE,CAPACITY,TITLE_IMG,AVAILABILITY,REG_DATE) values (33,1,'솔찬 오피스','경북 경주시 갈밭들1길 16-2','38200','경북',35.7689406442134,129.283680977199,'{"blocks":[{"key":"euu0q","text":"최신식 인테리어로 꾸며진 우리 오피스는 창의적인 업무 환경을 제공합니다. ","type":"unstyled","depth":0,"inlineStyleRanges":[],"entityRanges":[],"data":{}},{"key":"elck8","text":"넓고 환한 공간에서 팀원들과 협력하며 효율적인 업무를 진행할 수 있습니다.","type":"unstyled","depth":0,"inlineStyleRanges":[],"entityRanges":[],"data":{}},{"key":"fr6ug","text":"또한, 각종 편의시설이 완비되어 있어 직원들의 만족도를 높이고 있습니다.","type":"unstyled","depth":0,"inlineStyleRanges":[],"entityRanges":[],"data":{}}],"entityMap":{}}',1211625,330,'c4212310-8a08-474f-9ee7-771b71dcbd6e.webp',2,to_timestamp('08/08/24','DD/MM/RR HH24:MI:SSXFF'));
Insert into "OFFICE24"."OFFICE" (NO,MANAGER_NO,TITLE,ADDRESS,ZIP_CODE,SIDO,LATITUDE,LONGITUDE,CONTENT,PRICE,CAPACITY,TITLE_IMG,AVAILABILITY,REG_DATE) values (34,1,'슬예 오피스','전남 나주시 가마태길 11-1','58272','전남',34.9947191705651,126.717687861728,'{"blocks":[{"key":"ovkl","text":"최신식 인테리어로 꾸며진 우리 오피스는 창의적인 업무 환경을 제공합니다. ","type":"unstyled","depth":0,"inlineStyleRanges":[],"entityRanges":[],"data":{}},{"key":"8r0ha","text":"넓고 환한 공간에서 팀원들과 협력하며 효율적인 업무를 진행할 수 있습니다.","type":"unstyled","depth":0,"inlineStyleRanges":[],"entityRanges":[],"data":{}},{"key":"9a209","text":"또한, 각종 편의시설이 완비되어 있어 직원들의 만족도를 높이고 있습니다.","type":"unstyled","depth":0,"inlineStyleRanges":[],"entityRanges":[],"data":{}}],"entityMap":{}}',667737,340,'afb04471-71db-4251-9656-ddba4875610f.webp',0,to_timestamp('08/08/24','DD/MM/RR HH24:MI:SSXFF'));
Insert into "OFFICE24"."OFFICE" (NO,MANAGER_NO,TITLE,ADDRESS,ZIP_CODE,SIDO,LATITUDE,LONGITUDE,CONTENT,PRICE,CAPACITY,TITLE_IMG,AVAILABILITY,REG_DATE) values (35,1,'슬찬 오피스','전북특별자치도 전주시 덕진구 가련산로 6','54892','전북',35.8404491717528,127.110271327186,'{"blocks":[{"key":"2olk1","text":"최신식 인테리어로 꾸며진 우리 오피스는 창의적인 업무 환경을 제공합니다. ","type":"unstyled","depth":0,"inlineStyleRanges":[],"entityRanges":[],"data":{}},{"key":"bd0c4","text":"넓고 환한 공간에서 팀원들과 협력하며 효율적인 업무를 진행할 수 있습니다.","type":"unstyled","depth":0,"inlineStyleRanges":[],"entityRanges":[],"data":{}},{"key":"5em21","text":"또한, 각종 편의시설이 완비되어 있어 직원들의 만족도를 높이고 있습니다.","type":"unstyled","depth":0,"inlineStyleRanges":[],"entityRanges":[],"data":{}}],"entityMap":{}}',417040,350,'b83bb5e6-88ea-4a9a-87f6-3f647dc56eea.webp',1,to_timestamp('08/08/24','DD/MM/RR HH24:MI:SSXFF'));
Insert into "OFFICE24"."OFFICE" (NO,MANAGER_NO,TITLE,ADDRESS,ZIP_CODE,SIDO,LATITUDE,LONGITUDE,CONTENT,PRICE,CAPACITY,TITLE_IMG,AVAILABILITY,REG_DATE) values (37,1,'아란 오피스','충북 청주시 상당구 가덕면 가덕시동길 10','28204','충북',36.567955095241,127.568082707601,'{"blocks":[{"key":"40rjd","text":"최신식 인테리어로 꾸며진 우리 오피스는 창의적인 업무 환경을 제공합니다. ","type":"unstyled","depth":0,"inlineStyleRanges":[],"entityRanges":[],"data":{}},{"key":"1hao0","text":"넓고 환한 공간에서 팀원들과 협력하며 효율적인 업무를 진행할 수 있습니다.","type":"unstyled","depth":0,"inlineStyleRanges":[],"entityRanges":[],"data":{}},{"key":"6qp3v","text":"또한, 각종 편의시설이 완비되어 있어 직원들의 만족도를 높이고 있습니다.","type":"unstyled","depth":0,"inlineStyleRanges":[],"entityRanges":[],"data":{}}],"entityMap":{}}',855143,370,'7ff5dba0-2cf3-4665-986c-aee7d40e7fb7.webp',0,to_timestamp('08/08/24','DD/MM/RR HH24:MI:SSXFF'));
Insert into "OFFICE24"."OFFICE" (NO,MANAGER_NO,TITLE,ADDRESS,ZIP_CODE,SIDO,LATITUDE,LONGITUDE,CONTENT,PRICE,CAPACITY,TITLE_IMG,AVAILABILITY,REG_DATE) values (38,1,'얀별 오피스','충북 충주시 가주농공1길 23','27479','충북',36.935419244302,127.90127881528,'{"blocks":[{"key":"eqorb","text":"최신식 인테리어로 꾸며진 우리 오피스는 창의적인 업무 환경을 제공합니다. ","type":"unstyled","depth":0,"inlineStyleRanges":[],"entityRanges":[],"data":{}},{"key":"1kjk8","text":"넓고 환한 공간에서 팀원들과 협력하며 효율적인 업무를 진행할 수 있습니다.","type":"unstyled","depth":0,"inlineStyleRanges":[],"entityRanges":[],"data":{}},{"key":"dva2e","text":"또한, 각종 편의시설이 완비되어 있어 직원들의 만족도를 높이고 있습니다.","type":"unstyled","depth":0,"inlineStyleRanges":[],"entityRanges":[],"data":{}}],"entityMap":{}}',1823172,380,'4d081dab-3afd-47f4-8267-242e3f3a1387.webp',0,to_timestamp('08/08/24','DD/MM/RR HH24:MI:SSXFF'));
Insert into "OFFICE24"."OFFICE" (NO,MANAGER_NO,TITLE,ADDRESS,ZIP_CODE,SIDO,LATITUDE,LONGITUDE,CONTENT,PRICE,CAPACITY,TITLE_IMG,AVAILABILITY,REG_DATE) values (39,1,'얀새 오피스','강원특별자치도 춘천시 가래매기길 6','24235','강원',37.9066013985431,127.723593188549,'{"blocks":[{"key":"4ngsu","text":"최신식 인테리어로 꾸며진 우리 오피스는 창의적인 업무 환경을 제공합니다. ","type":"unstyled","depth":0,"inlineStyleRanges":[],"entityRanges":[],"data":{}},{"key":"9vlv3","text":"넓고 환한 공간에서 팀원들과 협력하며 효율적인 업무를 진행할 수 있습니다.","type":"unstyled","depth":0,"inlineStyleRanges":[],"entityRanges":[],"data":{}},{"key":"6fofq","text":"또한, 각종 편의시설이 완비되어 있어 직원들의 만족도를 높이고 있습니다.","type":"unstyled","depth":0,"inlineStyleRanges":[],"entityRanges":[],"data":{}}],"entityMap":{}}',458861,390,'e0b3722c-5d94-4d3c-b9a5-c6a2195acba5.webp',1,to_timestamp('08/08/24','DD/MM/RR HH24:MI:SSXFF'));
Insert into "OFFICE24"."OFFICE" (NO,MANAGER_NO,TITLE,ADDRESS,ZIP_CODE,SIDO,LATITUDE,LONGITUDE,CONTENT,PRICE,CAPACITY,TITLE_IMG,AVAILABILITY,REG_DATE) values (40,1,'예님 오피스','강원특별자치도 원주시 가매기길 7','26323','강원',37.3566810786678,127.957331813013,'{"blocks":[{"key":"83a38","text":"최신식 인테리어로 꾸며진 우리 오피스는 창의적인 업무 환경을 제공합니다. ","type":"unstyled","depth":0,"inlineStyleRanges":[],"entityRanges":[],"data":{}},{"key":"bp67c","text":"넓고 환한 공간에서 팀원들과 협력하며 효율적인 업무를 진행할 수 있습니다.","type":"unstyled","depth":0,"inlineStyleRanges":[],"entityRanges":[],"data":{}},{"key":"c314p","text":"또한, 각종 편의시설이 완비되어 있어 직원들의 만족도를 높이고 있습니다.","type":"unstyled","depth":0,"inlineStyleRanges":[],"entityRanges":[],"data":{}}],"entityMap":{}}',474457,400,'72690934-d4f5-4f5b-a581-851eac33b57a.webp',0,to_timestamp('08/08/24','DD/MM/RR HH24:MI:SSXFF'));
Insert into "OFFICE24"."OFFICE" (NO,MANAGER_NO,TITLE,ADDRESS,ZIP_CODE,SIDO,LATITUDE,LONGITUDE,CONTENT,PRICE,CAPACITY,TITLE_IMG,AVAILABILITY,REG_DATE) values (42,1,'움찬 오피스','경기 평택시 가재길 24-8','17743','경기',37.0411736652192,127.075305916335,'{"blocks":[{"key":"4ffn3","text":"최신식 인테리어로 꾸며진 우리 오피스는 창의적인 업무 환경을 제공합니다. ","type":"unstyled","depth":0,"inlineStyleRanges":[],"entityRanges":[],"data":{}},{"key":"919cd","text":"넓고 환한 공간에서 팀원들과 협력하며 효율적인 업무를 진행할 수 있습니다.","type":"unstyled","depth":0,"inlineStyleRanges":[],"entityRanges":[],"data":{}},{"key":"72hce","text":"또한, 각종 편의시설이 완비되어 있어 직원들의 만족도를 높이고 있습니다.","type":"unstyled","depth":0,"inlineStyleRanges":[],"entityRanges":[],"data":{}}],"entityMap":{}}',851118,420,'b069f2aa-6a2c-4255-9bbe-f2c584da59d5.webp',1,to_timestamp('08/08/24','DD/MM/RR HH24:MI:SSXFF'));
Insert into "OFFICE24"."OFFICE" (NO,MANAGER_NO,TITLE,ADDRESS,ZIP_CODE,SIDO,LATITUDE,LONGITUDE,CONTENT,PRICE,CAPACITY,TITLE_IMG,AVAILABILITY,REG_DATE) values (43,1,'윤슬 오피스','경기 남양주시 가운로 1','12259','경기',37.6060628053902,127.158573957619,'{"blocks":[{"key":"7ppcs","text":"최신식 인테리어로 꾸며진 우리 오피스는 창의적인 업무 환경을 제공합니다. ","type":"unstyled","depth":0,"inlineStyleRanges":[],"entityRanges":[],"data":{}},{"key":"62bqa","text":"넓고 환한 공간에서 팀원들과 협력하며 효율적인 업무를 진행할 수 있습니다.","type":"unstyled","depth":0,"inlineStyleRanges":[],"entityRanges":[],"data":{}},{"key":"cd832","text":"또한, 각종 편의시설이 완비되어 있어 직원들의 만족도를 높이고 있습니다.","type":"unstyled","depth":0,"inlineStyleRanges":[],"entityRanges":[],"data":{}}],"entityMap":{}}',824774,430,'392db5b9-f239-45a0-ad04-7cf0a3c15ebd.webp',2,to_timestamp('08/08/24','DD/MM/RR HH24:MI:SSXFF'));
Insert into "OFFICE24"."OFFICE" (NO,MANAGER_NO,TITLE,ADDRESS,ZIP_CODE,SIDO,LATITUDE,LONGITUDE,CONTENT,PRICE,CAPACITY,TITLE_IMG,AVAILABILITY,REG_DATE) values (84,1,'아이디어터','서울 강남구 가로수길 9','06035','서울',37.5185682413729,127.02302939349,'{"blocks":[{"key":"4sbum","text":"최신식 인테리어로 꾸며진 우리 오피스는 창의적인 업무 환경을 제공합니다. ","type":"unstyled","depth":0,"inlineStyleRanges":[],"entityRanges":[],"data":{}},{"key":"2b8pj","text":"넓고 환한 공간에서 팀원들과 협력하며 효율적인 업무를 진행할 수 있습니다.","type":"unstyled","depth":0,"inlineStyleRanges":[],"entityRanges":[],"data":{}},{"key":"5g8ot","text":"또한, 각종 편의시설이 완비되어 있어 직원들의 만족도를 높이고 있습니다.","type":"unstyled","depth":0,"inlineStyleRanges":[],"entityRanges":[],"data":{}}],"entityMap":{}}',199072,840,'499ddd6f-fa62-474d-9007-ed3a91c9aa45.webp',1,to_timestamp('08/08/24','DD/MM/RR HH24:MI:SSXFF'));
Insert into "OFFICE24"."OFFICE" (NO,MANAGER_NO,TITLE,ADDRESS,ZIP_CODE,SIDO,LATITUDE,LONGITUDE,CONTENT,PRICE,CAPACITY,TITLE_IMG,AVAILABILITY,REG_DATE) values (96,1,'꿈이룸','경기 안산시 단원구 갈마지길 22','15645','경기',37.2451152151198,126.584319777404,'{"blocks":[{"key":"6isob","text":"우리 오피스는 효율적인 업무 처리를 위한 최적의 환경을 제공합니다.","type":"unstyled","depth":0,"inlineStyleRanges":[],"entityRanges":[],"data":{}},{"key":"45kpu","text":"밝고 모던한 인테리어가 돋보이며, 다양한 회의실과 협업 공간이 마련되어 있어 팀 간 소통과 협력이 원활합니다.","type":"unstyled","depth":0,"inlineStyleRanges":[],"entityRanges":[],"data":{}},{"key":"frfef","text":"편안한 휴게 공간과 최신 IT 설비를 갖춘 이곳에서 생산성을 극대화해 보세요.","type":"unstyled","depth":0,"inlineStyleRanges":[],"entityRanges":[],"data":{}}],"entityMap":{}}',1127093,960,'a9024d0b-2d88-4f2e-9fd1-0ea1bd5985d1.webp',1,to_timestamp('08/08/24','DD/MM/RR HH24:MI:SSXFF'));
Insert into "OFFICE24"."OFFICE" (NO,MANAGER_NO,TITLE,ADDRESS,ZIP_CODE,SIDO,LATITUDE,LONGITUDE,CONTENT,PRICE,CAPACITY,TITLE_IMG,AVAILABILITY,REG_DATE) values (98,1,'창조누리','서울 강남구 가로수길 5','06035','서울',37.5182112402056,127.023150432187,'{"blocks":[{"key":"59hgu","text":"직원들의 창의력과 효율성을 높이는 공간으로 설계된 우리 오피스는 세련된 디자인과 함께 편안함을 제공합니다. ","type":"unstyled","depth":0,"inlineStyleRanges":[],"entityRanges":[],"data":{}},{"key":"ajv50","text":"각종 편의시설과 카페테리아, 휴게실이 구비되어 있어 업무 중에도 최상의 컨디션을 유지할 수 있습니다.","type":"unstyled","depth":0,"inlineStyleRanges":[],"entityRanges":[],"data":{}},{"key":"18beb","text":"이곳에서 꿈을 현실로 만들어 보세요.","type":"unstyled","depth":0,"inlineStyleRanges":[],"entityRanges":[],"data":{}}],"entityMap":{}}',467104,980,'2ae18bbe-04ef-4121-9b6a-4018a90381e3.webp',1,to_timestamp('08/08/24','DD/MM/RR HH24:MI:SSXFF'));
Insert into "OFFICE24"."OFFICE" (NO,MANAGER_NO,TITLE,ADDRESS,ZIP_CODE,SIDO,LATITUDE,LONGITUDE,CONTENT,PRICE,CAPACITY,TITLE_IMG,AVAILABILITY,REG_DATE) values (100,1,'도시누리','경기 성남시 분당구 판교역로2번길 1','13536','경기',37.3836474486188,127.112454278207,'{"blocks":[{"key":"5glnn","text":"우리 오피스는 디지털 시대에 맞춘 최첨단 기술과 혁신적인 디자인이 조화를 이루는 공간입니다.","type":"unstyled","depth":0,"inlineStyleRanges":[],"entityRanges":[],"data":{}},{"key":"3nqp8","text":"스마트 업무 환경이 구축되어 언제 어디서나 자유롭게 일할 수 있으며, 유연한 근무 방식과 다양한 협업 툴이 지원됩니다.","type":"unstyled","depth":0,"inlineStyleRanges":[],"entityRanges":[],"data":{}},{"key":"fub10","text":"이곳에서 미래를 준비하며 한 걸음 앞서 나가세요.","type":"unstyled","depth":0,"inlineStyleRanges":[],"entityRanges":[],"data":{}}],"entityMap":{}}',693825,1000,'30c84187-0192-48bb-81cd-c2e4fc653a60.webp',0,to_timestamp('08/08/24','DD/MM/RR HH24:MI:SSXFF'));
Insert into "OFFICE24"."OFFICE" (NO,MANAGER_NO,TITLE,ADDRESS,ZIP_CODE,SIDO,LATITUDE,LONGITUDE,CONTENT,PRICE,CAPACITY,TITLE_IMG,AVAILABILITY,REG_DATE) values (107,1,'테스트','서울 강남구 강남대로 314','06253','서울',37.4913189579708,127.031257745326,'{"blocks":[{"key":"63ob0","text":"테스트","type":"unstyled","depth":0,"inlineStyleRanges":[],"entityRanges":[],"data":{}}],"entityMap":{}}',50000,44,'f90338cc-9ba7-4d7e-bdf3-a1a3d19c2922.webp',0,to_timestamp('14/08/24','DD/MM/RR HH24:MI:SSXFF'));
Insert into "OFFICE24"."OFFICE" (NO,MANAGER_NO,TITLE,ADDRESS,ZIP_CODE,SIDO,LATITUDE,LONGITUDE,CONTENT,PRICE,CAPACITY,TITLE_IMG,AVAILABILITY,REG_DATE) values (108,1,'비즈플라자','서울 서초구 강남대로 200','06743','서울',37.4821271685568,127.037089645712,'{"blocks":[{"key":"2u6n","text":"이 오피스는 첨단 기술과 혁신적인 디자인을 결합한 최신식 빌딩입니다.","type":"unstyled","depth":0,"inlineStyleRanges":[],"entityRanges":[],"data":{}},{"key":"2hr4a","text":"넓고 쾌적한 공간에서 최적의 업무 환경을 제공하며, 다양한 회의실과 휴게공간이 마련되어 있어 직원들의 창의성과 생산성을 극대화할 수 있습니다.","type":"unstyled","depth":0,"inlineStyleRanges":[],"entityRanges":[],"data":{}},{"key":"a8nln","text":"또한, 교통 접근성이 뛰어나며, 주변에 다양한 편의시설이 있어 비즈니스의 중심지로 자리잡고 있습니다.","type":"unstyled","depth":0,"inlineStyleRanges":[],"entityRanges":[],"data":{}}],"entityMap":{}}',1033588,10,'85a50528-a565-416c-a9fb-0ae7ae01a1b8.webp',2,to_timestamp('15/08/24','DD/MM/RR HH24:MI:SSXFF'));
Insert into "OFFICE24"."OFFICE" (NO,MANAGER_NO,TITLE,ADDRESS,ZIP_CODE,SIDO,LATITUDE,LONGITUDE,CONTENT,PRICE,CAPACITY,TITLE_IMG,AVAILABILITY,REG_DATE) values (44,1,'으뜸 오피스','대전 유성구 가정로 79-1','34120','대전',36.3855556931595,127.352255424017,'{"blocks":[{"key":"7upsl","text":"최신식 인테리어로 꾸며진 우리 오피스는 창의적인 업무 환경을 제공합니다. ","type":"unstyled","depth":0,"inlineStyleRanges":[],"entityRanges":[],"data":{}},{"key":"fih8l","text":"넓고 환한 공간에서 팀원들과 협력하며 효율적인 업무를 진행할 수 있습니다.","type":"unstyled","depth":0,"inlineStyleRanges":[],"entityRanges":[],"data":{}},{"key":"2l52h","text":"또한, 각종 편의시설이 완비되어 있어 직원들의 만족도를 높이고 있습니다.","type":"unstyled","depth":0,"inlineStyleRanges":[],"entityRanges":[],"data":{}}],"entityMap":{}}',1012752,440,'bb85b736-1e76-4e38-82e7-88f596ef1476.webp',1,to_timestamp('08/08/24','DD/MM/RR HH24:MI:SSXFF'));
Insert into "OFFICE24"."OFFICE" (NO,MANAGER_NO,TITLE,ADDRESS,ZIP_CODE,SIDO,LATITUDE,LONGITUDE,CONTENT,PRICE,CAPACITY,TITLE_IMG,AVAILABILITY,REG_DATE) values (47,1,'은솜 오피스','인천 중구 개항로 71-1','22318','인천',37.4720322281393,126.63058719738,'{"blocks":[{"key":"4bfdf","text":"최신식 인테리어로 꾸며진 우리 오피스는 창의적인 업무 환경을 제공합니다. ","type":"unstyled","depth":0,"inlineStyleRanges":[],"entityRanges":[],"data":{}},{"key":"cjm1l","text":"넓고 환한 공간에서 팀원들과 협력하며 효율적인 업무를 진행할 수 있습니다.","type":"unstyled","depth":0,"inlineStyleRanges":[],"entityRanges":[],"data":{}},{"key":"e4mbq","text":"또한, 각종 편의시설이 완비되어 있어 직원들의 만족도를 높이고 있습니다.","type":"unstyled","depth":0,"inlineStyleRanges":[],"entityRanges":[],"data":{}}],"entityMap":{}}',450383,470,'e52bbdf7-d462-481c-b6c0-b06ebd3d9e11.webp',1,to_timestamp('08/08/24','DD/MM/RR HH24:MI:SSXFF'));
Insert into "OFFICE24"."OFFICE" (NO,MANAGER_NO,TITLE,ADDRESS,ZIP_CODE,SIDO,LATITUDE,LONGITUDE,CONTENT,PRICE,CAPACITY,TITLE_IMG,AVAILABILITY,REG_DATE) values (48,1,'은하 오피스','경기 부천시 소사구 경인로10번길 44','14743','경기',37.4813420919111,126.7551437057,'{"blocks":[{"key":"5gijj","text":"최신식 인테리어로 꾸며진 우리 오피스는 창의적인 업무 환경을 제공합니다. ","type":"unstyled","depth":0,"inlineStyleRanges":[],"entityRanges":[],"data":{}},{"key":"8bd08","text":"넓고 환한 공간에서 팀원들과 협력하며 효율적인 업무를 진행할 수 있습니다.","type":"unstyled","depth":0,"inlineStyleRanges":[],"entityRanges":[],"data":{}},{"key":"40ans","text":"또한, 각종 편의시설이 완비되어 있어 직원들의 만족도를 높이고 있습니다.","type":"unstyled","depth":0,"inlineStyleRanges":[],"entityRanges":[],"data":{}}],"entityMap":{}}',1777504,480,'41d657e5-a4dc-429e-865b-cb9a4eb34b1f.webp',1,to_timestamp('08/08/24','DD/MM/RR HH24:MI:SSXFF'));
Insert into "OFFICE24"."OFFICE" (NO,MANAGER_NO,TITLE,ADDRESS,ZIP_CODE,SIDO,LATITUDE,LONGITUDE,CONTENT,PRICE,CAPACITY,TITLE_IMG,AVAILABILITY,REG_DATE) values (50,1,'이솔 오피스','부산 동구 고관로 46','48792','부산',35.1233280503354,129.04345527068,'{"blocks":[{"key":"8m8c8","text":"최신식 인테리어로 꾸며진 우리 오피스는 창의적인 업무 환경을 제공합니다. ","type":"unstyled","depth":0,"inlineStyleRanges":[],"entityRanges":[],"data":{}},{"key":"euda","text":"넓고 환한 공간에서 팀원들과 협력하며 효율적인 업무를 진행할 수 있습니다.","type":"unstyled","depth":0,"inlineStyleRanges":[],"entityRanges":[],"data":{}},{"key":"dpm9b","text":"또한, 각종 편의시설이 완비되어 있어 직원들의 만족도를 높이고 있습니다.","type":"unstyled","depth":0,"inlineStyleRanges":[],"entityRanges":[],"data":{}}],"entityMap":{}}',1679523,500,'9dd3fea2-3e02-4006-9dd3-ebc14fc6ab5d.webp',0,to_timestamp('08/08/24','DD/MM/RR HH24:MI:SSXFF'));
Insert into "OFFICE24"."OFFICE" (NO,MANAGER_NO,TITLE,ADDRESS,ZIP_CODE,SIDO,LATITUDE,LONGITUDE,CONTENT,PRICE,CAPACITY,TITLE_IMG,AVAILABILITY,REG_DATE) values (52,1,'제나 오피스','부산 해운대구 구남로 8-2','48094','부산',35.1629214439121,129.159171244134,'{"blocks":[{"key":"b2opm","text":"최신식 인테리어로 꾸며진 우리 오피스는 창의적인 업무 환경을 제공합니다. ","type":"unstyled","depth":0,"inlineStyleRanges":[],"entityRanges":[],"data":{}},{"key":"cfarl","text":"넓고 환한 공간에서 팀원들과 협력하며 효율적인 업무를 진행할 수 있습니다.","type":"unstyled","depth":0,"inlineStyleRanges":[],"entityRanges":[],"data":{}},{"key":"5sv00","text":"또한, 각종 편의시설이 완비되어 있어 직원들의 만족도를 높이고 있습니다.","type":"unstyled","depth":0,"inlineStyleRanges":[],"entityRanges":[],"data":{}}],"entityMap":{}}',1286952,520,'7fafc302-abc2-408e-95d5-abeae1b0b6b3.webp',0,to_timestamp('08/08/24','DD/MM/RR HH24:MI:SSXFF'));
Insert into "OFFICE24"."OFFICE" (NO,MANAGER_NO,TITLE,ADDRESS,ZIP_CODE,SIDO,LATITUDE,LONGITUDE,CONTENT,PRICE,CAPACITY,TITLE_IMG,AVAILABILITY,REG_DATE) values (54,1,'조히 오피스','서울 마포구 고산길 23','04102','서울',37.5538152205822,126.938331713481,'{"blocks":[{"key":"lt7i","text":"최신식 인테리어로 꾸며진 우리 오피스는 창의적인 업무 환경을 제공합니다. ","type":"unstyled","depth":0,"inlineStyleRanges":[],"entityRanges":[],"data":{}},{"key":"esuq0","text":"넓고 환한 공간에서 팀원들과 협력하며 효율적인 업무를 진행할 수 있습니다.","type":"unstyled","depth":0,"inlineStyleRanges":[],"entityRanges":[],"data":{}},{"key":"bt7jm","text":"또한, 각종 편의시설이 완비되어 있어 직원들의 만족도를 높이고 있습니다.","type":"unstyled","depth":0,"inlineStyleRanges":[],"entityRanges":[],"data":{}}],"entityMap":{}}',1957346,540,'96a5346f-5cc1-49eb-95ae-f737157a89f3.webp',2,to_timestamp('08/08/24','DD/MM/RR HH24:MI:SSXFF'));
Insert into "OFFICE24"."OFFICE" (NO,MANAGER_NO,TITLE,ADDRESS,ZIP_CODE,SIDO,LATITUDE,LONGITUDE,CONTENT,PRICE,CAPACITY,TITLE_IMG,AVAILABILITY,REG_DATE) values (56,1,'진샘 오피스','서울 중랑구 겸재로 83-9','02134','서울',37.5865191486838,127.077063901848,'{"blocks":[{"key":"4rppr","text":"최신식 인테리어로 꾸며진 우리 오피스는 창의적인 업무 환경을 제공합니다. ","type":"unstyled","depth":0,"inlineStyleRanges":[],"entityRanges":[],"data":{}},{"key":"7cpor","text":"넓고 환한 공간에서 팀원들과 협력하며 효율적인 업무를 진행할 수 있습니다.","type":"unstyled","depth":0,"inlineStyleRanges":[],"entityRanges":[],"data":{}},{"key":"458cv","text":"또한, 각종 편의시설이 완비되어 있어 직원들의 만족도를 높이고 있습니다.","type":"unstyled","depth":0,"inlineStyleRanges":[],"entityRanges":[],"data":{}}],"entityMap":{}}',1885969,560,'a6e25e27-c61a-4910-94cb-bfda66db1379.webp',0,to_timestamp('08/08/24','DD/MM/RR HH24:MI:SSXFF'));
Insert into "OFFICE24"."OFFICE" (NO,MANAGER_NO,TITLE,ADDRESS,ZIP_CODE,SIDO,LATITUDE,LONGITUDE,CONTENT,PRICE,CAPACITY,TITLE_IMG,AVAILABILITY,REG_DATE) values (57,1,'진솔 오피스','서울 송파구 가락로 139-1','05668','서울',37.5025856078288,127.111378100245,'{"blocks":[{"key":"co469","text":"최신식 인테리어로 꾸며진 우리 오피스는 창의적인 업무 환경을 제공합니다. ","type":"unstyled","depth":0,"inlineStyleRanges":[],"entityRanges":[],"data":{}},{"key":"cvr5l","text":"넓고 환한 공간에서 팀원들과 협력하며 효율적인 업무를 진행할 수 있습니다.","type":"unstyled","depth":0,"inlineStyleRanges":[],"entityRanges":[],"data":{}},{"key":"7rhs0","text":"또한, 각종 편의시설이 완비되어 있어 직원들의 만족도를 높이고 있습니다.","type":"unstyled","depth":0,"inlineStyleRanges":[],"entityRanges":[],"data":{}}],"entityMap":{}}',330031,570,'2800ecf4-2b49-4a26-8b21-300e4baf7879.webp',1,to_timestamp('08/08/24','DD/MM/RR HH24:MI:SSXFF'));
Insert into "OFFICE24"."OFFICE" (NO,MANAGER_NO,TITLE,ADDRESS,ZIP_CODE,SIDO,LATITUDE,LONGITUDE,CONTENT,PRICE,CAPACITY,TITLE_IMG,AVAILABILITY,REG_DATE) values (45,1,'은새 오피스','광주 동구 갈마로 2','61407','광주',35.1601155687092,126.931166059365,'{"blocks":[{"key":"57trb","text":"최신식 인테리어로 꾸며진 우리 오피스는 창의적인 업무 환경을 제공합니다. ","type":"unstyled","depth":0,"inlineStyleRanges":[],"entityRanges":[],"data":{}},{"key":"8geqf","text":"넓고 환한 공간에서 팀원들과 협력하며 효율적인 업무를 진행할 수 있습니다.","type":"unstyled","depth":0,"inlineStyleRanges":[],"entityRanges":[],"data":{}},{"key":"9ng5m","text":"또한, 각종 편의시설이 완비되어 있어 직원들의 만족도를 높이고 있습니다.","type":"unstyled","depth":0,"inlineStyleRanges":[],"entityRanges":[],"data":{}}],"entityMap":{}}',1887438,450,'4785af4d-0945-49e2-8a88-d78c33e7a872.webp',1,to_timestamp('08/08/24','DD/MM/RR HH24:MI:SSXFF'));
Insert into "OFFICE24"."OFFICE" (NO,MANAGER_NO,TITLE,ADDRESS,ZIP_CODE,SIDO,LATITUDE,LONGITUDE,CONTENT,PRICE,CAPACITY,TITLE_IMG,AVAILABILITY,REG_DATE) values (49,1,'이든 오피스','대구 달서구 갈밭남로 40','42829','대구',35.8003403380637,128.533510312681,'{"blocks":[{"key":"e1q2b","text":"최신식 인테리어로 꾸며진 우리 오피스는 창의적인 업무 환경을 제공합니다. ","type":"unstyled","depth":0,"inlineStyleRanges":[],"entityRanges":[],"data":{}},{"key":"l7c5","text":"넓고 환한 공간에서 팀원들과 협력하며 효율적인 업무를 진행할 수 있습니다.","type":"unstyled","depth":0,"inlineStyleRanges":[],"entityRanges":[],"data":{}},{"key":"cetcm","text":"또한, 각종 편의시설이 완비되어 있어 직원들의 만족도를 높이고 있습니다.","type":"unstyled","depth":0,"inlineStyleRanges":[],"entityRanges":[],"data":{}}],"entityMap":{}}',1886559,490,'33bb671e-3851-406e-b628-bf386a1347cd.webp',2,to_timestamp('08/08/24','DD/MM/RR HH24:MI:SSXFF'));
Insert into "OFFICE24"."OFFICE" (NO,MANAGER_NO,TITLE,ADDRESS,ZIP_CODE,SIDO,LATITUDE,LONGITUDE,CONTENT,PRICE,CAPACITY,TITLE_IMG,AVAILABILITY,REG_DATE) values (53,1,'조은 오피스','부산 동구 안창로92번길 19-8','48700','부산',35.1434556715844,129.039175992138,'{"blocks":[{"key":"2ml26","text":"최신식 인테리어로 꾸며진 우리 오피스는 창의적인 업무 환경을 제공합니다. ","type":"unstyled","depth":0,"inlineStyleRanges":[],"entityRanges":[],"data":{}},{"key":"1mqtf","text":"넓고 환한 공간에서 팀원들과 협력하며 효율적인 업무를 진행할 수 있습니다.","type":"unstyled","depth":0,"inlineStyleRanges":[],"entityRanges":[],"data":{}},{"key":"aat3l","text":"또한, 각종 편의시설이 완비되어 있어 직원들의 만족도를 높이고 있습니다.","type":"unstyled","depth":0,"inlineStyleRanges":[],"entityRanges":[],"data":{}}],"entityMap":{}}',955639,530,'053067e2-6d05-49d8-aa41-8d63916f1556.webp',1,to_timestamp('08/08/24','DD/MM/RR HH24:MI:SSXFF'));
Insert into "OFFICE24"."OFFICE" (NO,MANAGER_NO,TITLE,ADDRESS,ZIP_CODE,SIDO,LATITUDE,LONGITUDE,CONTENT,PRICE,CAPACITY,TITLE_IMG,AVAILABILITY,REG_DATE) values (58,1,'찬놀 오피스','서울 송파구 동남로 99','05831','서울',37.4897427415779,127.122496940127,'{"blocks":[{"key":"es2bm","text":"최신식 인테리어로 꾸며진 우리 오피스는 창의적인 업무 환경을 제공합니다. ","type":"unstyled","depth":0,"inlineStyleRanges":[],"entityRanges":[],"data":{}},{"key":"2bn4j","text":"넓고 환한 공간에서 팀원들과 협력하며 효율적인 업무를 진행할 수 있습니다.","type":"unstyled","depth":0,"inlineStyleRanges":[],"entityRanges":[],"data":{}},{"key":"bmhd5","text":"또한, 각종 편의시설이 완비되어 있어 직원들의 만족도를 높이고 있습니다.","type":"unstyled","depth":0,"inlineStyleRanges":[],"entityRanges":[],"data":{}}],"entityMap":{}}',707874,580,'b67c25e1-bee1-4474-8e7b-61a0d6907fd7.webp',1,to_timestamp('08/08/24','DD/MM/RR HH24:MI:SSXFF'));
Insert into "OFFICE24"."OFFICE" (NO,MANAGER_NO,TITLE,ADDRESS,ZIP_CODE,SIDO,LATITUDE,LONGITUDE,CONTENT,PRICE,CAPACITY,TITLE_IMG,AVAILABILITY,REG_DATE) values (59,1,'찬슬 오피스','서울 강남구 남부순환로 2937','06280','서울',37.4940924880388,127.061617564506,'{"blocks":[{"key":"epgf4","text":"최신식 인테리어로 꾸며진 우리 오피스는 창의적인 업무 환경을 제공합니다. ","type":"unstyled","depth":0,"inlineStyleRanges":[],"entityRanges":[],"data":{}},{"key":"6qrp","text":"넓고 환한 공간에서 팀원들과 협력하며 효율적인 업무를 진행할 수 있습니다.","type":"unstyled","depth":0,"inlineStyleRanges":[],"entityRanges":[],"data":{}},{"key":"66c8j","text":"또한, 각종 편의시설이 완비되어 있어 직원들의 만족도를 높이고 있습니다.","type":"unstyled","depth":0,"inlineStyleRanges":[],"entityRanges":[],"data":{}}],"entityMap":{}}',346912,590,'6d821e7f-cc8d-4fb1-ac0e-bbb476f31cc8.webp',1,to_timestamp('08/08/24','DD/MM/RR HH24:MI:SSXFF'));
Insert into "OFFICE24"."OFFICE" (NO,MANAGER_NO,TITLE,ADDRESS,ZIP_CODE,SIDO,LATITUDE,LONGITUDE,CONTENT,PRICE,CAPACITY,TITLE_IMG,AVAILABILITY,REG_DATE) values (60,1,'초롬 오피스','서울 강남구 남부순환로 2913','06280','서울',37.492752188617,127.058529415562,'{"blocks":[{"key":"3l356","text":"최신식 인테리어로 꾸며진 우리 오피스는 창의적인 업무 환경을 제공합니다. ","type":"unstyled","depth":0,"inlineStyleRanges":[],"entityRanges":[],"data":{}},{"key":"5s1ih","text":"넓고 환한 공간에서 팀원들과 협력하며 효율적인 업무를 진행할 수 있습니다.","type":"unstyled","depth":0,"inlineStyleRanges":[],"entityRanges":[],"data":{}},{"key":"fa7dl","text":"또한, 각종 편의시설이 완비되어 있어 직원들의 만족도를 높이고 있습니다.","type":"unstyled","depth":0,"inlineStyleRanges":[],"entityRanges":[],"data":{}}],"entityMap":{}}',176914,600,'a009b7f8-bf72-4185-8aac-7b48b5cd2e2b.webp',0,to_timestamp('08/08/24','DD/MM/RR HH24:MI:SSXFF'));
Insert into "OFFICE24"."OFFICE" (NO,MANAGER_NO,TITLE,ADDRESS,ZIP_CODE,SIDO,LATITUDE,LONGITUDE,CONTENT,PRICE,CAPACITY,TITLE_IMG,AVAILABILITY,REG_DATE) values (62,1,'토리 오피스','서울 강남구 개포로 202','06307','서울',37.4781726909959,127.044983798146,'{"blocks":[{"key":"2i31r","text":"우리 오피스는 직원들의 건강을 고려한 설계로, 충분한 자연 채광과 공기 질 관리 시스템이 도입되어 있습니다.","type":"unstyled","depth":0,"inlineStyleRanges":[],"entityRanges":[],"data":{}},{"key":"c8e1o","text":"집중력 향상을 위한 조용한 업무 공간과 활기를 더해주는 휴게 공간이 균형을 이룹니다.","type":"unstyled","depth":0,"inlineStyleRanges":[],"entityRanges":[],"data":{}},{"key":"16dvi","text":"최신식 헬스 시설과 편안한 라운지에서 일과 후의 재충전도 가능합니다.","type":"unstyled","depth":0,"inlineStyleRanges":[],"entityRanges":[],"data":{}}],"entityMap":{}}',1682514,620,'79f55325-7686-403f-b5b7-9eab2b990702.webp',0,to_timestamp('08/08/24','DD/MM/RR HH24:MI:SSXFF'));
Insert into "OFFICE24"."OFFICE" (NO,MANAGER_NO,TITLE,ADDRESS,ZIP_CODE,SIDO,LATITUDE,LONGITUDE,CONTENT,PRICE,CAPACITY,TITLE_IMG,AVAILABILITY,REG_DATE) values (64,1,'파라 오피스','서울 광진구 광나루로 360','05008','서울',37.5478712285124,127.069943670777,'{"blocks":[{"key":"bm647","text":"직원들의 창의력과 효율성을 높이는 공간으로 설계된 우리 오피스는 세련된 디자인과 함께 편안함을 제공합니다. ","type":"unstyled","depth":0,"inlineStyleRanges":[],"entityRanges":[],"data":{}},{"key":"7u5nc","text":"각종 편의시설과 카페테리아, 휴게실이 구비되어 있어 업무 중에도 최상의 컨디션을 유지할 수 있습니다.","type":"unstyled","depth":0,"inlineStyleRanges":[],"entityRanges":[],"data":{}},{"key":"95vac","text":"이곳에서 꿈을 현실로 만들어 보세요.","type":"unstyled","depth":0,"inlineStyleRanges":[],"entityRanges":[],"data":{}}],"entityMap":{}}',104463,640,'509b2586-868c-42e8-a88f-9f4ee6e9867b.webp',0,to_timestamp('08/08/24','DD/MM/RR HH24:MI:SSXFF'));
Insert into "OFFICE24"."OFFICE" (NO,MANAGER_NO,TITLE,ADDRESS,ZIP_CODE,SIDO,LATITUDE,LONGITUDE,CONTENT,PRICE,CAPACITY,TITLE_IMG,AVAILABILITY,REG_DATE) values (65,1,'하람 오피스','서울 영등포구 가마산로 318','07411','서울',37.4982147471168,126.895127381485,'{"blocks":[{"key":"7chfl","text":"우리 오피스는 효율적인 업무 처리를 위한 최적의 환경을 제공합니다.","type":"unstyled","depth":0,"inlineStyleRanges":[],"entityRanges":[],"data":{}},{"key":"asl70","text":"밝고 모던한 인테리어가 돋보이며, 다양한 회의실과 협업 공간이 마련되어 있어 팀 간 소통과 협력이 원활합니다. 편안한 휴게 공간과 최신 IT 설비를 갖춘 이곳에서 생산성을 극대화해 보세요.","type":"unstyled","depth":0,"inlineStyleRanges":[],"entityRanges":[],"data":{}}],"entityMap":{}}',368076,650,'f34285d2-5bca-4836-bfcc-93483dfa22f5.webp',0,to_timestamp('08/08/24','DD/MM/RR HH24:MI:SSXFF'));
Insert into "OFFICE24"."OFFICE" (NO,MANAGER_NO,TITLE,ADDRESS,ZIP_CODE,SIDO,LATITUDE,LONGITUDE,CONTENT,PRICE,CAPACITY,TITLE_IMG,AVAILABILITY,REG_DATE) values (66,1,'하나 오피스','서울 성북구 개운사길 5','02842','서울',37.5866593622136,127.029166984176,'{"blocks":[{"key":"e051s","text":"우리 오피스는 디지털 시대에 맞춘 최첨단 기술과 혁신적인 디자인이 조화를 이루는 공간입니다.","type":"unstyled","depth":0,"inlineStyleRanges":[],"entityRanges":[],"data":{}},{"key":"2jk6m","text":"스마트 업무 환경이 구축되어 언제 어디서나 자유롭게 일할 수 있으며, 유연한 근무 방식과 다양한 협업 툴이 지원됩니다.","type":"unstyled","depth":0,"inlineStyleRanges":[],"entityRanges":[],"data":{}},{"key":"6oifp","text":"이곳에서 미래를 준비하며 한 걸음 앞서 나가세요.","type":"unstyled","depth":0,"inlineStyleRanges":[],"entityRanges":[],"data":{}}],"entityMap":{}}',1993718,660,'d35c5037-9d68-48c3-ae45-d112c15279de.webp',2,to_timestamp('08/08/24','DD/MM/RR HH24:MI:SSXFF'));
Insert into "OFFICE24"."OFFICE" (NO,MANAGER_NO,TITLE,ADDRESS,ZIP_CODE,SIDO,LATITUDE,LONGITUDE,CONTENT,PRICE,CAPACITY,TITLE_IMG,AVAILABILITY,REG_DATE) values (67,1,'하늬 오피스','서울 강북구 노해로 3','01081','서울',37.6358964120769,127.022703124643,'{"blocks":[{"key":"brp70","text":"우리 오피스는 직원들의 건강을 고려한 설계로, 충분한 자연 채광과 공기 질 관리 시스템이 도입되어 있습니다.","type":"unstyled","depth":0,"inlineStyleRanges":[],"entityRanges":[],"data":{}},{"key":"6hqd2","text":"집중력 향상을 위한 조용한 업무 공간과 활기를 더해주는 휴게 공간이 균형을 이룹니다.","type":"unstyled","depth":0,"inlineStyleRanges":[],"entityRanges":[],"data":{}},{"key":"62oq5","text":"최신식 헬스 시설과 편안한 라운지에서 일과 후의 재충전도 가능합니다.","type":"unstyled","depth":0,"inlineStyleRanges":[],"entityRanges":[],"data":{}},{"key":"aet9t","text":"","type":"unstyled","depth":0,"inlineStyleRanges":[],"entityRanges":[],"data":{}}],"entityMap":{}}',665678,670,'223b5c9b-9ca9-4f4b-84f7-816ff1c55692.webp',0,to_timestamp('08/08/24','DD/MM/RR HH24:MI:SSXFF'));
Insert into "OFFICE24"."OFFICE" (NO,MANAGER_NO,TITLE,ADDRESS,ZIP_CODE,SIDO,LATITUDE,LONGITUDE,CONTENT,PRICE,CAPACITY,TITLE_IMG,AVAILABILITY,REG_DATE) values (75,1,'해늘 오피스','대전 서구 갈마로 7-7','35270','대전',36.3514747193431,127.369752081132,'{"blocks":[{"key":"868hp","text":"최신식 인테리어로 꾸며진 우리 오피스는 창의적인 업무 환경을 제공합니다. ","type":"unstyled","depth":0,"inlineStyleRanges":[],"entityRanges":[],"data":{}},{"key":"cvm93","text":"넓고 환한 공간에서 팀원들과 협력하며 효율적인 업무를 진행할 수 있습니다.","type":"unstyled","depth":0,"inlineStyleRanges":[],"entityRanges":[],"data":{}},{"key":"dsq2q","text":"또한, 각종 편의시설이 완비되어 있어 직원들의 만족도를 높이고 있습니다.","type":"unstyled","depth":0,"inlineStyleRanges":[],"entityRanges":[],"data":{}}],"entityMap":{}}',1593902,750,'4ec68360-c8d8-4088-a032-0e0a5e9d965d.webp',2,to_timestamp('08/08/24','DD/MM/RR HH24:MI:SSXFF'));
Insert into "OFFICE24"."OFFICE" (NO,MANAGER_NO,TITLE,ADDRESS,ZIP_CODE,SIDO,LATITUDE,LONGITUDE,CONTENT,PRICE,CAPACITY,TITLE_IMG,AVAILABILITY,REG_DATE) values (76,1,'해솔 오피스','대구 수성구 경안로 567-34','42263','대구',35.8540701520469,128.719618980065,'{"blocks":[{"key":"46ua8","text":"우리 오피스는 디지털 시대에 맞춘 최첨단 기술과 혁신적인 디자인이 조화를 이루는 공간입니다.","type":"unstyled","depth":0,"inlineStyleRanges":[],"entityRanges":[],"data":{}},{"key":"fup6t","text":"스마트 업무 환경이 구축되어 언제 어디서나 자유롭게 일할 수 있으며, 유연한 근무 방식과 다양한 협업 툴이 지원됩니다.","type":"unstyled","depth":0,"inlineStyleRanges":[],"entityRanges":[],"data":{}},{"key":"ma9t","text":"이곳에서 미래를 준비하며 한 걸음 앞서 나가세요.","type":"unstyled","depth":0,"inlineStyleRanges":[],"entityRanges":[],"data":{}}],"entityMap":{}}',373280,760,'ea979fa4-0ba6-47e9-a0c6-b973f62cea02.webp',1,to_timestamp('08/08/24','DD/MM/RR HH24:MI:SSXFF'));
Insert into "OFFICE24"."OFFICE" (NO,MANAGER_NO,TITLE,ADDRESS,ZIP_CODE,SIDO,LATITUDE,LONGITUDE,CONTENT,PRICE,CAPACITY,TITLE_IMG,AVAILABILITY,REG_DATE) values (80,1,'다님길','서울 노원구 공릉로 105','01849','서울',37.6196132389484,127.077885277951,'{"blocks":[{"key":"2egtq","text":"우리 오피스는 디지털 시대에 맞춘 최첨단 기술과 혁신적인 디자인이 조화를 이루는 공간입니다.","type":"unstyled","depth":0,"inlineStyleRanges":[],"entityRanges":[],"data":{}},{"key":"m9ce","text":"스마트 업무 환경이 구축되어 언제 어디서나 자유롭게 일할 수 있으며, 유연한 근무 방식과 다양한 협업 툴이 지원됩니다.","type":"unstyled","depth":0,"inlineStyleRanges":[],"entityRanges":[],"data":{}},{"key":"2qcsu","text":"이곳에서 미래를 준비하며 한 걸음 앞서 나가세요.","type":"unstyled","depth":0,"inlineStyleRanges":[],"entityRanges":[],"data":{}}],"entityMap":{}}',1031513,800,'463722af-8e0b-456a-bb2d-85df6dc55f8a.webp',0,to_timestamp('08/08/24','DD/MM/RR HH24:MI:SSXFF'));
Insert into "OFFICE24"."OFFICE" (NO,MANAGER_NO,TITLE,ADDRESS,ZIP_CODE,SIDO,LATITUDE,LONGITUDE,CONTENT,PRICE,CAPACITY,TITLE_IMG,AVAILABILITY,REG_DATE) values (82,1,'여우별','경기 고양시 일산동구 감내길 14-31','10246','경기',37.7110978930885,126.783131149467,'{"blocks":[{"key":"tg24","text":"직원들의 창의력과 효율성을 높이는 공간으로 설계된 우리 오피스는 세련된 디자인과 함께 편안함을 제공합니다. ","type":"unstyled","depth":0,"inlineStyleRanges":[],"entityRanges":[],"data":{}},{"key":"268oh","text":"각종 편의시설과 카페테리아, 휴게실이 구비되어 있어 업무 중에도 최상의 컨디션을 유지할 수 있습니다.","type":"unstyled","depth":0,"inlineStyleRanges":[],"entityRanges":[],"data":{}},{"key":"7ea4s","text":"이곳에서 꿈을 현실로 만들어 보세요.","type":"unstyled","depth":0,"inlineStyleRanges":[],"entityRanges":[],"data":{}}],"entityMap":{}}',951157,820,'718064c9-9611-479d-84db-de159481b94a.webp',0,to_timestamp('08/08/24','DD/MM/RR HH24:MI:SSXFF'));
Insert into "OFFICE24"."OFFICE" (NO,MANAGER_NO,TITLE,ADDRESS,ZIP_CODE,SIDO,LATITUDE,LONGITUDE,CONTENT,PRICE,CAPACITY,TITLE_IMG,AVAILABILITY,REG_DATE) values (69,1,'한결 오피스','서울 은평구 가좌로 164-1','03470','서울',37.5864233065766,126.922284841074,'{"blocks":[{"key":"fmp0u","text":"우리 오피스는 효율적인 업무 처리를 위한 최적의 환경을 제공합니다.","type":"unstyled","depth":0,"inlineStyleRanges":[],"entityRanges":[],"data":{}},{"key":"11a1","text":"밝고 모던한 인테리어가 돋보이며, 다양한 회의실과 협업 공간이 마련되어 있어 팀 간 소통과 협력이 원활합니다.","type":"unstyled","depth":0,"inlineStyleRanges":[],"entityRanges":[],"data":{}},{"key":"37msl","text":"편안한 휴게 공간과 최신 IT 설비를 갖춘 이곳에서 생산성을 극대화해 보세요.","type":"unstyled","depth":0,"inlineStyleRanges":[],"entityRanges":[],"data":{}}],"entityMap":{}}',1623742,690,'3c822762-f904-4bb2-9cbd-6d07d2c6d9d9.webp',1,to_timestamp('08/08/24','DD/MM/RR HH24:MI:SSXFF'));
Insert into "OFFICE24"."OFFICE" (NO,MANAGER_NO,TITLE,ADDRESS,ZIP_CODE,SIDO,LATITUDE,LONGITUDE,CONTENT,PRICE,CAPACITY,TITLE_IMG,AVAILABILITY,REG_DATE) values (70,1,'한별 오피스','서울 마포구 신촌로 지하 90','04058','서울',37.5554417865984,126.936119192554,'{"blocks":[{"key":"cv7a3","text":"최신식 인테리어로 꾸며진 우리 오피스는 창의적인 업무 환경을 제공합니다. ","type":"unstyled","depth":0,"inlineStyleRanges":[],"entityRanges":[],"data":{}},{"key":"84frs","text":"넓고 환한 공간에서 팀원들과 협력하며 효율적인 업무를 진행할 수 있습니다.","type":"unstyled","depth":0,"inlineStyleRanges":[],"entityRanges":[],"data":{}},{"key":"ck2v1","text":"또한, 각종 편의시설이 완비되어 있어 직원들의 만족도를 높이고 있습니다.","type":"unstyled","depth":0,"inlineStyleRanges":[],"entityRanges":[],"data":{}}],"entityMap":{}}',1636258,700,'1b0468b2-c20a-423b-9b1d-6265dc0d1e31.webp',1,to_timestamp('08/08/24','DD/MM/RR HH24:MI:SSXFF'));
Insert into "OFFICE24"."OFFICE" (NO,MANAGER_NO,TITLE,ADDRESS,ZIP_CODE,SIDO,LATITUDE,LONGITUDE,CONTENT,PRICE,CAPACITY,TITLE_IMG,AVAILABILITY,REG_DATE) values (71,1,'한빛 오피스','서울 관악구 과천대로 909','08808','서울',37.4714704021418,126.982466468514,'{"blocks":[{"key":"budqv","text":"우리 오피스는 디지털 시대에 맞춘 최첨단 기술과 혁신적인 디자인이 조화를 이루는 공간입니다.","type":"unstyled","depth":0,"inlineStyleRanges":[],"entityRanges":[],"data":{}},{"key":"7u0gu","text":"스마트 업무 환경이 구축되어 언제 어디서나 자유롭게 일할 수 있으며, 유연한 근무 방식과 다양한 협업 툴이 지원됩니다.","type":"unstyled","depth":0,"inlineStyleRanges":[],"entityRanges":[],"data":{}},{"key":"2sgan","text":"이곳에서 미래를 준비하며 한 걸음 앞서 나가세요.","type":"unstyled","depth":0,"inlineStyleRanges":[],"entityRanges":[],"data":{}}],"entityMap":{}}',202552,710,'c0ade0c8-e8fa-488a-afc0-92a31eb30e03.webp',2,to_timestamp('08/08/24','DD/MM/RR HH24:MI:SSXFF'));
Insert into "OFFICE24"."OFFICE" (NO,MANAGER_NO,TITLE,ADDRESS,ZIP_CODE,SIDO,LATITUDE,LONGITUDE,CONTENT,PRICE,CAPACITY,TITLE_IMG,AVAILABILITY,REG_DATE) values (72,1,'한울 오피스','서울 강남구 가로수길 35','06034','서울',37.5203406435077,127.022829149661,'{"blocks":[{"key":"cj9al","text":"우리 오피스는 직원들의 건강을 고려한 설계로, 충분한 자연 채광과 공기 질 관리 시스템이 도입되어 있습니다.","type":"unstyled","depth":0,"inlineStyleRanges":[],"entityRanges":[],"data":{}},{"key":"a1cqb","text":"집중력 향상을 위한 조용한 업무 공간과 활기를 더해주는 휴게 공간이 균형을 이룹니다.","type":"unstyled","depth":0,"inlineStyleRanges":[],"entityRanges":[],"data":{}},{"key":"fm6h4","text":"최신식 헬스 시설과 편안한 라운지에서 일과 후의 재충전도 가능합니다.","type":"unstyled","depth":0,"inlineStyleRanges":[],"entityRanges":[],"data":{}}],"entityMap":{}}',785763,720,'d967db4e-50cd-4aef-9f37-9f6a2823305f.webp',0,to_timestamp('08/08/24','DD/MM/RR HH24:MI:SSXFF'));
Insert into "OFFICE24"."OFFICE" (NO,MANAGER_NO,TITLE,ADDRESS,ZIP_CODE,SIDO,LATITUDE,LONGITUDE,CONTENT,PRICE,CAPACITY,TITLE_IMG,AVAILABILITY,REG_DATE) values (74,1,'해나 오피스','서울 강남구 강남대로 298','06253','서울',37.4900614477694,127.032167924402,'{"blocks":[{"key":"6fnsj","text":"우리 오피스는 효율적인 업무 처리를 위한 최적의 환경을 제공합니다.","type":"unstyled","depth":0,"inlineStyleRanges":[],"entityRanges":[],"data":{}},{"key":"52jpb","text":"밝고 모던한 인테리어가 돋보이며, 다양한 회의실과 협업 공간이 마련되어 있어 팀 간 소통과 협력이 원활합니다.","type":"unstyled","depth":0,"inlineStyleRanges":[],"entityRanges":[],"data":{}},{"key":"86l0a","text":"편안한 휴게 공간과 최신 IT 설비를 갖춘 이곳에서 생산성을 극대화해 보세요.","type":"unstyled","depth":0,"inlineStyleRanges":[],"entityRanges":[],"data":{}}],"entityMap":{}}',277379,740,'51f4d4e2-343b-40d1-9bc6-c794570790ea.webp',1,to_timestamp('08/08/24','DD/MM/RR HH24:MI:SSXFF'));
Insert into "OFFICE24"."OFFICE" (NO,MANAGER_NO,TITLE,ADDRESS,ZIP_CODE,SIDO,LATITUDE,LONGITUDE,CONTENT,PRICE,CAPACITY,TITLE_IMG,AVAILABILITY,REG_DATE) values (77,1,'헤윰 오피스','전북특별자치도 순창군 팔덕면 광덕로 141','56021','전북',35.3665172279882,127.076605272056,'{"blocks":[{"key":"4rkq3","text":"우리 오피스는 직원들의 건강을 고려한 설계로, 충분한 자연 채광과 공기 질 관리 시스템이 도입되어 있습니다.","type":"unstyled","depth":0,"inlineStyleRanges":[],"entityRanges":[],"data":{}},{"key":"874aj","text":"집중력 향상을 위한 조용한 업무 공간과 활기를 더해주는 휴게 공간이 균형을 이룹니다.","type":"unstyled","depth":0,"inlineStyleRanges":[],"entityRanges":[],"data":{}},{"key":"63msg","text":"최신식 헬스 시설과 편안한 라운지에서 일과 후의 재충전도 가능합니다.","type":"unstyled","depth":0,"inlineStyleRanges":[],"entityRanges":[],"data":{}}],"entityMap":{}}',1309377,770,'a5e6b53b-6a1a-405a-a347-a70b6f11602d.webp',0,to_timestamp('08/08/24','DD/MM/RR HH24:MI:SSXFF'));
Insert into "OFFICE24"."OFFICE" (NO,MANAGER_NO,TITLE,ADDRESS,ZIP_CODE,SIDO,LATITUDE,LONGITUDE,CONTENT,PRICE,CAPACITY,TITLE_IMG,AVAILABILITY,REG_DATE) values (79,1,'흰꽃 오피스','서울 중구 난계로 125','04583','서울',37.5630470129122,127.023875326117,'{"blocks":[{"key":"4a880","text":"우리 오피스는 효율적인 업무 처리를 위한 최적의 환경을 제공합니다.","type":"unstyled","depth":0,"inlineStyleRanges":[],"entityRanges":[],"data":{}},{"key":"btefh","text":"밝고 모던한 인테리어가 돋보이며, 다양한 회의실과 협업 공간이 마련되어 있어 팀 간 소통과 협력이 원활합니다.","type":"unstyled","depth":0,"inlineStyleRanges":[],"entityRanges":[],"data":{}},{"key":"5le4","text":"편안한 휴게 공간과 최신 IT 설비를 갖춘 이곳에서 생산성을 극대화해 보세요.","type":"unstyled","depth":0,"inlineStyleRanges":[],"entityRanges":[],"data":{}}],"entityMap":{}}',1118246,790,'0dbffe7e-8846-438a-8d88-d6e68880beb1.webp',0,to_timestamp('08/08/24','DD/MM/RR HH24:MI:SSXFF'));
Insert into "OFFICE24"."OFFICE" (NO,MANAGER_NO,TITLE,ADDRESS,ZIP_CODE,SIDO,LATITUDE,LONGITUDE,CONTENT,PRICE,CAPACITY,TITLE_IMG,AVAILABILITY,REG_DATE) values (81,1,'든해솔','인천 서구 가경주로 21-1','22783','인천',37.5153130239354,126.673426380585,'{"blocks":[{"key":"dopau","text":"우리 오피스는 직원들의 건강을 고려한 설계로, 충분한 자연 채광과 공기 질 관리 시스템이 도입되어 있습니다.","type":"unstyled","depth":0,"inlineStyleRanges":[],"entityRanges":[],"data":{}},{"key":"66bqv","text":"집중력 향상을 위한 조용한 업무 공간과 활기를 더해주는 휴게 공간이 균형을 이룹니다.","type":"unstyled","depth":0,"inlineStyleRanges":[],"entityRanges":[],"data":{}},{"key":"e4o5f","text":"최신식 헬스 시설과 편안한 라운지에서 일과 후의 재충전도 가능합니다.","type":"unstyled","depth":0,"inlineStyleRanges":[],"entityRanges":[],"data":{}}],"entityMap":{}}',157568,810,'9ea7db2f-6627-44d0-99f5-45524ae0a19b.webp',1,to_timestamp('08/08/24','DD/MM/RR HH24:MI:SSXFF'));
Insert into "OFFICE24"."OFFICE" (NO,MANAGER_NO,TITLE,ADDRESS,ZIP_CODE,SIDO,LATITUDE,LONGITUDE,CONTENT,PRICE,CAPACITY,TITLE_IMG,AVAILABILITY,REG_DATE) values (10,1,'다온 오피스','경기 성남시 분당구 구미로9번길 13-7','13637','경기',37.3392064987803,127.109825657755,'{"blocks":[{"key":"290c7","text":"최신식 인테리어로 꾸며진 우리 오피스는 창의적인 업무 환경을 제공합니다. ","type":"unstyled","depth":0,"inlineStyleRanges":[],"entityRanges":[],"data":{}},{"key":"9r4d9","text":"넓고 환한 공간에서 팀원들과 협력하며 효율적인 업무를 진행할 수 있습니다.","type":"unstyled","depth":0,"inlineStyleRanges":[],"entityRanges":[],"data":{}},{"key":"3ftdu","text":"또한, 각종 편의시설이 완비되어 있어 직원들의 만족도를 높이고 있습니다.","type":"unstyled","depth":0,"inlineStyleRanges":[],"entityRanges":[],"data":{}}],"entityMap":{}}',553701,100,'afb76a50-f731-4104-9ab8-ba643dcb8619.webp',2,to_timestamp('08/08/24','DD/MM/RR HH24:MI:SSXFF'));
Insert into "OFFICE24"."OFFICE" (NO,MANAGER_NO,TITLE,ADDRESS,ZIP_CODE,SIDO,LATITUDE,LONGITUDE,CONTENT,PRICE,CAPACITY,TITLE_IMG,AVAILABILITY,REG_DATE) values (14,1,'라별 오피스','경기 가평군 청평면 청평중앙로 43','12452','경기',37.7377879507246,127.41932974324,'{"blocks":[{"key":"ansqq","text":"최신식 인테리어로 꾸며진 우리 오피스는 창의적인 업무 환경을 제공합니다. ","type":"unstyled","depth":0,"inlineStyleRanges":[],"entityRanges":[],"data":{}},{"key":"a2g30","text":"넓고 환한 공간에서 팀원들과 협력하며 효율적인 업무를 진행할 수 있습니다.","type":"unstyled","depth":0,"inlineStyleRanges":[],"entityRanges":[],"data":{}},{"key":"clv30","text":"또한, 각종 편의시설이 완비되어 있어 직원들의 만족도를 높이고 있습니다.","type":"unstyled","depth":0,"inlineStyleRanges":[],"entityRanges":[],"data":{}}],"entityMap":{}}',1405809,140,'dfa76db7-390f-4009-bf6a-109cfc408481.webp',2,to_timestamp('08/08/24','DD/MM/RR HH24:MI:SSXFF'));
Insert into "OFFICE24"."OFFICE" (NO,MANAGER_NO,TITLE,ADDRESS,ZIP_CODE,SIDO,LATITUDE,LONGITUDE,CONTENT,PRICE,CAPACITY,TITLE_IMG,AVAILABILITY,REG_DATE) values (15,1,'로운 오피스','서울 중랑구 겸재로3길 24','02134','서울',37.5870391952913,127.076658540181,'{"blocks":[{"key":"fi3f0","text":"최신식 인테리어로 꾸며진 우리 오피스는 창의적인 업무 환경을 제공합니다. ","type":"unstyled","depth":0,"inlineStyleRanges":[],"entityRanges":[],"data":{}},{"key":"7j6rd","text":"넓고 환한 공간에서 팀원들과 협력하며 효율적인 업무를 진행할 수 있습니다.","type":"unstyled","depth":0,"inlineStyleRanges":[],"entityRanges":[],"data":{}},{"key":"r74j","text":"또한, 각종 편의시설이 완비되어 있어 직원들의 만족도를 높이고 있습니다.","type":"unstyled","depth":0,"inlineStyleRanges":[],"entityRanges":[],"data":{}}],"entityMap":{}}',1878994,150,'2ef3e337-e8dd-4c7e-a682-fd403587e73c.webp',0,to_timestamp('08/08/24','DD/MM/RR HH24:MI:SSXFF'));
Insert into "OFFICE24"."OFFICE" (NO,MANAGER_NO,TITLE,ADDRESS,ZIP_CODE,SIDO,LATITUDE,LONGITUDE,CONTENT,PRICE,CAPACITY,TITLE_IMG,AVAILABILITY,REG_DATE) values (21,1,'보담 오피스','서울 서대문구 명물길 37','03776','서울',37.5585794333613,126.938176355024,'{"blocks":[{"key":"5h90r","text":"최신식 인테리어로 꾸며진 우리 오피스는 창의적인 업무 환경을 제공합니다. ","type":"unstyled","depth":0,"inlineStyleRanges":[],"entityRanges":[],"data":{}},{"key":"89eup","text":"넓고 환한 공간에서 팀원들과 협력하며 효율적인 업무를 진행할 수 있습니다.","type":"unstyled","depth":0,"inlineStyleRanges":[],"entityRanges":[],"data":{}},{"key":"3cb28","text":"또한, 각종 편의시설이 완비되어 있어 직원들의 만족도를 높이고 있습니다.","type":"unstyled","depth":0,"inlineStyleRanges":[],"entityRanges":[],"data":{}}],"entityMap":{}}',1777050,210,'5c7c1490-5c5a-4516-b996-f748312fd200.webp',0,to_timestamp('08/08/24','DD/MM/RR HH24:MI:SSXFF'));
Insert into "OFFICE24"."OFFICE" (NO,MANAGER_NO,TITLE,ADDRESS,ZIP_CODE,SIDO,LATITUDE,LONGITUDE,CONTENT,PRICE,CAPACITY,TITLE_IMG,AVAILABILITY,REG_DATE) values (22,1,'보람 오피스','서울 강남구 광평로31길 20','06353','서울',37.4865192139773,127.09213631557,'{"blocks":[{"key":"3jh65","text":"최신식 인테리어로 꾸며진 우리 오피스는 창의적인 업무 환경을 제공합니다. ","type":"unstyled","depth":0,"inlineStyleRanges":[],"entityRanges":[],"data":{}},{"key":"bk0hq","text":"넓고 환한 공간에서 팀원들과 협력하며 효율적인 업무를 진행할 수 있습니다.","type":"unstyled","depth":0,"inlineStyleRanges":[],"entityRanges":[],"data":{}},{"key":"e4jum","text":"또한, 각종 편의시설이 완비되어 있어 직원들의 만족도를 높이고 있습니다.","type":"unstyled","depth":0,"inlineStyleRanges":[],"entityRanges":[],"data":{}}],"entityMap":{}}',1268051,220,'88e602a1-744d-4987-8732-061ab1fc616c.webp',2,to_timestamp('08/08/24','DD/MM/RR HH24:MI:SSXFF'));
Insert into "OFFICE24"."OFFICE" (NO,MANAGER_NO,TITLE,ADDRESS,ZIP_CODE,SIDO,LATITUDE,LONGITUDE,CONTENT,PRICE,CAPACITY,TITLE_IMG,AVAILABILITY,REG_DATE) values (23,1,'빛글 오피스','서울 광진구 광나루로 538','05032','서울',37.5446411263566,127.089225885983,'{"blocks":[{"key":"fe7e3","text":"최신식 인테리어로 꾸며진 우리 오피스는 창의적인 업무 환경을 제공합니다. ","type":"unstyled","depth":0,"inlineStyleRanges":[],"entityRanges":[],"data":{}},{"key":"b64f9","text":"넓고 환한 공간에서 팀원들과 협력하며 효율적인 업무를 진행할 수 있습니다.","type":"unstyled","depth":0,"inlineStyleRanges":[],"entityRanges":[],"data":{}},{"key":"tje5","text":"또한, 각종 편의시설이 완비되어 있어 직원들의 만족도를 높이고 있습니다.","type":"unstyled","depth":0,"inlineStyleRanges":[],"entityRanges":[],"data":{}}],"entityMap":{}}',460306,230,'18e44184-d2c6-45ee-bee9-0973f1ddf658.webp',1,to_timestamp('08/08/24','DD/MM/RR HH24:MI:SSXFF'));
Insert into "OFFICE24"."OFFICE" (NO,MANAGER_NO,TITLE,ADDRESS,ZIP_CODE,SIDO,LATITUDE,LONGITUDE,CONTENT,PRICE,CAPACITY,TITLE_IMG,AVAILABILITY,REG_DATE) values (27,1,'새론 오피스','서울 영등포구 경인로 820-15','07306','서울',37.5150772347624,126.904256612866,'{"blocks":[{"key":"7pcpq","text":"최신식 인테리어로 꾸며진 우리 오피스는 창의적인 업무 환경을 제공합니다. ","type":"unstyled","depth":0,"inlineStyleRanges":[],"entityRanges":[],"data":{}},{"key":"fqpmt","text":"넓고 환한 공간에서 팀원들과 협력하며 효율적인 업무를 진행할 수 있습니다.","type":"unstyled","depth":0,"inlineStyleRanges":[],"entityRanges":[],"data":{}},{"key":"fm09","text":"또한, 각종 편의시설이 완비되어 있어 직원들의 만족도를 높이고 있습니다.","type":"unstyled","depth":0,"inlineStyleRanges":[],"entityRanges":[],"data":{}}],"entityMap":{}}',1207065,270,'d253e3ed-139a-4863-97ac-068caca10d06.webp',1,to_timestamp('08/08/24','DD/MM/RR HH24:MI:SSXFF'));
Insert into "OFFICE24"."OFFICE" (NO,MANAGER_NO,TITLE,ADDRESS,ZIP_CODE,SIDO,LATITUDE,LONGITUDE,CONTENT,PRICE,CAPACITY,TITLE_IMG,AVAILABILITY,REG_DATE) values (29,1,'세움 오피스','서울 강남구 봉은사로 407','06097','서울',37.5107810974307,127.044572539842,'{"blocks":[{"key":"p998","text":"최신식 인테리어로 꾸며진 우리 오피스는 창의적인 업무 환경을 제공합니다. ","type":"unstyled","depth":0,"inlineStyleRanges":[],"entityRanges":[],"data":{}},{"key":"bih0f","text":"넓고 환한 공간에서 팀원들과 협력하며 효율적인 업무를 진행할 수 있습니다.","type":"unstyled","depth":0,"inlineStyleRanges":[],"entityRanges":[],"data":{}},{"key":"de4ti","text":"또한, 각종 편의시설이 완비되어 있어 직원들의 만족도를 높이고 있습니다.","type":"unstyled","depth":0,"inlineStyleRanges":[],"entityRanges":[],"data":{}}],"entityMap":{}}',304645,290,'f25e6c19-a719-4702-8120-c51541dc8fd5.webp',1,to_timestamp('08/08/24','DD/MM/RR HH24:MI:SSXFF'));
Insert into "OFFICE24"."OFFICE" (NO,MANAGER_NO,TITLE,ADDRESS,ZIP_CODE,SIDO,LATITUDE,LONGITUDE,CONTENT,PRICE,CAPACITY,TITLE_IMG,AVAILABILITY,REG_DATE) values (109,1,'어반타워','서울 마포구 동교로 217','03993','서울',37.5594957301384,126.923531647095,'{"blocks":[{"key":"8hlt3","text":"이 오피스는 창의적이고 혁신적인 스타트업과 기업을 위한 맞춤형 공간입니다.","type":"unstyled","depth":0,"inlineStyleRanges":[],"entityRanges":[],"data":{}},{"key":"drh19","text":"개방형 구조와 모듈식 디자인으로 자유로운 업무 환경을 제공하며, 다양한 공용 공간과 협업을 위한 라운지가 마련되어 있습니다.","type":"unstyled","depth":0,"inlineStyleRanges":[],"entityRanges":[],"data":{}},{"key":"3lq96","text":"입주 기업 간의 네트워킹과 협력이 활발하게 이루어질 수 있는 환경을 제공하여, 창조적인 아이디어와 비즈니스 기회를 극대화할 수 있습니다.","type":"unstyled","depth":0,"inlineStyleRanges":[],"entityRanges":[],"data":{}}],"entityMap":{}}',1541704,20,'038021a5-c71e-4429-9d4f-743ab64000ac.webp',0,to_timestamp('15/08/24','DD/MM/RR HH24:MI:SSXFF'));
Insert into "OFFICE24"."OFFICE" (NO,MANAGER_NO,TITLE,ADDRESS,ZIP_CODE,SIDO,LATITUDE,LONGITUDE,CONTENT,PRICE,CAPACITY,TITLE_IMG,AVAILABILITY,REG_DATE) values (115,1,'유니크빌딩','서울 강동구 강동대로53길 44','05408','서울',37.5247065176559,127.132327338485,'{"blocks":[{"key":"bprln","text":"이 오피스는 모던하고 세련된 인테리어를 자랑하며, 최첨단 IT 인프라와 편리한 비즈니스 지원 서비스를 제공합니다.","type":"unstyled","depth":0,"inlineStyleRanges":[],"entityRanges":[],"data":{}},{"key":"fgqd2","text":"다양한 규모의 회의실과 다목적 공간이 구비되어 있어, 어떤 비즈니스 활동에도 유연하게 대응할 수 있습니다.","type":"unstyled","depth":0,"inlineStyleRanges":[],"entityRanges":[],"data":{}},{"key":"cgc5k","text":"또한, 친환경적인 설계와 효율적인 에너지 관리 시스템을 통해 지속 가능한 업무 환경을 조성합니다.","type":"unstyled","depth":0,"inlineStyleRanges":[],"entityRanges":[],"data":{}}],"entityMap":{}}',1360505,80,'6fbb68dd-5fa6-46ac-a1ec-f6a1abb50b6a.webp',1,to_timestamp('15/08/24','DD/MM/RR HH24:MI:SSXFF'));
Insert into "OFFICE24"."OFFICE" (NO,MANAGER_NO,TITLE,ADDRESS,ZIP_CODE,SIDO,LATITUDE,LONGITUDE,CONTENT,PRICE,CAPACITY,TITLE_IMG,AVAILABILITY,REG_DATE) values (110,1,'이노센터','서울 송파구 가락로 156','05675','서울',37.5029902108861,127.113031118798,'{"blocks":[{"key":"7jqi8","text":"이 오피스는 모던하고 세련된 인테리어를 자랑하며, 최첨단 IT 인프라와 편리한 비즈니스 지원 서비스를 제공합니다.","type":"unstyled","depth":0,"inlineStyleRanges":[],"entityRanges":[],"data":{}},{"key":"bk03e","text":"다양한 규모의 회의실과 다목적 공간이 구비되어 있어, 어떤 비즈니스 활동에도 유연하게 대응할 수 있습니다.","type":"unstyled","depth":0,"inlineStyleRanges":[],"entityRanges":[],"data":{}},{"key":"es5nq","text":"또한, 친환경적인 설계와 효율적인 에너지 관리 시스템을 통해 지속 가능한 업무 환경을 조성합니다.","type":"unstyled","depth":0,"inlineStyleRanges":[],"entityRanges":[],"data":{}}],"entityMap":{}}',884619,30,'20bd5f9b-7cd5-4042-986f-54bafc5ed108.webp',2,to_timestamp('15/08/24','DD/MM/RR HH24:MI:SSXFF'));
Insert into "OFFICE24"."OFFICE" (NO,MANAGER_NO,TITLE,ADDRESS,ZIP_CODE,SIDO,LATITUDE,LONGITUDE,CONTENT,PRICE,CAPACITY,TITLE_IMG,AVAILABILITY,REG_DATE) values (111,1,'드림워커스','경기 성남시 분당구 서판교로 154','13474','경기',37.399800725459,127.095190863413,'{"blocks":[{"key":"d1nqg","text":"이 오피스는 중심지에 위치하여 탁월한 접근성을 자랑하며, 업무와 휴식을 동시에 누릴 수 있는 다채로운 편의시설이 마련되어 있습니다.","type":"unstyled","depth":0,"inlineStyleRanges":[],"entityRanges":[],"data":{}},{"key":"2hjp","text":"전용 사무공간 외에도 자유롭게 활용 가능한 공용 라운지와 휴게실, 카페 등이 있어 직원들의 편의와 복지를 극대화합니다.","type":"unstyled","depth":0,"inlineStyleRanges":[],"entityRanges":[],"data":{}},{"key":"adlk8","text":"또한, 입주 기업 간의 협력과 교류를 촉진하는 다양한 이벤트와 프로그램도 운영됩니다.","type":"unstyled","depth":0,"inlineStyleRanges":[],"entityRanges":[],"data":{}}],"entityMap":{}}',893273,40,'de39ccc8-f9f4-4a68-8755-c73381d90ddd.webp',1,to_timestamp('15/08/24','DD/MM/RR HH24:MI:SSXFF'));
Insert into "OFFICE24"."OFFICE" (NO,MANAGER_NO,TITLE,ADDRESS,ZIP_CODE,SIDO,LATITUDE,LONGITUDE,CONTENT,PRICE,CAPACITY,TITLE_IMG,AVAILABILITY,REG_DATE) values (112,1,'에이스타워','서울 중구 난계로 125','04583','서울',37.5630470129122,127.023875326117,'{"blocks":[{"key":"2jmhu","text":"이 오피스는 혁신적이고 효율적인 업무 환경을 제공하기 위해 설계되었습니다.","type":"unstyled","depth":0,"inlineStyleRanges":[],"entityRanges":[],"data":{}},{"key":"3sctc","text":"모든 공간이 최신식 가구와 설비로 구성되어 있으며, 필요한 모든 업무 지원 서비스를 원스톱으로 이용할 수 있습니다.","type":"unstyled","depth":0,"inlineStyleRanges":[],"entityRanges":[],"data":{}},{"key":"f81k2","text":"고속 인터넷과 최첨단 회의 시스템이 갖춰진 이 오피스는 비즈니스의 성장을 위한 최적의 환경을 제공합니다.","type":"unstyled","depth":0,"inlineStyleRanges":[],"entityRanges":[],"data":{}}],"entityMap":{}}',1519635,50,'e3fe67d5-1160-48c7-aa02-81f8c3c68341.webp',0,to_timestamp('15/08/24','DD/MM/RR HH24:MI:SSXFF'));
Insert into "OFFICE24"."OFFICE" (NO,MANAGER_NO,TITLE,ADDRESS,ZIP_CODE,SIDO,LATITUDE,LONGITUDE,CONTENT,PRICE,CAPACITY,TITLE_IMG,AVAILABILITY,REG_DATE) values (114,1,'콜라보오피스','부산 해운대구 반여로 112','48036','부산',35.2013828574415,129.123769957616,'{"blocks":[{"key":"av7rv","text":"이 오피스는 창의적이고 혁신적인 스타트업과 기업을 위한 맞춤형 공간입니다.","type":"unstyled","depth":0,"inlineStyleRanges":[],"entityRanges":[],"data":{}},{"key":"4o8i7","text":"개방형 구조와 모듈식 디자인으로 자유로운 업무 환경을 제공하며, 다양한 공용 공간과 협업을 위한 라운지가 마련되어 있습니다.","type":"unstyled","depth":0,"inlineStyleRanges":[],"entityRanges":[],"data":{}},{"key":"e3331","text":"입주 기업 간의 네트워킹과 협력이 활발하게 이루어질 수 있는 환경을 제공하여, 창조적인 아이디어와 비즈니스 기회를 극대화할 수 있습니다.","type":"unstyled","depth":0,"inlineStyleRanges":[],"entityRanges":[],"data":{}}],"entityMap":{}}',171698,70,'0267b1c6-d90a-4535-91e6-b00127d00f75.webp',0,to_timestamp('15/08/24','DD/MM/RR HH24:MI:SSXFF'));
Insert into "OFFICE24"."OFFICE" (NO,MANAGER_NO,TITLE,ADDRESS,ZIP_CODE,SIDO,LATITUDE,LONGITUDE,CONTENT,PRICE,CAPACITY,TITLE_IMG,AVAILABILITY,REG_DATE) values (113,1,'인스파이어센터','경기 성남시 분당구 궁내로40번길 35','13550','경기',37.3705973387439,127.100690438297,'{"blocks":[{"key":"8r201","text":"이 오피스는 첨단 기술과 혁신적인 디자인을 결합한 최신식 빌딩입니다.","type":"unstyled","depth":0,"inlineStyleRanges":[],"entityRanges":[],"data":{}},{"key":"bgsc9","text":"넓고 쾌적한 공간에서 최적의 업무 환경을 제공하며, 다양한 회의실과 휴게공간이 마련되어 있어 직원들의 창의성과 생산성을 극대화할 수 있습니다.","type":"unstyled","depth":0,"inlineStyleRanges":[],"entityRanges":[],"data":{}},{"key":"2kbdl","text":"또한, 교통 접근성이 뛰어나며, 주변에 다양한 편의시설이 있어 비즈니스의 중심지로 자리잡고 있습니다","type":"unstyled","depth":0,"inlineStyleRanges":[],"entityRanges":[],"data":{}}],"entityMap":{}}',1995679,60,'40b246f7-5e19-4313-81c5-4340e954cd1d.webp',2,to_timestamp('15/08/24','DD/MM/RR HH24:MI:SSXFF'));
Insert into "OFFICE24"."OFFICE_IMAGE" (NO,OFFICE_NO,NAME) values (109,46,'3405be63-dd1a-4fd5-9aba-8b245735b9d7.webp');
Insert into "OFFICE24"."OFFICE_IMAGE" (NO,OFFICE_NO,NAME) values (110,46,'e2739b5b-90af-4953-b850-f69a457e73b0.webp');
Insert into "OFFICE24"."OFFICE_IMAGE" (NO,OFFICE_NO,NAME) values (111,45,'b3535018-c5b2-422e-8ea9-15b17372dc55.webp');
Insert into "OFFICE24"."OFFICE_IMAGE" (NO,OFFICE_NO,NAME) values (112,45,'a2609d50-266b-4f92-9c19-bd5739befc0e.webp');
Insert into "OFFICE24"."OFFICE_IMAGE" (NO,OFFICE_NO,NAME) values (113,44,'04a77beb-e650-4232-aa88-af0e35c2f0b5.webp');
Insert into "OFFICE24"."OFFICE_IMAGE" (NO,OFFICE_NO,NAME) values (114,44,'a957689e-e0bf-44f6-8da7-9817f66e9f04.webp');
Insert into "OFFICE24"."OFFICE_IMAGE" (NO,OFFICE_NO,NAME) values (117,42,'a5174054-6a52-4492-a15e-de4a7d12de93.webp');
Insert into "OFFICE24"."OFFICE_IMAGE" (NO,OFFICE_NO,NAME) values (118,42,'e35db128-11ee-4e42-ae7f-1a6cec3cc38f.webp');
Insert into "OFFICE24"."OFFICE_IMAGE" (NO,OFFICE_NO,NAME) values (121,40,'e796fcd5-ded8-4052-8385-9b2a6436dbe9.webp');
Insert into "OFFICE24"."OFFICE_IMAGE" (NO,OFFICE_NO,NAME) values (122,40,'613ddc12-2246-4413-9f73-c50aa6e1cecb.webp');
Insert into "OFFICE24"."OFFICE_IMAGE" (NO,OFFICE_NO,NAME) values (135,33,'4c4a3e44-de01-4921-a84d-25741b53d7b5.webp');
Insert into "OFFICE24"."OFFICE_IMAGE" (NO,OFFICE_NO,NAME) values (136,33,'01bd84f6-4e80-467b-964e-e128f8004756.webp');
Insert into "OFFICE24"."OFFICE_IMAGE" (NO,OFFICE_NO,NAME) values (137,32,'09db2ce7-d2cb-48b1-96bb-659ef216b3f3.webp');
Insert into "OFFICE24"."OFFICE_IMAGE" (NO,OFFICE_NO,NAME) values (138,32,'b3f8803d-549d-480e-9a73-0b96cfa73a70.webp');
Insert into "OFFICE24"."OFFICE_IMAGE" (NO,OFFICE_NO,NAME) values (151,25,'81cca25b-530a-4f11-b44a-dd550f7428a8.webp');
Insert into "OFFICE24"."OFFICE_IMAGE" (NO,OFFICE_NO,NAME) values (152,25,'171b09ab-e340-4e9f-9dfb-ede0f66cc103.webp');
Insert into "OFFICE24"."OFFICE_IMAGE" (NO,OFFICE_NO,NAME) values (155,23,'f48b4595-92eb-4399-b609-0cff7f077df1.webp');
Insert into "OFFICE24"."OFFICE_IMAGE" (NO,OFFICE_NO,NAME) values (156,23,'a13044a0-b2de-4b6f-aaa5-58a624ce260f.webp');
Insert into "OFFICE24"."OFFICE_IMAGE" (NO,OFFICE_NO,NAME) values (157,22,'f7decf6c-3fd0-4d5a-af9f-0a4b8f6e9b09.webp');
Insert into "OFFICE24"."OFFICE_IMAGE" (NO,OFFICE_NO,NAME) values (158,22,'3f9e869c-211a-4fa9-824d-11e035758778.webp');
Insert into "OFFICE24"."OFFICE_IMAGE" (NO,OFFICE_NO,NAME) values (159,21,'d9a93b88-c344-44a7-a3c7-6a808e0f7f1e.webp');
Insert into "OFFICE24"."OFFICE_IMAGE" (NO,OFFICE_NO,NAME) values (160,21,'d55122d4-3164-4153-91ca-427ae7510188.webp');
Insert into "OFFICE24"."OFFICE_IMAGE" (NO,OFFICE_NO,NAME) values (163,19,'162493c0-5d6d-4fd4-b3cd-fc158ad39c54.webp');
Insert into "OFFICE24"."OFFICE_IMAGE" (NO,OFFICE_NO,NAME) values (164,19,'76c7942a-55a0-4bb2-aa71-fbe10fc4cdf1.webp');
Insert into "OFFICE24"."OFFICE_IMAGE" (NO,OFFICE_NO,NAME) values (167,17,'d619b827-bbf2-4c60-91d5-0fd7f265c8e0.webp');
Insert into "OFFICE24"."OFFICE_IMAGE" (NO,OFFICE_NO,NAME) values (168,17,'9599327c-531b-47dd-9a1e-d0471c82ae41.webp');
Insert into "OFFICE24"."OFFICE_IMAGE" (NO,OFFICE_NO,NAME) values (169,16,'34fd8c57-b64c-4a75-9c5a-d89b451c7a88.webp');
Insert into "OFFICE24"."OFFICE_IMAGE" (NO,OFFICE_NO,NAME) values (170,16,'400bc8b6-fc83-4570-afaa-b12972538f23.webp');
Insert into "OFFICE24"."OFFICE_IMAGE" (NO,OFFICE_NO,NAME) values (171,15,'de614609-687e-4648-ae8b-654535e24167.webp');
Insert into "OFFICE24"."OFFICE_IMAGE" (NO,OFFICE_NO,NAME) values (172,15,'fff7eac5-0404-4748-baa6-e76e3dc139fc.webp');
Insert into "OFFICE24"."OFFICE_IMAGE" (NO,OFFICE_NO,NAME) values (173,14,'330808e7-d1e6-4aaf-abba-b85fbdb376ec.webp');
Insert into "OFFICE24"."OFFICE_IMAGE" (NO,OFFICE_NO,NAME) values (174,14,'9701030d-b7af-4699-8016-d648806e9ab2.webp');
Insert into "OFFICE24"."OFFICE_IMAGE" (NO,OFFICE_NO,NAME) values (175,13,'8c046615-8b02-4e45-84cb-5b010d905f67.webp');
Insert into "OFFICE24"."OFFICE_IMAGE" (NO,OFFICE_NO,NAME) values (176,13,'6fafc8ff-19e5-4690-9ee3-b5d755bb75f1.webp');
Insert into "OFFICE24"."OFFICE_IMAGE" (NO,OFFICE_NO,NAME) values (179,11,'7f080d80-f1d2-41b3-ac3b-67ad4eb8357e.webp');
Insert into "OFFICE24"."OFFICE_IMAGE" (NO,OFFICE_NO,NAME) values (180,11,'55f90640-5a36-48f5-9fdb-698c83658817.webp');
Insert into "OFFICE24"."OFFICE_IMAGE" (NO,OFFICE_NO,NAME) values (181,10,'5f1b36c4-952f-47a1-838b-b54879084036.webp');
Insert into "OFFICE24"."OFFICE_IMAGE" (NO,OFFICE_NO,NAME) values (182,10,'fee65e4f-2bd3-4862-aa58-52692ad08a12.webp');
Insert into "OFFICE24"."OFFICE_IMAGE" (NO,OFFICE_NO,NAME) values (185,8,'1ada8823-7726-4813-876d-48b697703cf1.webp');
Insert into "OFFICE24"."OFFICE_IMAGE" (NO,OFFICE_NO,NAME) values (186,8,'fcc4d264-5192-4446-a010-5145f723e13e.webp');
Insert into "OFFICE24"."OFFICE_IMAGE" (NO,OFFICE_NO,NAME) values (189,6,'ed2f037a-498f-4a6c-95f9-ede5e84e8dee.webp');
Insert into "OFFICE24"."OFFICE_IMAGE" (NO,OFFICE_NO,NAME) values (190,6,'1b2c089b-ce6a-48d7-9b41-55e3d89078a8.webp');
Insert into "OFFICE24"."OFFICE_IMAGE" (NO,OFFICE_NO,NAME) values (191,5,'7c9bbd8d-b90b-4ebb-9bda-70d3dd72fb4a.webp');
Insert into "OFFICE24"."OFFICE_IMAGE" (NO,OFFICE_NO,NAME) values (192,5,'66aa5916-1bc0-4540-aaad-97f581dea095.webp');
Insert into "OFFICE24"."OFFICE_IMAGE" (NO,OFFICE_NO,NAME) values (197,2,'187d041f-361c-4325-a07d-f1d4b38b611a.webp');
Insert into "OFFICE24"."OFFICE_IMAGE" (NO,OFFICE_NO,NAME) values (198,2,'883d78e6-a1bb-4f6f-885d-ba9c73b11a28.webp');
Insert into "OFFICE24"."OFFICE_IMAGE" (NO,OFFICE_NO,NAME) values (199,1,'60e5618f-fea7-44f0-babe-1f9e190898ee.webp');
Insert into "OFFICE24"."OFFICE_IMAGE" (NO,OFFICE_NO,NAME) values (200,1,'54af9558-7a19-4ad7-8c8b-91d0dc986c66.webp');
Insert into "OFFICE24"."OFFICE_IMAGE" (NO,OFFICE_NO,NAME) values (221,108,'623c127b-541d-4a50-874b-87e3b86b59a8.webp');
Insert into "OFFICE24"."OFFICE_IMAGE" (NO,OFFICE_NO,NAME) values (222,108,'44dda4ec-4901-43e9-9ff5-702829e302f8.webp');
Insert into "OFFICE24"."OFFICE_IMAGE" (NO,OFFICE_NO,NAME) values (231,113,'621dacc9-a3a5-4d23-ba92-3b37fec4a2dc.webp');
Insert into "OFFICE24"."OFFICE_IMAGE" (NO,OFFICE_NO,NAME) values (232,113,'81b6ac77-4219-45b3-9123-d72ec8bdca3a.webp');
Insert into "OFFICE24"."OFFICE_IMAGE" (NO,OFFICE_NO,NAME) values (3,99,'0386878d-eda1-42be-976f-fa1c871e051a.webp');
Insert into "OFFICE24"."OFFICE_IMAGE" (NO,OFFICE_NO,NAME) values (4,99,'dcb93c43-b0af-40f4-ad98-8bb69899dd3c.webp');
Insert into "OFFICE24"."OFFICE_IMAGE" (NO,OFFICE_NO,NAME) values (5,98,'bd7c1764-ba3a-431c-8c0c-c2195414226a.webp');
Insert into "OFFICE24"."OFFICE_IMAGE" (NO,OFFICE_NO,NAME) values (6,98,'cfb3870b-9ba1-429d-82c4-46ee11a8dbd1.webp');
Insert into "OFFICE24"."OFFICE_IMAGE" (NO,OFFICE_NO,NAME) values (7,97,'dda590e4-c041-4451-82b0-5a7cf3d6fdc6.webp');
Insert into "OFFICE24"."OFFICE_IMAGE" (NO,OFFICE_NO,NAME) values (8,97,'70c148dc-8e44-4803-b190-af51aa22ae04.webp');
Insert into "OFFICE24"."OFFICE_IMAGE" (NO,OFFICE_NO,NAME) values (9,96,'010c5f2b-75a9-483a-9e27-fc5c39babf7f.webp');
Insert into "OFFICE24"."OFFICE_IMAGE" (NO,OFFICE_NO,NAME) values (10,96,'02e347ae-1668-4034-a706-525accc3b709.webp');
Insert into "OFFICE24"."OFFICE_IMAGE" (NO,OFFICE_NO,NAME) values (11,95,'df31a4a0-26d5-4ff3-8feb-d4462eab8eb6.webp');
Insert into "OFFICE24"."OFFICE_IMAGE" (NO,OFFICE_NO,NAME) values (12,95,'ba79d08e-e951-4a89-8c35-eaebb74fb6a4.webp');
Insert into "OFFICE24"."OFFICE_IMAGE" (NO,OFFICE_NO,NAME) values (13,94,'9d0f2388-e36b-4c1d-8413-4b38925b51d1.webp');
Insert into "OFFICE24"."OFFICE_IMAGE" (NO,OFFICE_NO,NAME) values (14,94,'479f206c-11d3-48cd-b11b-ea5490a8d309.webp');
Insert into "OFFICE24"."OFFICE_IMAGE" (NO,OFFICE_NO,NAME) values (15,93,'6db475a9-8a4d-46f5-94f9-fde8cbd08b01.webp');
Insert into "OFFICE24"."OFFICE_IMAGE" (NO,OFFICE_NO,NAME) values (16,93,'c83c8e2a-8ed8-447e-abc7-4ba25bdf4a81.webp');
Insert into "OFFICE24"."OFFICE_IMAGE" (NO,OFFICE_NO,NAME) values (17,92,'59a50c99-10b5-4ef7-ae20-9f06f1dcd24b.webp');
Insert into "OFFICE24"."OFFICE_IMAGE" (NO,OFFICE_NO,NAME) values (18,92,'c74c2199-b406-429b-8350-69b07c9437f9.webp');
Insert into "OFFICE24"."OFFICE_IMAGE" (NO,OFFICE_NO,NAME) values (19,91,'04097b0f-3ede-4448-ad53-a24267ffd606.webp');
Insert into "OFFICE24"."OFFICE_IMAGE" (NO,OFFICE_NO,NAME) values (20,91,'b74bbb47-9778-4fbc-b611-adf4d993e988.webp');
Insert into "OFFICE24"."OFFICE_IMAGE" (NO,OFFICE_NO,NAME) values (21,90,'0ced6a3d-3926-469f-95ff-0a1fc9ba42eb.webp');
Insert into "OFFICE24"."OFFICE_IMAGE" (NO,OFFICE_NO,NAME) values (22,90,'8b42c86f-507c-4ccd-88c8-2f8ba11d27ad.webp');
Insert into "OFFICE24"."OFFICE_IMAGE" (NO,OFFICE_NO,NAME) values (23,89,'d7e937b9-0f77-44ee-9819-346a8da60a04.webp');
Insert into "OFFICE24"."OFFICE_IMAGE" (NO,OFFICE_NO,NAME) values (24,89,'36e82b0d-61ec-4a80-a849-afae8b9a1f35.webp');
Insert into "OFFICE24"."OFFICE_IMAGE" (NO,OFFICE_NO,NAME) values (25,88,'654fd957-022e-4406-9058-27aa2ee5574c.webp');
Insert into "OFFICE24"."OFFICE_IMAGE" (NO,OFFICE_NO,NAME) values (26,88,'4b4667b0-f1cc-43b2-a344-b799e9cb577a.webp');
Insert into "OFFICE24"."OFFICE_IMAGE" (NO,OFFICE_NO,NAME) values (29,86,'0a9585c3-eb79-4a9d-af28-87c9dec152ef.webp');
Insert into "OFFICE24"."OFFICE_IMAGE" (NO,OFFICE_NO,NAME) values (30,86,'64112613-9e99-4e90-b46d-7ffb3ab036ba.webp');
Insert into "OFFICE24"."OFFICE_IMAGE" (NO,OFFICE_NO,NAME) values (31,85,'ec782cfb-6a00-42f6-8b59-ca21f8a496a2.webp');
Insert into "OFFICE24"."OFFICE_IMAGE" (NO,OFFICE_NO,NAME) values (32,85,'0410a4b4-b959-4535-815f-b7a293508951.webp');
Insert into "OFFICE24"."OFFICE_IMAGE" (NO,OFFICE_NO,NAME) values (33,84,'0099f43a-a6c1-4fbe-a2ca-185474a18d80.webp');
Insert into "OFFICE24"."OFFICE_IMAGE" (NO,OFFICE_NO,NAME) values (34,84,'2c79e7f9-a3d9-4dd5-a7f5-10a057502958.webp');
Insert into "OFFICE24"."OFFICE_IMAGE" (NO,OFFICE_NO,NAME) values (35,83,'83056465-08f5-4b99-bed6-3eaeec4ad3f4.webp');
Insert into "OFFICE24"."OFFICE_IMAGE" (NO,OFFICE_NO,NAME) values (36,83,'006a25db-dfba-480c-814a-f44c8753b4d4.webp');
Insert into "OFFICE24"."OFFICE_IMAGE" (NO,OFFICE_NO,NAME) values (37,82,'31d720b9-c0f9-497f-ba5f-55a0dad09a63.webp');
Insert into "OFFICE24"."OFFICE_IMAGE" (NO,OFFICE_NO,NAME) values (38,82,'2fcfe023-8525-436e-bd7c-b47bbc2e6189.webp');
Insert into "OFFICE24"."OFFICE_IMAGE" (NO,OFFICE_NO,NAME) values (47,77,'4ed84fdb-3672-4e7a-850a-109719eba93a.webp');
Insert into "OFFICE24"."OFFICE_IMAGE" (NO,OFFICE_NO,NAME) values (48,77,'52e98bb0-ab10-4812-a97d-a0b1b5325b05.webp');
Insert into "OFFICE24"."OFFICE_IMAGE" (NO,OFFICE_NO,NAME) values (55,73,'26aaebce-a5c1-4c0a-829d-d28860a7edf0.webp');
Insert into "OFFICE24"."OFFICE_IMAGE" (NO,OFFICE_NO,NAME) values (56,73,'d2e52bab-5572-42bf-b819-760e4c345c1b.webp');
Insert into "OFFICE24"."OFFICE_IMAGE" (NO,OFFICE_NO,NAME) values (57,72,'83e65745-512a-40ec-91b9-13fb52029687.webp');
Insert into "OFFICE24"."OFFICE_IMAGE" (NO,OFFICE_NO,NAME) values (58,72,'51999ede-9cd1-46f8-b510-c9708e26ccf3.webp');
Insert into "OFFICE24"."OFFICE_IMAGE" (NO,OFFICE_NO,NAME) values (61,70,'5b2dbdf8-6b5b-4309-80cd-b623c804e253.webp');
Insert into "OFFICE24"."OFFICE_IMAGE" (NO,OFFICE_NO,NAME) values (62,70,'f2f0a85d-f256-4634-8607-d46d59c788e8.webp');
Insert into "OFFICE24"."OFFICE_IMAGE" (NO,OFFICE_NO,NAME) values (65,68,'4de81cf6-3ac3-423f-90c0-330d9d32f18c.webp');
Insert into "OFFICE24"."OFFICE_IMAGE" (NO,OFFICE_NO,NAME) values (66,68,'5db69e81-d508-49be-aa67-9e440cb409e2.webp');
Insert into "OFFICE24"."OFFICE_IMAGE" (NO,OFFICE_NO,NAME) values (69,66,'b5f97717-cfaa-4973-a73b-1cf654fdc919.webp');
Insert into "OFFICE24"."OFFICE_IMAGE" (NO,OFFICE_NO,NAME) values (70,66,'5049395f-db02-4b85-bb7a-563c59d028c6.webp');
Insert into "OFFICE24"."OFFICE_IMAGE" (NO,OFFICE_NO,NAME) values (71,65,'121aad8e-c244-4e8a-998e-89c6904ce16f.webp');
Insert into "OFFICE24"."OFFICE_IMAGE" (NO,OFFICE_NO,NAME) values (72,65,'579b2035-7dd2-43f0-98da-27f6ec8896a4.webp');
Insert into "OFFICE24"."OFFICE_IMAGE" (NO,OFFICE_NO,NAME) values (79,61,'e4b02eb4-949d-4674-a615-349ad2932097.webp');
Insert into "OFFICE24"."OFFICE_IMAGE" (NO,OFFICE_NO,NAME) values (80,61,'d5810583-351c-4332-a658-7875757d4270.webp');
Insert into "OFFICE24"."OFFICE_IMAGE" (NO,OFFICE_NO,NAME) values (83,59,'03561a5e-dd1e-4c44-a955-88fac964c985.webp');
Insert into "OFFICE24"."OFFICE_IMAGE" (NO,OFFICE_NO,NAME) values (84,59,'1cb89a64-2202-433d-989a-6d64c88da0b3.webp');
Insert into "OFFICE24"."OFFICE_IMAGE" (NO,OFFICE_NO,NAME) values (85,58,'a086d543-f3b1-4f5d-ae10-86378cb591fc.webp');
Insert into "OFFICE24"."OFFICE_IMAGE" (NO,OFFICE_NO,NAME) values (86,58,'2bdcd8ad-cc2d-40b9-8c4c-63d644a59509.webp');
Insert into "OFFICE24"."OFFICE_IMAGE" (NO,OFFICE_NO,NAME) values (89,56,'afa21d38-397a-49d3-89f7-2cba1fa353c7.webp');
Insert into "OFFICE24"."OFFICE_IMAGE" (NO,OFFICE_NO,NAME) values (90,56,'adba7d5b-0ba5-49cc-a6f0-2b65f1238ee3.webp');
Insert into "OFFICE24"."OFFICE_IMAGE" (NO,OFFICE_NO,NAME) values (93,54,'46527ba5-2197-49ba-88e7-1eacb47963e6.webp');
Insert into "OFFICE24"."OFFICE_IMAGE" (NO,OFFICE_NO,NAME) values (94,54,'e532047c-02f0-4831-8037-4282078741a5.webp');
Insert into "OFFICE24"."OFFICE_IMAGE" (NO,OFFICE_NO,NAME) values (95,53,'c198772d-aae4-41c3-8e2d-b3ea329d30dd.webp');
Insert into "OFFICE24"."OFFICE_IMAGE" (NO,OFFICE_NO,NAME) values (96,53,'b6e9669a-6ffd-4ce0-a1a1-3810eb9b8213.webp');
Insert into "OFFICE24"."OFFICE_IMAGE" (NO,OFFICE_NO,NAME) values (97,52,'6fea5291-41a1-4f86-8a7e-22e2c61667b2.webp');
Insert into "OFFICE24"."OFFICE_IMAGE" (NO,OFFICE_NO,NAME) values (98,52,'f786112a-29fe-474e-817b-ac429131b3ce.webp');
Insert into "OFFICE24"."OFFICE_IMAGE" (NO,OFFICE_NO,NAME) values (103,49,'7b286b4a-1755-4a5a-9962-8a978ec15c04.webp');
Insert into "OFFICE24"."OFFICE_IMAGE" (NO,OFFICE_NO,NAME) values (104,49,'0401c3b8-6a47-425a-b2f9-a394e38027cf.webp');
Insert into "OFFICE24"."OFFICE_IMAGE" (NO,OFFICE_NO,NAME) values (105,48,'c3ce84c0-10ab-49f0-bc25-c36a4709730b.webp');
Insert into "OFFICE24"."OFFICE_IMAGE" (NO,OFFICE_NO,NAME) values (106,48,'c006ed1c-f772-4bbf-95c2-6ab0e19cc978.webp');
Insert into "OFFICE24"."OFFICE_IMAGE" (NO,OFFICE_NO,NAME) values (27,87,'2c0adb0c-28cc-40e0-b397-a49dfaf3d7f2.webp');
Insert into "OFFICE24"."OFFICE_IMAGE" (NO,OFFICE_NO,NAME) values (28,87,'c2be2d0a-7969-46b1-bb3e-94f5af2e1d7f.webp');
Insert into "OFFICE24"."OFFICE_IMAGE" (NO,OFFICE_NO,NAME) values (39,81,'2f2a0cbc-3192-47a6-81e3-eecf907931ef.webp');
Insert into "OFFICE24"."OFFICE_IMAGE" (NO,OFFICE_NO,NAME) values (40,81,'2966f6f1-e4e7-4614-960c-a95acb21193f.webp');
Insert into "OFFICE24"."OFFICE_IMAGE" (NO,OFFICE_NO,NAME) values (41,80,'24dda40c-6be3-4402-ad96-c268a8087c3f.webp');
Insert into "OFFICE24"."OFFICE_IMAGE" (NO,OFFICE_NO,NAME) values (42,80,'98737520-d37e-4e7e-ae24-0c31e926ea72.webp');
Insert into "OFFICE24"."OFFICE_IMAGE" (NO,OFFICE_NO,NAME) values (43,79,'b075635a-d3c4-4a31-af67-177b01d9b661.webp');
Insert into "OFFICE24"."OFFICE_IMAGE" (NO,OFFICE_NO,NAME) values (44,79,'4d392d39-6344-4a56-95b4-055d050a0a3f.webp');
Insert into "OFFICE24"."OFFICE_IMAGE" (NO,OFFICE_NO,NAME) values (45,78,'940e3b4f-73a7-4303-8019-9e687b3bf3c9.webp');
Insert into "OFFICE24"."OFFICE_IMAGE" (NO,OFFICE_NO,NAME) values (46,78,'7dc46ff3-764f-4041-b67f-dc3b75aeb1ff.webp');
Insert into "OFFICE24"."OFFICE_IMAGE" (NO,OFFICE_NO,NAME) values (49,76,'9cfd62f3-c092-4437-badf-25c783893935.webp');
Insert into "OFFICE24"."OFFICE_IMAGE" (NO,OFFICE_NO,NAME) values (50,76,'f7001ee1-c2bd-4450-839c-1ee43e2d957a.webp');
Insert into "OFFICE24"."OFFICE_IMAGE" (NO,OFFICE_NO,NAME) values (51,75,'86fd11b5-5d93-4099-bf58-838a63dc0bea.webp');
Insert into "OFFICE24"."OFFICE_IMAGE" (NO,OFFICE_NO,NAME) values (52,75,'c6f22e40-8716-4dad-8f45-3b2a06b8f32d.webp');
Insert into "OFFICE24"."OFFICE_IMAGE" (NO,OFFICE_NO,NAME) values (53,74,'04623367-a16d-436e-aafa-5723c52031bd.webp');
Insert into "OFFICE24"."OFFICE_IMAGE" (NO,OFFICE_NO,NAME) values (54,74,'3d2b46ec-0f3f-483b-bbba-ec0684c1e07c.webp');
Insert into "OFFICE24"."OFFICE_IMAGE" (NO,OFFICE_NO,NAME) values (59,71,'522767d1-2f21-418e-b7f6-8cd310c8c7d4.webp');
Insert into "OFFICE24"."OFFICE_IMAGE" (NO,OFFICE_NO,NAME) values (60,71,'7de28a16-c6d2-41b2-9a84-8d91bfc14bff.webp');
Insert into "OFFICE24"."OFFICE_IMAGE" (NO,OFFICE_NO,NAME) values (63,69,'856c0502-faaf-4ee9-90fd-431568eb9e07.webp');
Insert into "OFFICE24"."OFFICE_IMAGE" (NO,OFFICE_NO,NAME) values (64,69,'532ee1d7-9722-4015-afb7-1d0a365ae032.webp');
Insert into "OFFICE24"."OFFICE_IMAGE" (NO,OFFICE_NO,NAME) values (67,67,'c801666f-7842-4f48-8ce6-d64e1fb08034.webp');
Insert into "OFFICE24"."OFFICE_IMAGE" (NO,OFFICE_NO,NAME) values (68,67,'7a75b7b4-a134-4f62-b750-50dff72a3563.webp');
Insert into "OFFICE24"."OFFICE_IMAGE" (NO,OFFICE_NO,NAME) values (73,64,'1fe2f151-6f4f-4676-9adc-a07d47e8667d.webp');
Insert into "OFFICE24"."OFFICE_IMAGE" (NO,OFFICE_NO,NAME) values (74,64,'07672636-2dfd-48eb-9d50-c1795ae0e1fa.webp');
Insert into "OFFICE24"."OFFICE_IMAGE" (NO,OFFICE_NO,NAME) values (77,62,'5f908690-9255-4801-8c1c-6a433620ec3e.webp');
Insert into "OFFICE24"."OFFICE_IMAGE" (NO,OFFICE_NO,NAME) values (78,62,'9eff6880-68b7-4a5f-9ea7-42581cbed2eb.webp');
Insert into "OFFICE24"."OFFICE_IMAGE" (NO,OFFICE_NO,NAME) values (81,60,'f702ec5a-2b4c-4622-852b-75daf324f572.webp');
Insert into "OFFICE24"."OFFICE_IMAGE" (NO,OFFICE_NO,NAME) values (82,60,'43120d4e-b8ed-4bc5-9e1b-4215a297bf16.webp');
Insert into "OFFICE24"."OFFICE_IMAGE" (NO,OFFICE_NO,NAME) values (87,57,'4eed66fb-5d22-43fa-bc21-b96303094bef.webp');
Insert into "OFFICE24"."OFFICE_IMAGE" (NO,OFFICE_NO,NAME) values (88,57,'16eef7b9-0514-45fc-ac96-513705ae69ba.webp');
Insert into "OFFICE24"."OFFICE_IMAGE" (NO,OFFICE_NO,NAME) values (91,55,'c9bbbcb2-2741-4689-8444-648fb5dfff70.webp');
Insert into "OFFICE24"."OFFICE_IMAGE" (NO,OFFICE_NO,NAME) values (92,55,'0b844efe-7c88-452f-92de-1142434b56c5.webp');
Insert into "OFFICE24"."OFFICE_IMAGE" (NO,OFFICE_NO,NAME) values (99,51,'0ea0f128-2be5-4c0c-a37e-4af4434316ff.webp');
Insert into "OFFICE24"."OFFICE_IMAGE" (NO,OFFICE_NO,NAME) values (100,51,'ebd8e53d-704f-4b94-be3d-3160bdc2d5b2.webp');
Insert into "OFFICE24"."OFFICE_IMAGE" (NO,OFFICE_NO,NAME) values (101,50,'5825db36-ee93-402e-8ec4-8e81ae6fefda.webp');
Insert into "OFFICE24"."OFFICE_IMAGE" (NO,OFFICE_NO,NAME) values (102,50,'fea209f2-919f-44a2-a6a8-bb1956e4ad46.webp');
Insert into "OFFICE24"."OFFICE_IMAGE" (NO,OFFICE_NO,NAME) values (107,47,'c1690fce-fce3-4186-adea-e3d0b3203afb.webp');
Insert into "OFFICE24"."OFFICE_IMAGE" (NO,OFFICE_NO,NAME) values (108,47,'5ee8e878-6cd2-4dd0-b395-2f98ce09b506.webp');
Insert into "OFFICE24"."OFFICE_IMAGE" (NO,OFFICE_NO,NAME) values (115,43,'0296722d-957f-4031-859f-378d9add56ac.webp');
Insert into "OFFICE24"."OFFICE_IMAGE" (NO,OFFICE_NO,NAME) values (116,43,'16d676f7-adf4-4484-b316-e35d7c25f21d.webp');
Insert into "OFFICE24"."OFFICE_IMAGE" (NO,OFFICE_NO,NAME) values (119,41,'c9006be2-09bb-4f4c-b135-6498723abb11.webp');
Insert into "OFFICE24"."OFFICE_IMAGE" (NO,OFFICE_NO,NAME) values (120,41,'c3e82f06-b618-4b26-aa8a-40fee18d7819.webp');
Insert into "OFFICE24"."OFFICE_IMAGE" (NO,OFFICE_NO,NAME) values (123,39,'d88d2d73-5235-41f8-96da-69892e959276.webp');
Insert into "OFFICE24"."OFFICE_IMAGE" (NO,OFFICE_NO,NAME) values (124,39,'0ab4ffc2-8e06-4a8b-a2ba-c7d03d81efbb.webp');
Insert into "OFFICE24"."OFFICE_IMAGE" (NO,OFFICE_NO,NAME) values (125,38,'8b931e75-5788-40f4-a750-df914aa59198.webp');
Insert into "OFFICE24"."OFFICE_IMAGE" (NO,OFFICE_NO,NAME) values (126,38,'ade50889-9e48-4a76-be90-5dc96a2de831.webp');
Insert into "OFFICE24"."OFFICE_IMAGE" (NO,OFFICE_NO,NAME) values (127,37,'d7acc138-b270-41e3-94ea-88107253389b.webp');
Insert into "OFFICE24"."OFFICE_IMAGE" (NO,OFFICE_NO,NAME) values (128,37,'413ce22e-64fc-4c64-b876-1a1238192731.webp');
Insert into "OFFICE24"."OFFICE_IMAGE" (NO,OFFICE_NO,NAME) values (129,36,'b8aeaf73-9092-487a-b602-d21b30f7ad21.webp');
Insert into "OFFICE24"."OFFICE_IMAGE" (NO,OFFICE_NO,NAME) values (130,36,'16322f39-c666-467e-89c4-d44cd340c964.webp');
Insert into "OFFICE24"."OFFICE_IMAGE" (NO,OFFICE_NO,NAME) values (131,35,'48e4ade2-d4bf-49e2-812e-732359cc1794.webp');
Insert into "OFFICE24"."OFFICE_IMAGE" (NO,OFFICE_NO,NAME) values (132,35,'4ae98d28-967c-4ec7-b4cc-7d6309167954.webp');
Insert into "OFFICE24"."OFFICE_IMAGE" (NO,OFFICE_NO,NAME) values (133,34,'ec6a406a-ca25-41cb-8536-1b39f8d04b8e.webp');
Insert into "OFFICE24"."OFFICE_IMAGE" (NO,OFFICE_NO,NAME) values (134,34,'3225a7c3-d4af-4b24-8625-c327542fef1f.webp');
Insert into "OFFICE24"."OFFICE_IMAGE" (NO,OFFICE_NO,NAME) values (139,31,'b0ce17e2-ece4-446d-934e-44c7f43e49bd.webp');
Insert into "OFFICE24"."OFFICE_IMAGE" (NO,OFFICE_NO,NAME) values (140,31,'13e4def3-7eff-4cb1-8389-0ae0b095f9c0.webp');
Insert into "OFFICE24"."OFFICE_IMAGE" (NO,OFFICE_NO,NAME) values (141,30,'339f588f-9bb9-4cd3-bd81-d39747755936.webp');
Insert into "OFFICE24"."OFFICE_IMAGE" (NO,OFFICE_NO,NAME) values (142,30,'c2ec28a5-ee36-46f1-b2e5-a5d09d70438c.webp');
Insert into "OFFICE24"."OFFICE_IMAGE" (NO,OFFICE_NO,NAME) values (143,29,'9ab1c0ae-c42f-4901-924d-805d7eed07db.webp');
Insert into "OFFICE24"."OFFICE_IMAGE" (NO,OFFICE_NO,NAME) values (144,29,'a6950064-8e43-4e69-b355-02d8db187425.webp');
Insert into "OFFICE24"."OFFICE_IMAGE" (NO,OFFICE_NO,NAME) values (145,28,'235aaf80-9f02-42a6-9d44-b32d7c2a078f.webp');
Insert into "OFFICE24"."OFFICE_IMAGE" (NO,OFFICE_NO,NAME) values (146,28,'42eb21c4-41de-4461-be9f-96a9fc7194e0.webp');
Insert into "OFFICE24"."OFFICE_IMAGE" (NO,OFFICE_NO,NAME) values (147,27,'47a9563c-9dd5-46d6-93ae-15482595b97b.webp');
Insert into "OFFICE24"."OFFICE_IMAGE" (NO,OFFICE_NO,NAME) values (148,27,'94668fd4-65e0-4780-9320-de132518f746.webp');
Insert into "OFFICE24"."OFFICE_IMAGE" (NO,OFFICE_NO,NAME) values (149,26,'36739b22-b607-4eaa-9819-73de57833193.webp');
Insert into "OFFICE24"."OFFICE_IMAGE" (NO,OFFICE_NO,NAME) values (150,26,'5542d1f2-1710-4465-904a-95de7cad5477.webp');
Insert into "OFFICE24"."OFFICE_IMAGE" (NO,OFFICE_NO,NAME) values (153,24,'bcf90901-d715-4bd5-9454-f26c9f9bfed5.webp');
Insert into "OFFICE24"."OFFICE_IMAGE" (NO,OFFICE_NO,NAME) values (154,24,'06a1afc7-866f-4ef2-b612-f9d4dc5a780b.webp');
Insert into "OFFICE24"."OFFICE_IMAGE" (NO,OFFICE_NO,NAME) values (161,20,'3f8a2f43-92a4-4137-8e36-44ddb33f4f2b.webp');
Insert into "OFFICE24"."OFFICE_IMAGE" (NO,OFFICE_NO,NAME) values (162,20,'9a96c657-10f5-4980-b9bc-eb6dfa83295b.webp');
Insert into "OFFICE24"."OFFICE_IMAGE" (NO,OFFICE_NO,NAME) values (165,18,'bd9bbbe1-274d-45e3-909c-459a09b431c8.webp');
Insert into "OFFICE24"."OFFICE_IMAGE" (NO,OFFICE_NO,NAME) values (166,18,'10ca6a27-070f-43a9-a524-c54628ecdc9f.webp');
Insert into "OFFICE24"."OFFICE_IMAGE" (NO,OFFICE_NO,NAME) values (177,12,'f39d4704-0205-453f-a0fe-d66381726457.webp');
Insert into "OFFICE24"."OFFICE_IMAGE" (NO,OFFICE_NO,NAME) values (178,12,'e7b01aa0-ce6f-47b5-b22f-013391fa7bdc.webp');
Insert into "OFFICE24"."OFFICE_IMAGE" (NO,OFFICE_NO,NAME) values (183,9,'a71ee244-55ce-47a0-b9a5-3fa7c24764c5.webp');
Insert into "OFFICE24"."OFFICE_IMAGE" (NO,OFFICE_NO,NAME) values (184,9,'5f2c2044-03f9-473f-bb5f-44f9a2b73fa8.webp');
Insert into "OFFICE24"."OFFICE_IMAGE" (NO,OFFICE_NO,NAME) values (187,7,'4143b12d-ade0-4312-a969-c0431a76130a.webp');
Insert into "OFFICE24"."OFFICE_IMAGE" (NO,OFFICE_NO,NAME) values (188,7,'e0ce0414-5932-4098-a8d1-d3775b103b44.webp');
Insert into "OFFICE24"."OFFICE_IMAGE" (NO,OFFICE_NO,NAME) values (193,4,'5e99b5eb-8e92-4bdd-bd76-d31feee03d6f.webp');
Insert into "OFFICE24"."OFFICE_IMAGE" (NO,OFFICE_NO,NAME) values (194,4,'9f647eb4-737d-455c-8389-a3e5ef8d2a37.webp');
Insert into "OFFICE24"."OFFICE_IMAGE" (NO,OFFICE_NO,NAME) values (195,3,'b148c030-48e9-464e-903f-f4bba661fdde.webp');
Insert into "OFFICE24"."OFFICE_IMAGE" (NO,OFFICE_NO,NAME) values (196,3,'f69190a3-fba6-43f0-bf51-2e9b43ff92f7.webp');
Insert into "OFFICE24"."OFFICE_IMAGE" (NO,OFFICE_NO,NAME) values (219,103,'f57afa79-346a-4b2f-b0be-c90477ac3c78.webp');
Insert into "OFFICE24"."OFFICE_IMAGE" (NO,OFFICE_NO,NAME) values (203,102,'e30d5e17-68c2-454c-81ef-b53bc2600e02.webp');
Insert into "OFFICE24"."OFFICE_IMAGE" (NO,OFFICE_NO,NAME) values (204,102,'86364e31-54a3-48b9-bb26-f48d31f47f41.webp');
Insert into "OFFICE24"."OFFICE_IMAGE" (NO,OFFICE_NO,NAME) values (224,109,'f0cf73bb-98f7-4c4a-b16a-ad4b0682402c.webp');
Insert into "OFFICE24"."OFFICE_IMAGE" (NO,OFFICE_NO,NAME) values (220,107,'d186cd3a-6562-406d-8344-0b2375d92fd5.webp');
Insert into "OFFICE24"."OFFICE_IMAGE" (NO,OFFICE_NO,NAME) values (216,107,'bd1a111d-8cc8-4618-9e75-5934745d632a.webp');
Insert into "OFFICE24"."OFFICE_IMAGE" (NO,OFFICE_NO,NAME) values (223,109,'41eedb82-fa3a-4e65-9d19-d0d106a52b1f.webp');
Insert into "OFFICE24"."OFFICE_IMAGE" (NO,OFFICE_NO,NAME) values (235,115,'05620326-8938-47ad-b3dd-af2afbc975bc.webp');
Insert into "OFFICE24"."OFFICE_IMAGE" (NO,OFFICE_NO,NAME) values (236,115,'3e46e7b0-2183-4914-bcc0-256839feb455.webp');
Insert into "OFFICE24"."OFFICE_IMAGE" (NO,OFFICE_NO,NAME) values (1,100,'513c6ca9-e4ac-47ff-9e9a-103936c30983.webp');
Insert into "OFFICE24"."OFFICE_IMAGE" (NO,OFFICE_NO,NAME) values (2,100,'e253cd6a-5b63-4251-b1ba-b57ca8d2912f.webp');
Insert into "OFFICE24"."OFFICE_IMAGE" (NO,OFFICE_NO,NAME) values (201,101,'1bff665d-61ad-409c-a6d8-286a76f309f5.webp');
Insert into "OFFICE24"."OFFICE_IMAGE" (NO,OFFICE_NO,NAME) values (202,101,'bf15b428-d1a2-451a-b7e8-e831936b3eed.webp');
Insert into "OFFICE24"."OFFICE_IMAGE" (NO,OFFICE_NO,NAME) values (228,111,'11a79633-f6d4-4e41-b680-4d1f5bec59c4.webp');
Insert into "OFFICE24"."OFFICE_IMAGE" (NO,OFFICE_NO,NAME) values (206,103,'4e460a84-a0d0-4a0e-a63a-03305c31314f.webp');
Insert into "OFFICE24"."OFFICE_IMAGE" (NO,OFFICE_NO,NAME) values (225,110,'d7fce1eb-34a2-4e72-a632-db6bd21c854a.webp');
Insert into "OFFICE24"."OFFICE_IMAGE" (NO,OFFICE_NO,NAME) values (226,110,'0723c240-a593-457a-b0c3-dfe0629e3e98.webp');
Insert into "OFFICE24"."OFFICE_IMAGE" (NO,OFFICE_NO,NAME) values (227,111,'02892b3d-aa9f-4d7c-8b9e-58441bed32ea.webp');
Insert into "OFFICE24"."OFFICE_IMAGE" (NO,OFFICE_NO,NAME) values (229,112,'3b19d999-e677-4497-8d06-4c734392fee3.webp');
Insert into "OFFICE24"."OFFICE_IMAGE" (NO,OFFICE_NO,NAME) values (230,112,'cf8a34f7-7163-4480-a174-93cf19310dba.webp');
Insert into "OFFICE24"."OFFICE_IMAGE" (NO,OFFICE_NO,NAME) values (233,114,'7ea6f285-a3f8-412e-8b64-27bc5bb24015.webp');
Insert into "OFFICE24"."OFFICE_IMAGE" (NO,OFFICE_NO,NAME) values (234,114,'65417e81-dc5a-47d5-a937-3abd1e952511.webp');
Insert into "OFFICE24"."NOTICE" (NO,TITLE,CONTENT,REG_DATE) values (101,'가을 맞이 특별 프로모션 안내','{"blocks":[{"key":"93ajh","text":"안녕하세요, 오피스24입니다.\n\n가을을 맞이하여 오피스24에서 특별 프로모션을 진행합니다. 서울 및 경기 지역의 신규 매물에 대해 최대 15% 할인을 제공하며, 이번 프로모션 기간 동안 임대 계약을 체결한 고객님들께는 추가 혜택도 준비되어 있습니다.\n\n프로모션 기간: 2024년 9월 1일 ~ 10월 15일\n\n더 자세한 정보는 홈페이지를 참고해주시기 바라며, 많은 관심 부탁드립니다.\n\n오피스24 드림 😀","type":"unstyled","depth":0,"inlineStyleRanges":[],"entityRanges":[],"data":{}}],"entityMap":{}}',to_timestamp('09/08/24','DD/MM/RR HH24:MI:SSXFF'));
Insert into "OFFICE24"."NOTICE" (NO,TITLE,CONTENT,REG_DATE) values (104,'오피스24 서비스 개편 안내','{"blocks":[{"key":"6ucag","text":"안녕하세요, 오피스24입니다.\n\n고객님들의 편리한 사용을 위해 오피스24의 서비스가 새롭게 개편되었습니다. 개편된 서비스는 사용자 경험을 극대화하기 위해 UI/UX 디자인을 개선하고, 빌딩 검색 속도를 대폭 향상시켰습니다. 또한, 새로운 검색 필터 기능이 추가되어 원하는 매물을 더욱 빠르고 정확하게 찾을 수 있습니다.\n\n새로운 기능을 직접 경험해 보세요!\n\n오피스24 드림 😀","type":"unstyled","depth":0,"inlineStyleRanges":[],"entityRanges":[],"data":{}}],"entityMap":{}}',to_timestamp('14/08/24','DD/MM/RR HH24:MI:SSXFF'));
Insert into "OFFICE24"."NOTICE" (NO,TITLE,CONTENT,REG_DATE) values (103,'시스템 유지보수 안내','{"blocks":[{"key":"fad3m","text":"안녕하세요, 오피스24입니다.\n\n더 나은 서비스 제공을 위해 2024년 8월 20일(화) 오전 2시부터 4시까지 시스템 유지보수가 예정되어 있습니다. 이 시간 동안 서비스 이용이 일시 중단될 수 있으니 양해 부탁드립니다.\n\n유지보수 완료 후 더욱 안정적이고 편리한 서비스를 제공해드리겠습니다. 감사합니다.\n\n오피스24 드림😀","type":"unstyled","depth":0,"inlineStyleRanges":[],"entityRanges":[],"data":{}}],"entityMap":{}}',to_timestamp('14/08/24','DD/MM/RR HH24:MI:SSXFF'));
Insert into "OFFICE24"."NOTICE" (NO,TITLE,CONTENT,REG_DATE) values (105,'신규 매물 등록 안내','{"blocks":[{"key":"9g3gf","text":"안녕하세요, 오피스24입니다.\n\n서울 강남구, 마포구, 성수동 지역에 신규 매물이 대거 등록되었습니다. 해당 매물은 다양한 면적과 조건을 갖추고 있으며, 사무실 임차를 고려 중인 고객님들께 최적의 선택이 될 것입니다.\n\n자세한 정보는 홈페이지의 신규 매물 섹션에서 확인하시거나 고객센터로 문의해 주세요.\n\n오피스24 드림 😀","type":"unstyled","depth":0,"inlineStyleRanges":[],"entityRanges":[],"data":{}}],"entityMap":{}}',to_timestamp('14/08/24','DD/MM/RR HH24:MI:SSXFF'));
Insert into "OFFICE24"."NOTICE" (NO,TITLE,CONTENT,REG_DATE) values (106,'긴급 서버 점검 안내','{"blocks":[{"key":"9nu16","text":"안녕하세요, 오피스24입니다.\n\n갑작스러운 시스템 오류로 인해 2024년 8월 25일(일) 오전 1시부터 3시까지 긴급 서버 점검이 진행될 예정입니다. 이 기간 동안 서비스 이용이 일시 중단될 수 있으며, 고객님들께서는 양해 부탁드립니다.\n\n서버 점검 후 더욱 안정적인 서비스로 돌아오겠습니다. 불편을 드려 죄송합니다.\n\n오피스24 드림 😀","type":"unstyled","depth":0,"inlineStyleRanges":[],"entityRanges":[],"data":{}}],"entityMap":{}}',to_timestamp('14/08/24','DD/MM/RR HH24:MI:SSXFF'));
Insert into "OFFICE24"."NOTICE" (NO,TITLE,CONTENT,REG_DATE) values (107,'새로운 파트너사 제휴 안내','{"blocks":[{"key":"bggs","text":"안녕하세요, 오피스24입니다.\n\n오피스24는 고객님들께 더 나은 서비스를 제공하기 위해 새로운 파트너사와 제휴를 맺었습니다. 이제 더욱 다양한 오피스 매물 정보를 제공하며, 파트너사의 특별 혜택도 누릴 수 있게 되었습니다.\n\n자세한 제휴 혜택은 홈페이지에서 확인 가능하며, 관련 문의는 고객센터로 연락 부탁드립니다.\n\n오피스24 드림 😀","type":"unstyled","depth":0,"inlineStyleRanges":[],"entityRanges":[],"data":{}}],"entityMap":{}}',to_timestamp('14/08/24','DD/MM/RR HH24:MI:SSXFF'));
Insert into "OFFICE24"."NOTICE" (NO,TITLE,CONTENT,REG_DATE) values (108,'서비스 이용 약관 변경 안내','{"blocks":[{"key":"f19pl","text":"안녕하세요, 오피스24입니다.\n\n2024년 9월 1일부터 오피스24의 서비스 이용 약관이 일부 변경됩니다. 변경된 약관은 사용자 권리 보호 및 서비스 개선을 위한 내용이 포함되어 있으며, 상세 내용은 홈페이지에서 확인하실 수 있습니다.\n\n변경된 약관에 대한 궁금한 사항은 고객센터를 통해 문의해 주시기 바랍니다.\n\n항상 오피스24를 이용해 주셔서 감사합니다.\n\n오피스24 드림 😀","type":"unstyled","depth":0,"inlineStyleRanges":[],"entityRanges":[],"data":{}}],"entityMap":{}}',to_timestamp('14/08/24','DD/MM/RR HH24:MI:SSXFF'));
Insert into "OFFICE24"."NOTICE" (NO,TITLE,CONTENT,REG_DATE) values (109,'고객 만족도 설문 조사 이벤트 안내','{"blocks":[{"key":"59ugn","text":"안녕하세요, 오피스24입니다.\n\n오피스24의 서비스 향상을 위해 고객님들의 소중한 의견을 듣고자 고객 만족도 설문 조사를 진행합니다. 설문에 참여해 주신 모든 분들께는 추첨을 통해 다양한 경품을 드립니다.\n\n설문 기간: 2024년 9월 1일 ~ 9월 10일\n참여 방법: 오피스24 홈페이지에서 설문 조사 참여\n\n많은 참여 부탁드리며, 앞으로도 더욱 만족스러운 서비스를 제공할 수 있도록 최선을 다하겠습니다.\n\n오피스24 드림 😀","type":"unstyled","depth":0,"inlineStyleRanges":[],"entityRanges":[],"data":{}}],"entityMap":{}}',to_timestamp('14/08/24','DD/MM/RR HH24:MI:SSXFF'));
Insert into "OFFICE24"."WISH" (NO,MEMBER_NO,OFFICE_NO,REG_DATE) values (147,101,18,to_timestamp('14/08/24','DD/MM/RR HH24:MI:SSXFF'));
Insert into "OFFICE24"."WISH" (NO,MEMBER_NO,OFFICE_NO,REG_DATE) values (144,101,41,to_timestamp('14/08/24','DD/MM/RR HH24:MI:SSXFF'));
Insert into "OFFICE24"."WISH" (NO,MEMBER_NO,OFFICE_NO,REG_DATE) values (148,102,57,to_timestamp('14/08/24','DD/MM/RR HH24:MI:SSXFF'));
Insert into "OFFICE24"."WISH" (NO,MEMBER_NO,OFFICE_NO,REG_DATE) values (151,6,69,to_timestamp('14/08/24','DD/MM/RR HH24:MI:SSXFF'));
Insert into "OFFICE24"."WISH" (NO,MEMBER_NO,OFFICE_NO,REG_DATE) values (142,101,96,to_timestamp('14/08/24','DD/MM/RR HH24:MI:SSXFF'));
Insert into "OFFICE24"."WISH" (NO,MEMBER_NO,OFFICE_NO,REG_DATE) values (145,101,39,to_timestamp('14/08/24','DD/MM/RR HH24:MI:SSXFF'));
Insert into "OFFICE24"."WISH" (NO,MEMBER_NO,OFFICE_NO,REG_DATE) values (143,101,91,to_timestamp('14/08/24','DD/MM/RR HH24:MI:SSXFF'));
Insert into "OFFICE24"."WISH" (NO,MEMBER_NO,OFFICE_NO,REG_DATE) values (146,101,29,to_timestamp('14/08/24','DD/MM/RR HH24:MI:SSXFF'));
Insert into "OFFICE24"."WISH" (NO,MEMBER_NO,OFFICE_NO,REG_DATE) values (149,102,58,to_timestamp('14/08/24','DD/MM/RR HH24:MI:SSXFF'));
Insert into "OFFICE24"."WISH" (NO,MEMBER_NO,OFFICE_NO,REG_DATE) values (150,6,42,to_timestamp('14/08/24','DD/MM/RR HH24:MI:SSXFF'));
Insert into "OFFICE24"."WISH" (NO,MEMBER_NO,OFFICE_NO,REG_DATE) values (152,6,70,to_timestamp('14/08/24','DD/MM/RR HH24:MI:SSXFF'));
Insert into "OFFICE24"."WISH" (NO,MEMBER_NO,OFFICE_NO,REG_DATE) values (155,1,91,to_timestamp('14/08/24','DD/MM/RR HH24:MI:SSXFF'));
Insert into "OFFICE24"."WISH" (NO,MEMBER_NO,OFFICE_NO,REG_DATE) values (157,2,1,to_timestamp('15/08/24','DD/MM/RR HH24:MI:SSXFF'));
Insert into "OFFICE24"."WISH" (NO,MEMBER_NO,OFFICE_NO,REG_DATE) values (171,1,1,to_timestamp('15/08/24','DD/MM/RR HH24:MI:SSXFF'));
Insert into "OFFICE24"."WISH" (NO,MEMBER_NO,OFFICE_NO,REG_DATE) values (169,1,96,to_timestamp('15/08/24','DD/MM/RR HH24:MI:SSXFF'));
Insert into "OFFICE24"."WISH" (NO,MEMBER_NO,OFFICE_NO,REG_DATE) values (160,1,45,to_timestamp('15/08/24','DD/MM/RR HH24:MI:SSXFF'));
Insert into "OFFICE24"."BOOKING" (NO,OFFICE_NO,MEMBER_NO,NAME,PHONE,PRICE,PAYMENT,START_DATE,END_DATE,REG_DATE) values (113,96,1,'이석진','01077582132',4508372,'kakao-pay',to_timestamp('08/09/24','DD/MM/RR HH24:MI:SSXFF'),to_timestamp('12/09/24','DD/MM/RR HH24:MI:SSXFF'),to_timestamp('14/08/24','DD/MM/RR HH24:MI:SSXFF'));
Insert into "OFFICE24"."BOOKING" (NO,OFFICE_NO,MEMBER_NO,NAME,PHONE,PRICE,PAYMENT,START_DATE,END_DATE,REG_DATE) values (121,26,1,'이석진','01083838237',1614115,'kakao-pay',to_timestamp('18/09/24','DD/MM/RR HH24:MI:SSXFF'),to_timestamp('19/09/24','DD/MM/RR HH24:MI:SSXFF'),to_timestamp('14/08/24','DD/MM/RR HH24:MI:SSXFF'));
Insert into "OFFICE24"."BOOKING" (NO,OFFICE_NO,MEMBER_NO,NAME,PHONE,PRICE,PAYMENT,START_DATE,END_DATE,REG_DATE) values (122,91,1,'이석진','01077582132',1100951,'kakao-pay',to_timestamp('17/09/24','DD/MM/RR HH24:MI:SSXFF'),to_timestamp('18/09/24','DD/MM/RR HH24:MI:SSXFF'),to_timestamp('14/08/24','DD/MM/RR HH24:MI:SSXFF'));
Insert into "OFFICE24"."BOOKING" (NO,OFFICE_NO,MEMBER_NO,NAME,PHONE,PRICE,PAYMENT,START_DATE,END_DATE,REG_DATE) values (102,1,1,'이석진','01078787878',50000,'Cash',to_timestamp('10/07/24','DD/MM/RR HH24:MI:SSXFF'),to_timestamp('15/07/24','DD/MM/RR HH24:MI:SSXFF'),to_timestamp('09/08/24','DD/MM/RR HH24:MI:SSXFF'));
Insert into "OFFICE24"."BOOKING" (NO,OFFICE_NO,MEMBER_NO,NAME,PHONE,PRICE,PAYMENT,START_DATE,END_DATE,REG_DATE) values (103,1,1,'이석진','01078787878',50000,'Cash',to_timestamp('17/11/24','DD/MM/RR HH24:MI:SSXFF'),to_timestamp('18/11/24','DD/MM/RR HH24:MI:SSXFF'),to_timestamp('09/08/24','DD/MM/RR HH24:MI:SSXFF'));
Insert into "OFFICE24"."BOOKING" (NO,OFFICE_NO,MEMBER_NO,NAME,PHONE,PRICE,PAYMENT,START_DATE,END_DATE,REG_DATE) values (215,1,11,'Booking 093','01051341847',5939,'Cash',to_timestamp('16/11/24','DD/MM/RR HH24:MI:SSXFF'),to_timestamp('17/11/24','DD/MM/RR HH24:MI:SSXFF'),to_timestamp('15/08/24','DD/MM/RR HH24:MI:SSXFF'));
Insert into "OFFICE24"."BOOKING" (NO,OFFICE_NO,MEMBER_NO,NAME,PHONE,PRICE,PAYMENT,START_DATE,END_DATE,REG_DATE) values (123,1,11,'Booking 001','01051341847',8107,'Cash',to_timestamp('16/08/24','DD/MM/RR HH24:MI:SSXFF'),to_timestamp('17/08/24','DD/MM/RR HH24:MI:SSXFF'),to_timestamp('15/08/24','DD/MM/RR HH24:MI:SSXFF'));
Insert into "OFFICE24"."BOOKING" (NO,OFFICE_NO,MEMBER_NO,NAME,PHONE,PRICE,PAYMENT,START_DATE,END_DATE,REG_DATE) values (124,1,11,'Booking 002','01051341847',6202,'Credit Card',to_timestamp('17/08/24','DD/MM/RR HH24:MI:SSXFF'),to_timestamp('18/08/24','DD/MM/RR HH24:MI:SSXFF'),to_timestamp('15/08/24','DD/MM/RR HH24:MI:SSXFF'));
Insert into "OFFICE24"."BOOKING" (NO,OFFICE_NO,MEMBER_NO,NAME,PHONE,PRICE,PAYMENT,START_DATE,END_DATE,REG_DATE) values (109,1,1,'이석진','01077582132',2675670,'kakao-pay',to_timestamp('17/01/24','DD/MM/RR HH24:MI:SSXFF'),to_timestamp('19/01/24','DD/MM/RR HH24:MI:SSXFF'),to_timestamp('13/08/24','DD/MM/RR HH24:MI:SSXFF'));
Insert into "OFFICE24"."BOOKING" (NO,OFFICE_NO,MEMBER_NO,NAME,PHONE,PRICE,PAYMENT,START_DATE,END_DATE,REG_DATE) values (125,1,11,'Booking 003','01051341847',6733,'Cash',to_timestamp('18/08/24','DD/MM/RR HH24:MI:SSXFF'),to_timestamp('19/08/24','DD/MM/RR HH24:MI:SSXFF'),to_timestamp('15/08/24','DD/MM/RR HH24:MI:SSXFF'));
Insert into "OFFICE24"."BOOKING" (NO,OFFICE_NO,MEMBER_NO,NAME,PHONE,PRICE,PAYMENT,START_DATE,END_DATE,REG_DATE) values (126,1,11,'Booking 004','01051341847',6508,'Credit Card',to_timestamp('19/08/24','DD/MM/RR HH24:MI:SSXFF'),to_timestamp('20/08/24','DD/MM/RR HH24:MI:SSXFF'),to_timestamp('15/08/24','DD/MM/RR HH24:MI:SSXFF'));
Insert into "OFFICE24"."BOOKING" (NO,OFFICE_NO,MEMBER_NO,NAME,PHONE,PRICE,PAYMENT,START_DATE,END_DATE,REG_DATE) values (127,1,11,'Booking 005','01051341847',9218,'Cash',to_timestamp('20/08/24','DD/MM/RR HH24:MI:SSXFF'),to_timestamp('21/08/24','DD/MM/RR HH24:MI:SSXFF'),to_timestamp('15/08/24','DD/MM/RR HH24:MI:SSXFF'));
Insert into "OFFICE24"."BOOKING" (NO,OFFICE_NO,MEMBER_NO,NAME,PHONE,PRICE,PAYMENT,START_DATE,END_DATE,REG_DATE) values (128,1,11,'Booking 006','01051341847',7539,'Credit Card',to_timestamp('21/08/24','DD/MM/RR HH24:MI:SSXFF'),to_timestamp('22/08/24','DD/MM/RR HH24:MI:SSXFF'),to_timestamp('15/08/24','DD/MM/RR HH24:MI:SSXFF'));
Insert into "OFFICE24"."BOOKING" (NO,OFFICE_NO,MEMBER_NO,NAME,PHONE,PRICE,PAYMENT,START_DATE,END_DATE,REG_DATE) values (129,1,11,'Booking 007','01051341847',6795,'Cash',to_timestamp('22/08/24','DD/MM/RR HH24:MI:SSXFF'),to_timestamp('23/08/24','DD/MM/RR HH24:MI:SSXFF'),to_timestamp('15/08/24','DD/MM/RR HH24:MI:SSXFF'));
Insert into "OFFICE24"."BOOKING" (NO,OFFICE_NO,MEMBER_NO,NAME,PHONE,PRICE,PAYMENT,START_DATE,END_DATE,REG_DATE) values (130,1,11,'Booking 008','01051341847',8208,'Credit Card',to_timestamp('23/08/24','DD/MM/RR HH24:MI:SSXFF'),to_timestamp('24/08/24','DD/MM/RR HH24:MI:SSXFF'),to_timestamp('15/08/24','DD/MM/RR HH24:MI:SSXFF'));
Insert into "OFFICE24"."BOOKING" (NO,OFFICE_NO,MEMBER_NO,NAME,PHONE,PRICE,PAYMENT,START_DATE,END_DATE,REG_DATE) values (131,1,11,'Booking 009','01051341847',6705,'Cash',to_timestamp('24/08/24','DD/MM/RR HH24:MI:SSXFF'),to_timestamp('25/08/24','DD/MM/RR HH24:MI:SSXFF'),to_timestamp('15/08/24','DD/MM/RR HH24:MI:SSXFF'));
Insert into "OFFICE24"."BOOKING" (NO,OFFICE_NO,MEMBER_NO,NAME,PHONE,PRICE,PAYMENT,START_DATE,END_DATE,REG_DATE) values (132,1,11,'Booking 010','01051341847',6093,'Credit Card',to_timestamp('25/08/24','DD/MM/RR HH24:MI:SSXFF'),to_timestamp('26/08/24','DD/MM/RR HH24:MI:SSXFF'),to_timestamp('15/08/24','DD/MM/RR HH24:MI:SSXFF'));
Insert into "OFFICE24"."BOOKING" (NO,OFFICE_NO,MEMBER_NO,NAME,PHONE,PRICE,PAYMENT,START_DATE,END_DATE,REG_DATE) values (133,1,11,'Booking 011','01051341847',7358,'Cash',to_timestamp('26/08/24','DD/MM/RR HH24:MI:SSXFF'),to_timestamp('27/08/24','DD/MM/RR HH24:MI:SSXFF'),to_timestamp('15/08/24','DD/MM/RR HH24:MI:SSXFF'));
Insert into "OFFICE24"."BOOKING" (NO,OFFICE_NO,MEMBER_NO,NAME,PHONE,PRICE,PAYMENT,START_DATE,END_DATE,REG_DATE) values (134,1,11,'Booking 012','01051341847',9265,'Credit Card',to_timestamp('27/08/24','DD/MM/RR HH24:MI:SSXFF'),to_timestamp('28/08/24','DD/MM/RR HH24:MI:SSXFF'),to_timestamp('15/08/24','DD/MM/RR HH24:MI:SSXFF'));
Insert into "OFFICE24"."BOOKING" (NO,OFFICE_NO,MEMBER_NO,NAME,PHONE,PRICE,PAYMENT,START_DATE,END_DATE,REG_DATE) values (135,1,11,'Booking 013','01051341847',9264,'Cash',to_timestamp('28/08/24','DD/MM/RR HH24:MI:SSXFF'),to_timestamp('29/08/24','DD/MM/RR HH24:MI:SSXFF'),to_timestamp('15/08/24','DD/MM/RR HH24:MI:SSXFF'));
Insert into "OFFICE24"."BOOKING" (NO,OFFICE_NO,MEMBER_NO,NAME,PHONE,PRICE,PAYMENT,START_DATE,END_DATE,REG_DATE) values (136,1,11,'Booking 014','01051341847',7414,'Credit Card',to_timestamp('29/08/24','DD/MM/RR HH24:MI:SSXFF'),to_timestamp('30/08/24','DD/MM/RR HH24:MI:SSXFF'),to_timestamp('15/08/24','DD/MM/RR HH24:MI:SSXFF'));
Insert into "OFFICE24"."BOOKING" (NO,OFFICE_NO,MEMBER_NO,NAME,PHONE,PRICE,PAYMENT,START_DATE,END_DATE,REG_DATE) values (137,1,11,'Booking 015','01051341847',7469,'Cash',to_timestamp('30/08/24','DD/MM/RR HH24:MI:SSXFF'),to_timestamp('31/08/24','DD/MM/RR HH24:MI:SSXFF'),to_timestamp('15/08/24','DD/MM/RR HH24:MI:SSXFF'));
Insert into "OFFICE24"."BOOKING" (NO,OFFICE_NO,MEMBER_NO,NAME,PHONE,PRICE,PAYMENT,START_DATE,END_DATE,REG_DATE) values (138,1,11,'Booking 016','01051341847',7187,'Credit Card',to_timestamp('31/08/24','DD/MM/RR HH24:MI:SSXFF'),to_timestamp('01/09/24','DD/MM/RR HH24:MI:SSXFF'),to_timestamp('15/08/24','DD/MM/RR HH24:MI:SSXFF'));
Insert into "OFFICE24"."BOOKING" (NO,OFFICE_NO,MEMBER_NO,NAME,PHONE,PRICE,PAYMENT,START_DATE,END_DATE,REG_DATE) values (139,1,11,'Booking 017','01051341847',6692,'Cash',to_timestamp('01/09/24','DD/MM/RR HH24:MI:SSXFF'),to_timestamp('02/09/24','DD/MM/RR HH24:MI:SSXFF'),to_timestamp('15/08/24','DD/MM/RR HH24:MI:SSXFF'));
Insert into "OFFICE24"."BOOKING" (NO,OFFICE_NO,MEMBER_NO,NAME,PHONE,PRICE,PAYMENT,START_DATE,END_DATE,REG_DATE) values (140,1,11,'Booking 018','01051341847',9146,'Credit Card',to_timestamp('02/09/24','DD/MM/RR HH24:MI:SSXFF'),to_timestamp('03/09/24','DD/MM/RR HH24:MI:SSXFF'),to_timestamp('15/08/24','DD/MM/RR HH24:MI:SSXFF'));
Insert into "OFFICE24"."BOOKING" (NO,OFFICE_NO,MEMBER_NO,NAME,PHONE,PRICE,PAYMENT,START_DATE,END_DATE,REG_DATE) values (141,1,11,'Booking 019','01051341847',7688,'Cash',to_timestamp('03/09/24','DD/MM/RR HH24:MI:SSXFF'),to_timestamp('04/09/24','DD/MM/RR HH24:MI:SSXFF'),to_timestamp('15/08/24','DD/MM/RR HH24:MI:SSXFF'));
Insert into "OFFICE24"."BOOKING" (NO,OFFICE_NO,MEMBER_NO,NAME,PHONE,PRICE,PAYMENT,START_DATE,END_DATE,REG_DATE) values (142,1,11,'Booking 020','01051341847',6075,'Credit Card',to_timestamp('04/09/24','DD/MM/RR HH24:MI:SSXFF'),to_timestamp('05/09/24','DD/MM/RR HH24:MI:SSXFF'),to_timestamp('15/08/24','DD/MM/RR HH24:MI:SSXFF'));
Insert into "OFFICE24"."BOOKING" (NO,OFFICE_NO,MEMBER_NO,NAME,PHONE,PRICE,PAYMENT,START_DATE,END_DATE,REG_DATE) values (143,1,11,'Booking 021','01051341847',5225,'Cash',to_timestamp('05/09/24','DD/MM/RR HH24:MI:SSXFF'),to_timestamp('06/09/24','DD/MM/RR HH24:MI:SSXFF'),to_timestamp('15/08/24','DD/MM/RR HH24:MI:SSXFF'));
Insert into "OFFICE24"."BOOKING" (NO,OFFICE_NO,MEMBER_NO,NAME,PHONE,PRICE,PAYMENT,START_DATE,END_DATE,REG_DATE) values (144,1,11,'Booking 022','01051341847',6748,'Credit Card',to_timestamp('06/09/24','DD/MM/RR HH24:MI:SSXFF'),to_timestamp('07/09/24','DD/MM/RR HH24:MI:SSXFF'),to_timestamp('15/08/24','DD/MM/RR HH24:MI:SSXFF'));
Insert into "OFFICE24"."BOOKING" (NO,OFFICE_NO,MEMBER_NO,NAME,PHONE,PRICE,PAYMENT,START_DATE,END_DATE,REG_DATE) values (145,1,11,'Booking 023','01051341847',5004,'Cash',to_timestamp('07/09/24','DD/MM/RR HH24:MI:SSXFF'),to_timestamp('08/09/24','DD/MM/RR HH24:MI:SSXFF'),to_timestamp('15/08/24','DD/MM/RR HH24:MI:SSXFF'));
Insert into "OFFICE24"."BOOKING" (NO,OFFICE_NO,MEMBER_NO,NAME,PHONE,PRICE,PAYMENT,START_DATE,END_DATE,REG_DATE) values (146,1,11,'Booking 024','01051341847',5071,'Credit Card',to_timestamp('08/09/24','DD/MM/RR HH24:MI:SSXFF'),to_timestamp('09/09/24','DD/MM/RR HH24:MI:SSXFF'),to_timestamp('15/08/24','DD/MM/RR HH24:MI:SSXFF'));
Insert into "OFFICE24"."BOOKING" (NO,OFFICE_NO,MEMBER_NO,NAME,PHONE,PRICE,PAYMENT,START_DATE,END_DATE,REG_DATE) values (147,1,11,'Booking 025','01051341847',9855,'Cash',to_timestamp('09/09/24','DD/MM/RR HH24:MI:SSXFF'),to_timestamp('10/09/24','DD/MM/RR HH24:MI:SSXFF'),to_timestamp('15/08/24','DD/MM/RR HH24:MI:SSXFF'));
Insert into "OFFICE24"."BOOKING" (NO,OFFICE_NO,MEMBER_NO,NAME,PHONE,PRICE,PAYMENT,START_DATE,END_DATE,REG_DATE) values (148,1,11,'Booking 026','01051341847',6632,'Credit Card',to_timestamp('10/09/24','DD/MM/RR HH24:MI:SSXFF'),to_timestamp('11/09/24','DD/MM/RR HH24:MI:SSXFF'),to_timestamp('15/08/24','DD/MM/RR HH24:MI:SSXFF'));
Insert into "OFFICE24"."BOOKING" (NO,OFFICE_NO,MEMBER_NO,NAME,PHONE,PRICE,PAYMENT,START_DATE,END_DATE,REG_DATE) values (149,1,11,'Booking 027','01051341847',6963,'Cash',to_timestamp('11/09/24','DD/MM/RR HH24:MI:SSXFF'),to_timestamp('12/09/24','DD/MM/RR HH24:MI:SSXFF'),to_timestamp('15/08/24','DD/MM/RR HH24:MI:SSXFF'));
Insert into "OFFICE24"."BOOKING" (NO,OFFICE_NO,MEMBER_NO,NAME,PHONE,PRICE,PAYMENT,START_DATE,END_DATE,REG_DATE) values (150,1,11,'Booking 028','01051341847',9503,'Credit Card',to_timestamp('12/09/24','DD/MM/RR HH24:MI:SSXFF'),to_timestamp('13/09/24','DD/MM/RR HH24:MI:SSXFF'),to_timestamp('15/08/24','DD/MM/RR HH24:MI:SSXFF'));
Insert into "OFFICE24"."BOOKING" (NO,OFFICE_NO,MEMBER_NO,NAME,PHONE,PRICE,PAYMENT,START_DATE,END_DATE,REG_DATE) values (151,1,11,'Booking 029','01051341847',9072,'Cash',to_timestamp('13/09/24','DD/MM/RR HH24:MI:SSXFF'),to_timestamp('14/09/24','DD/MM/RR HH24:MI:SSXFF'),to_timestamp('15/08/24','DD/MM/RR HH24:MI:SSXFF'));
Insert into "OFFICE24"."BOOKING" (NO,OFFICE_NO,MEMBER_NO,NAME,PHONE,PRICE,PAYMENT,START_DATE,END_DATE,REG_DATE) values (152,1,11,'Booking 030','01051341847',9452,'Credit Card',to_timestamp('14/09/24','DD/MM/RR HH24:MI:SSXFF'),to_timestamp('15/09/24','DD/MM/RR HH24:MI:SSXFF'),to_timestamp('15/08/24','DD/MM/RR HH24:MI:SSXFF'));
Insert into "OFFICE24"."BOOKING" (NO,OFFICE_NO,MEMBER_NO,NAME,PHONE,PRICE,PAYMENT,START_DATE,END_DATE,REG_DATE) values (153,1,11,'Booking 031','01051341847',6074,'Cash',to_timestamp('15/09/24','DD/MM/RR HH24:MI:SSXFF'),to_timestamp('16/09/24','DD/MM/RR HH24:MI:SSXFF'),to_timestamp('15/08/24','DD/MM/RR HH24:MI:SSXFF'));
Insert into "OFFICE24"."BOOKING" (NO,OFFICE_NO,MEMBER_NO,NAME,PHONE,PRICE,PAYMENT,START_DATE,END_DATE,REG_DATE) values (154,1,11,'Booking 032','01051341847',8644,'Credit Card',to_timestamp('16/09/24','DD/MM/RR HH24:MI:SSXFF'),to_timestamp('17/09/24','DD/MM/RR HH24:MI:SSXFF'),to_timestamp('15/08/24','DD/MM/RR HH24:MI:SSXFF'));
Insert into "OFFICE24"."BOOKING" (NO,OFFICE_NO,MEMBER_NO,NAME,PHONE,PRICE,PAYMENT,START_DATE,END_DATE,REG_DATE) values (155,1,11,'Booking 033','01051341847',7221,'Cash',to_timestamp('17/09/24','DD/MM/RR HH24:MI:SSXFF'),to_timestamp('18/09/24','DD/MM/RR HH24:MI:SSXFF'),to_timestamp('15/08/24','DD/MM/RR HH24:MI:SSXFF'));
Insert into "OFFICE24"."BOOKING" (NO,OFFICE_NO,MEMBER_NO,NAME,PHONE,PRICE,PAYMENT,START_DATE,END_DATE,REG_DATE) values (156,1,11,'Booking 034','01051341847',6105,'Credit Card',to_timestamp('18/09/24','DD/MM/RR HH24:MI:SSXFF'),to_timestamp('19/09/24','DD/MM/RR HH24:MI:SSXFF'),to_timestamp('15/08/24','DD/MM/RR HH24:MI:SSXFF'));
Insert into "OFFICE24"."BOOKING" (NO,OFFICE_NO,MEMBER_NO,NAME,PHONE,PRICE,PAYMENT,START_DATE,END_DATE,REG_DATE) values (157,1,11,'Booking 035','01051341847',7389,'Cash',to_timestamp('19/09/24','DD/MM/RR HH24:MI:SSXFF'),to_timestamp('20/09/24','DD/MM/RR HH24:MI:SSXFF'),to_timestamp('15/08/24','DD/MM/RR HH24:MI:SSXFF'));
Insert into "OFFICE24"."BOOKING" (NO,OFFICE_NO,MEMBER_NO,NAME,PHONE,PRICE,PAYMENT,START_DATE,END_DATE,REG_DATE) values (158,1,11,'Booking 036','01051341847',5229,'Credit Card',to_timestamp('20/09/24','DD/MM/RR HH24:MI:SSXFF'),to_timestamp('21/09/24','DD/MM/RR HH24:MI:SSXFF'),to_timestamp('15/08/24','DD/MM/RR HH24:MI:SSXFF'));
Insert into "OFFICE24"."BOOKING" (NO,OFFICE_NO,MEMBER_NO,NAME,PHONE,PRICE,PAYMENT,START_DATE,END_DATE,REG_DATE) values (159,1,11,'Booking 037','01051341847',5482,'Cash',to_timestamp('21/09/24','DD/MM/RR HH24:MI:SSXFF'),to_timestamp('22/09/24','DD/MM/RR HH24:MI:SSXFF'),to_timestamp('15/08/24','DD/MM/RR HH24:MI:SSXFF'));
Insert into "OFFICE24"."BOOKING" (NO,OFFICE_NO,MEMBER_NO,NAME,PHONE,PRICE,PAYMENT,START_DATE,END_DATE,REG_DATE) values (160,1,11,'Booking 038','01051341847',8068,'Credit Card',to_timestamp('22/09/24','DD/MM/RR HH24:MI:SSXFF'),to_timestamp('23/09/24','DD/MM/RR HH24:MI:SSXFF'),to_timestamp('15/08/24','DD/MM/RR HH24:MI:SSXFF'));
Insert into "OFFICE24"."BOOKING" (NO,OFFICE_NO,MEMBER_NO,NAME,PHONE,PRICE,PAYMENT,START_DATE,END_DATE,REG_DATE) values (161,1,11,'Booking 039','01051341847',8222,'Cash',to_timestamp('23/09/24','DD/MM/RR HH24:MI:SSXFF'),to_timestamp('24/09/24','DD/MM/RR HH24:MI:SSXFF'),to_timestamp('15/08/24','DD/MM/RR HH24:MI:SSXFF'));
Insert into "OFFICE24"."BOOKING" (NO,OFFICE_NO,MEMBER_NO,NAME,PHONE,PRICE,PAYMENT,START_DATE,END_DATE,REG_DATE) values (162,1,11,'Booking 040','01051341847',6256,'Credit Card',to_timestamp('24/09/24','DD/MM/RR HH24:MI:SSXFF'),to_timestamp('25/09/24','DD/MM/RR HH24:MI:SSXFF'),to_timestamp('15/08/24','DD/MM/RR HH24:MI:SSXFF'));
Insert into "OFFICE24"."BOOKING" (NO,OFFICE_NO,MEMBER_NO,NAME,PHONE,PRICE,PAYMENT,START_DATE,END_DATE,REG_DATE) values (163,1,11,'Booking 041','01051341847',5306,'Cash',to_timestamp('25/09/24','DD/MM/RR HH24:MI:SSXFF'),to_timestamp('26/09/24','DD/MM/RR HH24:MI:SSXFF'),to_timestamp('15/08/24','DD/MM/RR HH24:MI:SSXFF'));
Insert into "OFFICE24"."BOOKING" (NO,OFFICE_NO,MEMBER_NO,NAME,PHONE,PRICE,PAYMENT,START_DATE,END_DATE,REG_DATE) values (164,1,11,'Booking 042','01051341847',8292,'Credit Card',to_timestamp('26/09/24','DD/MM/RR HH24:MI:SSXFF'),to_timestamp('27/09/24','DD/MM/RR HH24:MI:SSXFF'),to_timestamp('15/08/24','DD/MM/RR HH24:MI:SSXFF'));
Insert into "OFFICE24"."BOOKING" (NO,OFFICE_NO,MEMBER_NO,NAME,PHONE,PRICE,PAYMENT,START_DATE,END_DATE,REG_DATE) values (165,1,11,'Booking 043','01051341847',7998,'Cash',to_timestamp('27/09/24','DD/MM/RR HH24:MI:SSXFF'),to_timestamp('28/09/24','DD/MM/RR HH24:MI:SSXFF'),to_timestamp('15/08/24','DD/MM/RR HH24:MI:SSXFF'));
Insert into "OFFICE24"."BOOKING" (NO,OFFICE_NO,MEMBER_NO,NAME,PHONE,PRICE,PAYMENT,START_DATE,END_DATE,REG_DATE) values (166,1,11,'Booking 044','01051341847',5559,'Credit Card',to_timestamp('28/09/24','DD/MM/RR HH24:MI:SSXFF'),to_timestamp('29/09/24','DD/MM/RR HH24:MI:SSXFF'),to_timestamp('15/08/24','DD/MM/RR HH24:MI:SSXFF'));
Insert into "OFFICE24"."BOOKING" (NO,OFFICE_NO,MEMBER_NO,NAME,PHONE,PRICE,PAYMENT,START_DATE,END_DATE,REG_DATE) values (167,1,11,'Booking 045','01051341847',8998,'Cash',to_timestamp('29/09/24','DD/MM/RR HH24:MI:SSXFF'),to_timestamp('30/09/24','DD/MM/RR HH24:MI:SSXFF'),to_timestamp('15/08/24','DD/MM/RR HH24:MI:SSXFF'));
Insert into "OFFICE24"."BOOKING" (NO,OFFICE_NO,MEMBER_NO,NAME,PHONE,PRICE,PAYMENT,START_DATE,END_DATE,REG_DATE) values (168,1,11,'Booking 046','01051341847',6328,'Credit Card',to_timestamp('30/09/24','DD/MM/RR HH24:MI:SSXFF'),to_timestamp('01/10/24','DD/MM/RR HH24:MI:SSXFF'),to_timestamp('15/08/24','DD/MM/RR HH24:MI:SSXFF'));
Insert into "OFFICE24"."BOOKING" (NO,OFFICE_NO,MEMBER_NO,NAME,PHONE,PRICE,PAYMENT,START_DATE,END_DATE,REG_DATE) values (169,1,11,'Booking 047','01051341847',5011,'Cash',to_timestamp('01/10/24','DD/MM/RR HH24:MI:SSXFF'),to_timestamp('02/10/24','DD/MM/RR HH24:MI:SSXFF'),to_timestamp('15/08/24','DD/MM/RR HH24:MI:SSXFF'));
Insert into "OFFICE24"."BOOKING" (NO,OFFICE_NO,MEMBER_NO,NAME,PHONE,PRICE,PAYMENT,START_DATE,END_DATE,REG_DATE) values (170,1,11,'Booking 048','01051341847',5373,'Credit Card',to_timestamp('02/10/24','DD/MM/RR HH24:MI:SSXFF'),to_timestamp('03/10/24','DD/MM/RR HH24:MI:SSXFF'),to_timestamp('15/08/24','DD/MM/RR HH24:MI:SSXFF'));
Insert into "OFFICE24"."BOOKING" (NO,OFFICE_NO,MEMBER_NO,NAME,PHONE,PRICE,PAYMENT,START_DATE,END_DATE,REG_DATE) values (171,1,11,'Booking 049','01051341847',8114,'Cash',to_timestamp('03/10/24','DD/MM/RR HH24:MI:SSXFF'),to_timestamp('04/10/24','DD/MM/RR HH24:MI:SSXFF'),to_timestamp('15/08/24','DD/MM/RR HH24:MI:SSXFF'));
Insert into "OFFICE24"."BOOKING" (NO,OFFICE_NO,MEMBER_NO,NAME,PHONE,PRICE,PAYMENT,START_DATE,END_DATE,REG_DATE) values (172,1,11,'Booking 050','01051341847',7187,'Credit Card',to_timestamp('04/10/24','DD/MM/RR HH24:MI:SSXFF'),to_timestamp('05/10/24','DD/MM/RR HH24:MI:SSXFF'),to_timestamp('15/08/24','DD/MM/RR HH24:MI:SSXFF'));
Insert into "OFFICE24"."BOOKING" (NO,OFFICE_NO,MEMBER_NO,NAME,PHONE,PRICE,PAYMENT,START_DATE,END_DATE,REG_DATE) values (173,1,11,'Booking 051','01051341847',9895,'Cash',to_timestamp('05/10/24','DD/MM/RR HH24:MI:SSXFF'),to_timestamp('06/10/24','DD/MM/RR HH24:MI:SSXFF'),to_timestamp('15/08/24','DD/MM/RR HH24:MI:SSXFF'));
Insert into "OFFICE24"."BOOKING" (NO,OFFICE_NO,MEMBER_NO,NAME,PHONE,PRICE,PAYMENT,START_DATE,END_DATE,REG_DATE) values (174,1,11,'Booking 052','01051341847',9886,'Credit Card',to_timestamp('06/10/24','DD/MM/RR HH24:MI:SSXFF'),to_timestamp('07/10/24','DD/MM/RR HH24:MI:SSXFF'),to_timestamp('15/08/24','DD/MM/RR HH24:MI:SSXFF'));
Insert into "OFFICE24"."BOOKING" (NO,OFFICE_NO,MEMBER_NO,NAME,PHONE,PRICE,PAYMENT,START_DATE,END_DATE,REG_DATE) values (175,1,11,'Booking 053','01051341847',8054,'Cash',to_timestamp('07/10/24','DD/MM/RR HH24:MI:SSXFF'),to_timestamp('08/10/24','DD/MM/RR HH24:MI:SSXFF'),to_timestamp('15/08/24','DD/MM/RR HH24:MI:SSXFF'));
Insert into "OFFICE24"."BOOKING" (NO,OFFICE_NO,MEMBER_NO,NAME,PHONE,PRICE,PAYMENT,START_DATE,END_DATE,REG_DATE) values (176,1,11,'Booking 054','01051341847',9719,'Credit Card',to_timestamp('08/10/24','DD/MM/RR HH24:MI:SSXFF'),to_timestamp('09/10/24','DD/MM/RR HH24:MI:SSXFF'),to_timestamp('15/08/24','DD/MM/RR HH24:MI:SSXFF'));
Insert into "OFFICE24"."BOOKING" (NO,OFFICE_NO,MEMBER_NO,NAME,PHONE,PRICE,PAYMENT,START_DATE,END_DATE,REG_DATE) values (177,1,11,'Booking 055','01051341847',9761,'Cash',to_timestamp('09/10/24','DD/MM/RR HH24:MI:SSXFF'),to_timestamp('10/10/24','DD/MM/RR HH24:MI:SSXFF'),to_timestamp('15/08/24','DD/MM/RR HH24:MI:SSXFF'));
Insert into "OFFICE24"."BOOKING" (NO,OFFICE_NO,MEMBER_NO,NAME,PHONE,PRICE,PAYMENT,START_DATE,END_DATE,REG_DATE) values (178,1,11,'Booking 056','01051341847',7963,'Credit Card',to_timestamp('10/10/24','DD/MM/RR HH24:MI:SSXFF'),to_timestamp('11/10/24','DD/MM/RR HH24:MI:SSXFF'),to_timestamp('15/08/24','DD/MM/RR HH24:MI:SSXFF'));
Insert into "OFFICE24"."BOOKING" (NO,OFFICE_NO,MEMBER_NO,NAME,PHONE,PRICE,PAYMENT,START_DATE,END_DATE,REG_DATE) values (179,1,11,'Booking 057','01051341847',7835,'Cash',to_timestamp('11/10/24','DD/MM/RR HH24:MI:SSXFF'),to_timestamp('12/10/24','DD/MM/RR HH24:MI:SSXFF'),to_timestamp('15/08/24','DD/MM/RR HH24:MI:SSXFF'));
Insert into "OFFICE24"."BOOKING" (NO,OFFICE_NO,MEMBER_NO,NAME,PHONE,PRICE,PAYMENT,START_DATE,END_DATE,REG_DATE) values (180,1,11,'Booking 058','01051341847',8697,'Credit Card',to_timestamp('12/10/24','DD/MM/RR HH24:MI:SSXFF'),to_timestamp('13/10/24','DD/MM/RR HH24:MI:SSXFF'),to_timestamp('15/08/24','DD/MM/RR HH24:MI:SSXFF'));
Insert into "OFFICE24"."BOOKING" (NO,OFFICE_NO,MEMBER_NO,NAME,PHONE,PRICE,PAYMENT,START_DATE,END_DATE,REG_DATE) values (181,1,11,'Booking 059','01051341847',6012,'Cash',to_timestamp('13/10/24','DD/MM/RR HH24:MI:SSXFF'),to_timestamp('14/10/24','DD/MM/RR HH24:MI:SSXFF'),to_timestamp('15/08/24','DD/MM/RR HH24:MI:SSXFF'));
Insert into "OFFICE24"."BOOKING" (NO,OFFICE_NO,MEMBER_NO,NAME,PHONE,PRICE,PAYMENT,START_DATE,END_DATE,REG_DATE) values (182,1,11,'Booking 060','01051341847',8291,'Credit Card',to_timestamp('14/10/24','DD/MM/RR HH24:MI:SSXFF'),to_timestamp('15/10/24','DD/MM/RR HH24:MI:SSXFF'),to_timestamp('15/08/24','DD/MM/RR HH24:MI:SSXFF'));
Insert into "OFFICE24"."BOOKING" (NO,OFFICE_NO,MEMBER_NO,NAME,PHONE,PRICE,PAYMENT,START_DATE,END_DATE,REG_DATE) values (183,1,11,'Booking 061','01051341847',6991,'Cash',to_timestamp('15/10/24','DD/MM/RR HH24:MI:SSXFF'),to_timestamp('16/10/24','DD/MM/RR HH24:MI:SSXFF'),to_timestamp('15/08/24','DD/MM/RR HH24:MI:SSXFF'));
Insert into "OFFICE24"."BOOKING" (NO,OFFICE_NO,MEMBER_NO,NAME,PHONE,PRICE,PAYMENT,START_DATE,END_DATE,REG_DATE) values (184,1,11,'Booking 062','01051341847',7870,'Credit Card',to_timestamp('16/10/24','DD/MM/RR HH24:MI:SSXFF'),to_timestamp('17/10/24','DD/MM/RR HH24:MI:SSXFF'),to_timestamp('15/08/24','DD/MM/RR HH24:MI:SSXFF'));
Insert into "OFFICE24"."BOOKING" (NO,OFFICE_NO,MEMBER_NO,NAME,PHONE,PRICE,PAYMENT,START_DATE,END_DATE,REG_DATE) values (185,1,11,'Booking 063','01051341847',6853,'Cash',to_timestamp('17/10/24','DD/MM/RR HH24:MI:SSXFF'),to_timestamp('18/10/24','DD/MM/RR HH24:MI:SSXFF'),to_timestamp('15/08/24','DD/MM/RR HH24:MI:SSXFF'));
Insert into "OFFICE24"."BOOKING" (NO,OFFICE_NO,MEMBER_NO,NAME,PHONE,PRICE,PAYMENT,START_DATE,END_DATE,REG_DATE) values (186,1,11,'Booking 064','01051341847',8927,'Credit Card',to_timestamp('18/10/24','DD/MM/RR HH24:MI:SSXFF'),to_timestamp('19/10/24','DD/MM/RR HH24:MI:SSXFF'),to_timestamp('15/08/24','DD/MM/RR HH24:MI:SSXFF'));
Insert into "OFFICE24"."BOOKING" (NO,OFFICE_NO,MEMBER_NO,NAME,PHONE,PRICE,PAYMENT,START_DATE,END_DATE,REG_DATE) values (187,1,11,'Booking 065','01051341847',7199,'Cash',to_timestamp('19/10/24','DD/MM/RR HH24:MI:SSXFF'),to_timestamp('20/10/24','DD/MM/RR HH24:MI:SSXFF'),to_timestamp('15/08/24','DD/MM/RR HH24:MI:SSXFF'));
Insert into "OFFICE24"."BOOKING" (NO,OFFICE_NO,MEMBER_NO,NAME,PHONE,PRICE,PAYMENT,START_DATE,END_DATE,REG_DATE) values (188,1,11,'Booking 066','01051341847',9748,'Credit Card',to_timestamp('20/10/24','DD/MM/RR HH24:MI:SSXFF'),to_timestamp('21/10/24','DD/MM/RR HH24:MI:SSXFF'),to_timestamp('15/08/24','DD/MM/RR HH24:MI:SSXFF'));
Insert into "OFFICE24"."BOOKING" (NO,OFFICE_NO,MEMBER_NO,NAME,PHONE,PRICE,PAYMENT,START_DATE,END_DATE,REG_DATE) values (189,1,11,'Booking 067','01051341847',9495,'Cash',to_timestamp('21/10/24','DD/MM/RR HH24:MI:SSXFF'),to_timestamp('22/10/24','DD/MM/RR HH24:MI:SSXFF'),to_timestamp('15/08/24','DD/MM/RR HH24:MI:SSXFF'));
Insert into "OFFICE24"."BOOKING" (NO,OFFICE_NO,MEMBER_NO,NAME,PHONE,PRICE,PAYMENT,START_DATE,END_DATE,REG_DATE) values (190,1,11,'Booking 068','01051341847',9746,'Credit Card',to_timestamp('22/10/24','DD/MM/RR HH24:MI:SSXFF'),to_timestamp('23/10/24','DD/MM/RR HH24:MI:SSXFF'),to_timestamp('15/08/24','DD/MM/RR HH24:MI:SSXFF'));
Insert into "OFFICE24"."BOOKING" (NO,OFFICE_NO,MEMBER_NO,NAME,PHONE,PRICE,PAYMENT,START_DATE,END_DATE,REG_DATE) values (191,1,11,'Booking 069','01051341847',5483,'Cash',to_timestamp('23/10/24','DD/MM/RR HH24:MI:SSXFF'),to_timestamp('24/10/24','DD/MM/RR HH24:MI:SSXFF'),to_timestamp('15/08/24','DD/MM/RR HH24:MI:SSXFF'));
Insert into "OFFICE24"."BOOKING" (NO,OFFICE_NO,MEMBER_NO,NAME,PHONE,PRICE,PAYMENT,START_DATE,END_DATE,REG_DATE) values (192,1,11,'Booking 070','01051341847',5692,'Credit Card',to_timestamp('24/10/24','DD/MM/RR HH24:MI:SSXFF'),to_timestamp('25/10/24','DD/MM/RR HH24:MI:SSXFF'),to_timestamp('15/08/24','DD/MM/RR HH24:MI:SSXFF'));
Insert into "OFFICE24"."BOOKING" (NO,OFFICE_NO,MEMBER_NO,NAME,PHONE,PRICE,PAYMENT,START_DATE,END_DATE,REG_DATE) values (193,1,11,'Booking 071','01051341847',8444,'Cash',to_timestamp('25/10/24','DD/MM/RR HH24:MI:SSXFF'),to_timestamp('26/10/24','DD/MM/RR HH24:MI:SSXFF'),to_timestamp('15/08/24','DD/MM/RR HH24:MI:SSXFF'));
Insert into "OFFICE24"."BOOKING" (NO,OFFICE_NO,MEMBER_NO,NAME,PHONE,PRICE,PAYMENT,START_DATE,END_DATE,REG_DATE) values (194,1,11,'Booking 072','01051341847',6998,'Credit Card',to_timestamp('26/10/24','DD/MM/RR HH24:MI:SSXFF'),to_timestamp('27/10/24','DD/MM/RR HH24:MI:SSXFF'),to_timestamp('15/08/24','DD/MM/RR HH24:MI:SSXFF'));
Insert into "OFFICE24"."BOOKING" (NO,OFFICE_NO,MEMBER_NO,NAME,PHONE,PRICE,PAYMENT,START_DATE,END_DATE,REG_DATE) values (195,1,11,'Booking 073','01051341847',7438,'Cash',to_timestamp('27/10/24','DD/MM/RR HH24:MI:SSXFF'),to_timestamp('28/10/24','DD/MM/RR HH24:MI:SSXFF'),to_timestamp('15/08/24','DD/MM/RR HH24:MI:SSXFF'));
Insert into "OFFICE24"."BOOKING" (NO,OFFICE_NO,MEMBER_NO,NAME,PHONE,PRICE,PAYMENT,START_DATE,END_DATE,REG_DATE) values (196,1,11,'Booking 074','01051341847',5686,'Credit Card',to_timestamp('28/10/24','DD/MM/RR HH24:MI:SSXFF'),to_timestamp('29/10/24','DD/MM/RR HH24:MI:SSXFF'),to_timestamp('15/08/24','DD/MM/RR HH24:MI:SSXFF'));
Insert into "OFFICE24"."BOOKING" (NO,OFFICE_NO,MEMBER_NO,NAME,PHONE,PRICE,PAYMENT,START_DATE,END_DATE,REG_DATE) values (197,1,11,'Booking 075','01051341847',6634,'Cash',to_timestamp('29/10/24','DD/MM/RR HH24:MI:SSXFF'),to_timestamp('30/10/24','DD/MM/RR HH24:MI:SSXFF'),to_timestamp('15/08/24','DD/MM/RR HH24:MI:SSXFF'));
Insert into "OFFICE24"."BOOKING" (NO,OFFICE_NO,MEMBER_NO,NAME,PHONE,PRICE,PAYMENT,START_DATE,END_DATE,REG_DATE) values (198,1,11,'Booking 076','01051341847',9223,'Credit Card',to_timestamp('30/10/24','DD/MM/RR HH24:MI:SSXFF'),to_timestamp('31/10/24','DD/MM/RR HH24:MI:SSXFF'),to_timestamp('15/08/24','DD/MM/RR HH24:MI:SSXFF'));
Insert into "OFFICE24"."BOOKING" (NO,OFFICE_NO,MEMBER_NO,NAME,PHONE,PRICE,PAYMENT,START_DATE,END_DATE,REG_DATE) values (199,1,11,'Booking 077','01051341847',8076,'Cash',to_timestamp('31/10/24','DD/MM/RR HH24:MI:SSXFF'),to_timestamp('01/11/24','DD/MM/RR HH24:MI:SSXFF'),to_timestamp('15/08/24','DD/MM/RR HH24:MI:SSXFF'));
Insert into "OFFICE24"."BOOKING" (NO,OFFICE_NO,MEMBER_NO,NAME,PHONE,PRICE,PAYMENT,START_DATE,END_DATE,REG_DATE) values (200,1,11,'Booking 078','01051341847',5015,'Credit Card',to_timestamp('01/11/24','DD/MM/RR HH24:MI:SSXFF'),to_timestamp('02/11/24','DD/MM/RR HH24:MI:SSXFF'),to_timestamp('15/08/24','DD/MM/RR HH24:MI:SSXFF'));
Insert into "OFFICE24"."BOOKING" (NO,OFFICE_NO,MEMBER_NO,NAME,PHONE,PRICE,PAYMENT,START_DATE,END_DATE,REG_DATE) values (201,1,11,'Booking 079','01051341847',5444,'Cash',to_timestamp('02/11/24','DD/MM/RR HH24:MI:SSXFF'),to_timestamp('03/11/24','DD/MM/RR HH24:MI:SSXFF'),to_timestamp('15/08/24','DD/MM/RR HH24:MI:SSXFF'));
Insert into "OFFICE24"."BOOKING" (NO,OFFICE_NO,MEMBER_NO,NAME,PHONE,PRICE,PAYMENT,START_DATE,END_DATE,REG_DATE) values (202,1,11,'Booking 080','01051341847',7970,'Credit Card',to_timestamp('03/11/24','DD/MM/RR HH24:MI:SSXFF'),to_timestamp('04/11/24','DD/MM/RR HH24:MI:SSXFF'),to_timestamp('15/08/24','DD/MM/RR HH24:MI:SSXFF'));
Insert into "OFFICE24"."BOOKING" (NO,OFFICE_NO,MEMBER_NO,NAME,PHONE,PRICE,PAYMENT,START_DATE,END_DATE,REG_DATE) values (203,1,11,'Booking 081','01051341847',8820,'Cash',to_timestamp('04/11/24','DD/MM/RR HH24:MI:SSXFF'),to_timestamp('05/11/24','DD/MM/RR HH24:MI:SSXFF'),to_timestamp('15/08/24','DD/MM/RR HH24:MI:SSXFF'));
Insert into "OFFICE24"."BOOKING" (NO,OFFICE_NO,MEMBER_NO,NAME,PHONE,PRICE,PAYMENT,START_DATE,END_DATE,REG_DATE) values (204,1,11,'Booking 082','01051341847',6859,'Credit Card',to_timestamp('05/11/24','DD/MM/RR HH24:MI:SSXFF'),to_timestamp('06/11/24','DD/MM/RR HH24:MI:SSXFF'),to_timestamp('15/08/24','DD/MM/RR HH24:MI:SSXFF'));
Insert into "OFFICE24"."BOOKING" (NO,OFFICE_NO,MEMBER_NO,NAME,PHONE,PRICE,PAYMENT,START_DATE,END_DATE,REG_DATE) values (205,1,11,'Booking 083','01051341847',9390,'Cash',to_timestamp('06/11/24','DD/MM/RR HH24:MI:SSXFF'),to_timestamp('07/11/24','DD/MM/RR HH24:MI:SSXFF'),to_timestamp('15/08/24','DD/MM/RR HH24:MI:SSXFF'));
Insert into "OFFICE24"."BOOKING" (NO,OFFICE_NO,MEMBER_NO,NAME,PHONE,PRICE,PAYMENT,START_DATE,END_DATE,REG_DATE) values (206,1,11,'Booking 084','01051341847',7126,'Credit Card',to_timestamp('07/11/24','DD/MM/RR HH24:MI:SSXFF'),to_timestamp('08/11/24','DD/MM/RR HH24:MI:SSXFF'),to_timestamp('15/08/24','DD/MM/RR HH24:MI:SSXFF'));
Insert into "OFFICE24"."BOOKING" (NO,OFFICE_NO,MEMBER_NO,NAME,PHONE,PRICE,PAYMENT,START_DATE,END_DATE,REG_DATE) values (207,1,11,'Booking 085','01051341847',9171,'Cash',to_timestamp('08/11/24','DD/MM/RR HH24:MI:SSXFF'),to_timestamp('09/11/24','DD/MM/RR HH24:MI:SSXFF'),to_timestamp('15/08/24','DD/MM/RR HH24:MI:SSXFF'));
Insert into "OFFICE24"."BOOKING" (NO,OFFICE_NO,MEMBER_NO,NAME,PHONE,PRICE,PAYMENT,START_DATE,END_DATE,REG_DATE) values (208,1,11,'Booking 086','01051341847',5835,'Credit Card',to_timestamp('09/11/24','DD/MM/RR HH24:MI:SSXFF'),to_timestamp('10/11/24','DD/MM/RR HH24:MI:SSXFF'),to_timestamp('15/08/24','DD/MM/RR HH24:MI:SSXFF'));
Insert into "OFFICE24"."BOOKING" (NO,OFFICE_NO,MEMBER_NO,NAME,PHONE,PRICE,PAYMENT,START_DATE,END_DATE,REG_DATE) values (209,1,11,'Booking 087','01051341847',6608,'Cash',to_timestamp('10/11/24','DD/MM/RR HH24:MI:SSXFF'),to_timestamp('11/11/24','DD/MM/RR HH24:MI:SSXFF'),to_timestamp('15/08/24','DD/MM/RR HH24:MI:SSXFF'));
Insert into "OFFICE24"."BOOKING" (NO,OFFICE_NO,MEMBER_NO,NAME,PHONE,PRICE,PAYMENT,START_DATE,END_DATE,REG_DATE) values (210,1,11,'Booking 088','01051341847',5057,'Credit Card',to_timestamp('11/11/24','DD/MM/RR HH24:MI:SSXFF'),to_timestamp('12/11/24','DD/MM/RR HH24:MI:SSXFF'),to_timestamp('15/08/24','DD/MM/RR HH24:MI:SSXFF'));
Insert into "OFFICE24"."BOOKING" (NO,OFFICE_NO,MEMBER_NO,NAME,PHONE,PRICE,PAYMENT,START_DATE,END_DATE,REG_DATE) values (211,1,11,'Booking 089','01051341847',9803,'Cash',to_timestamp('12/11/24','DD/MM/RR HH24:MI:SSXFF'),to_timestamp('13/11/24','DD/MM/RR HH24:MI:SSXFF'),to_timestamp('15/08/24','DD/MM/RR HH24:MI:SSXFF'));
Insert into "OFFICE24"."BOOKING" (NO,OFFICE_NO,MEMBER_NO,NAME,PHONE,PRICE,PAYMENT,START_DATE,END_DATE,REG_DATE) values (212,1,11,'Booking 090','01051341847',8402,'Credit Card',to_timestamp('13/11/24','DD/MM/RR HH24:MI:SSXFF'),to_timestamp('14/11/24','DD/MM/RR HH24:MI:SSXFF'),to_timestamp('15/08/24','DD/MM/RR HH24:MI:SSXFF'));
Insert into "OFFICE24"."BOOKING" (NO,OFFICE_NO,MEMBER_NO,NAME,PHONE,PRICE,PAYMENT,START_DATE,END_DATE,REG_DATE) values (213,1,11,'Booking 091','01051341847',8520,'Cash',to_timestamp('14/11/24','DD/MM/RR HH24:MI:SSXFF'),to_timestamp('15/11/24','DD/MM/RR HH24:MI:SSXFF'),to_timestamp('15/08/24','DD/MM/RR HH24:MI:SSXFF'));
Insert into "OFFICE24"."BOOKING" (NO,OFFICE_NO,MEMBER_NO,NAME,PHONE,PRICE,PAYMENT,START_DATE,END_DATE,REG_DATE) values (214,1,11,'Booking 092','01051341847',7473,'Credit Card',to_timestamp('15/11/24','DD/MM/RR HH24:MI:SSXFF'),to_timestamp('16/11/24','DD/MM/RR HH24:MI:SSXFF'),to_timestamp('15/08/24','DD/MM/RR HH24:MI:SSXFF'));
Insert into "OFFICE24"."BOOKING" (NO,OFFICE_NO,MEMBER_NO,NAME,PHONE,PRICE,PAYMENT,START_DATE,END_DATE,REG_DATE) values (1,1,1,'Booking 001','01051341847',8518,'Cash',to_timestamp('09/08/24','DD/MM/RR HH24:MI:SSXFF'),to_timestamp('10/08/24','DD/MM/RR HH24:MI:SSXFF'),to_timestamp('08/08/24','DD/MM/RR HH24:MI:SSXFF'));
Insert into "OFFICE24"."BOOKING" (NO,OFFICE_NO,MEMBER_NO,NAME,PHONE,PRICE,PAYMENT,START_DATE,END_DATE,REG_DATE) values (2,1,1,'Booking 002','01051341847',9686,'Credit Card',to_timestamp('10/08/24','DD/MM/RR HH24:MI:SSXFF'),to_timestamp('11/08/24','DD/MM/RR HH24:MI:SSXFF'),to_timestamp('08/08/24','DD/MM/RR HH24:MI:SSXFF'));
Insert into "OFFICE24"."BOOKING" (NO,OFFICE_NO,MEMBER_NO,NAME,PHONE,PRICE,PAYMENT,START_DATE,END_DATE,REG_DATE) values (4,1,1,'Booking 004','01051341847',9943,'Credit Card',to_timestamp('12/08/24','DD/MM/RR HH24:MI:SSXFF'),to_timestamp('13/08/24','DD/MM/RR HH24:MI:SSXFF'),to_timestamp('08/08/24','DD/MM/RR HH24:MI:SSXFF'));
Insert into "OFFICE24"."BOOKING" (NO,OFFICE_NO,MEMBER_NO,NAME,PHONE,PRICE,PAYMENT,START_DATE,END_DATE,REG_DATE) values (5,1,1,'Booking 005','01051341847',9049,'Cash',to_timestamp('13/08/24','DD/MM/RR HH24:MI:SSXFF'),to_timestamp('14/08/24','DD/MM/RR HH24:MI:SSXFF'),to_timestamp('08/08/24','DD/MM/RR HH24:MI:SSXFF'));
Insert into "OFFICE24"."BOOKING" (NO,OFFICE_NO,MEMBER_NO,NAME,PHONE,PRICE,PAYMENT,START_DATE,END_DATE,REG_DATE) values (6,1,1,'Booking 006','01051341847',9731,'Credit Card',to_timestamp('14/08/24','DD/MM/RR HH24:MI:SSXFF'),to_timestamp('15/08/24','DD/MM/RR HH24:MI:SSXFF'),to_timestamp('08/08/24','DD/MM/RR HH24:MI:SSXFF'));
Insert into "OFFICE24"."BOOKING" (NO,OFFICE_NO,MEMBER_NO,NAME,PHONE,PRICE,PAYMENT,START_DATE,END_DATE,REG_DATE) values (7,1,1,'Booking 007','01051341847',9857,'Cash',to_timestamp('15/08/24','DD/MM/RR HH24:MI:SSXFF'),to_timestamp('16/08/24','DD/MM/RR HH24:MI:SSXFF'),to_timestamp('08/08/24','DD/MM/RR HH24:MI:SSXFF'));
Insert into "OFFICE24"."BOOKING" (NO,OFFICE_NO,MEMBER_NO,NAME,PHONE,PRICE,PAYMENT,START_DATE,END_DATE,REG_DATE) values (10,1,1,'Booking 010','01051341847',9766,'Credit Card',to_timestamp('18/08/24','DD/MM/RR HH24:MI:SSXFF'),to_timestamp('19/08/24','DD/MM/RR HH24:MI:SSXFF'),to_timestamp('08/08/24','DD/MM/RR HH24:MI:SSXFF'));
Insert into "OFFICE24"."BOOKING" (NO,OFFICE_NO,MEMBER_NO,NAME,PHONE,PRICE,PAYMENT,START_DATE,END_DATE,REG_DATE) values (11,1,1,'Booking 011','01051341847',5021,'Cash',to_timestamp('19/08/24','DD/MM/RR HH24:MI:SSXFF'),to_timestamp('20/08/24','DD/MM/RR HH24:MI:SSXFF'),to_timestamp('08/08/24','DD/MM/RR HH24:MI:SSXFF'));
Insert into "OFFICE24"."BOOKING" (NO,OFFICE_NO,MEMBER_NO,NAME,PHONE,PRICE,PAYMENT,START_DATE,END_DATE,REG_DATE) values (12,1,1,'Booking 012','01051341847',7938,'Credit Card',to_timestamp('20/08/24','DD/MM/RR HH24:MI:SSXFF'),to_timestamp('21/08/24','DD/MM/RR HH24:MI:SSXFF'),to_timestamp('08/08/24','DD/MM/RR HH24:MI:SSXFF'));
Insert into "OFFICE24"."BOOKING" (NO,OFFICE_NO,MEMBER_NO,NAME,PHONE,PRICE,PAYMENT,START_DATE,END_DATE,REG_DATE) values (13,1,1,'Booking 013','01051341847',9999,'Cash',to_timestamp('21/08/24','DD/MM/RR HH24:MI:SSXFF'),to_timestamp('22/08/24','DD/MM/RR HH24:MI:SSXFF'),to_timestamp('08/08/24','DD/MM/RR HH24:MI:SSXFF'));
Insert into "OFFICE24"."BOOKING" (NO,OFFICE_NO,MEMBER_NO,NAME,PHONE,PRICE,PAYMENT,START_DATE,END_DATE,REG_DATE) values (14,1,1,'Booking 014','01051341847',8168,'Credit Card',to_timestamp('22/08/24','DD/MM/RR HH24:MI:SSXFF'),to_timestamp('23/08/24','DD/MM/RR HH24:MI:SSXFF'),to_timestamp('08/08/24','DD/MM/RR HH24:MI:SSXFF'));
Insert into "OFFICE24"."BOOKING" (NO,OFFICE_NO,MEMBER_NO,NAME,PHONE,PRICE,PAYMENT,START_DATE,END_DATE,REG_DATE) values (15,1,1,'Booking 015','01051341847',7939,'Cash',to_timestamp('23/08/24','DD/MM/RR HH24:MI:SSXFF'),to_timestamp('24/08/24','DD/MM/RR HH24:MI:SSXFF'),to_timestamp('08/08/24','DD/MM/RR HH24:MI:SSXFF'));
Insert into "OFFICE24"."BOOKING" (NO,OFFICE_NO,MEMBER_NO,NAME,PHONE,PRICE,PAYMENT,START_DATE,END_DATE,REG_DATE) values (16,1,1,'Booking 016','01051341847',5544,'Credit Card',to_timestamp('24/08/24','DD/MM/RR HH24:MI:SSXFF'),to_timestamp('25/08/24','DD/MM/RR HH24:MI:SSXFF'),to_timestamp('08/08/24','DD/MM/RR HH24:MI:SSXFF'));
Insert into "OFFICE24"."BOOKING" (NO,OFFICE_NO,MEMBER_NO,NAME,PHONE,PRICE,PAYMENT,START_DATE,END_DATE,REG_DATE) values (17,1,1,'Booking 017','01051341847',7396,'Cash',to_timestamp('25/08/24','DD/MM/RR HH24:MI:SSXFF'),to_timestamp('26/08/24','DD/MM/RR HH24:MI:SSXFF'),to_timestamp('08/08/24','DD/MM/RR HH24:MI:SSXFF'));
Insert into "OFFICE24"."BOOKING" (NO,OFFICE_NO,MEMBER_NO,NAME,PHONE,PRICE,PAYMENT,START_DATE,END_DATE,REG_DATE) values (18,1,1,'Booking 018','01051341847',9250,'Credit Card',to_timestamp('26/08/24','DD/MM/RR HH24:MI:SSXFF'),to_timestamp('27/08/24','DD/MM/RR HH24:MI:SSXFF'),to_timestamp('08/08/24','DD/MM/RR HH24:MI:SSXFF'));
Insert into "OFFICE24"."BOOKING" (NO,OFFICE_NO,MEMBER_NO,NAME,PHONE,PRICE,PAYMENT,START_DATE,END_DATE,REG_DATE) values (19,1,1,'Booking 019','01051341847',5076,'Cash',to_timestamp('27/08/24','DD/MM/RR HH24:MI:SSXFF'),to_timestamp('28/08/24','DD/MM/RR HH24:MI:SSXFF'),to_timestamp('08/08/24','DD/MM/RR HH24:MI:SSXFF'));
Insert into "OFFICE24"."BOOKING" (NO,OFFICE_NO,MEMBER_NO,NAME,PHONE,PRICE,PAYMENT,START_DATE,END_DATE,REG_DATE) values (20,1,1,'Booking 020','01051341847',7125,'Credit Card',to_timestamp('28/08/24','DD/MM/RR HH24:MI:SSXFF'),to_timestamp('29/08/24','DD/MM/RR HH24:MI:SSXFF'),to_timestamp('08/08/24','DD/MM/RR HH24:MI:SSXFF'));
Insert into "OFFICE24"."BOOKING" (NO,OFFICE_NO,MEMBER_NO,NAME,PHONE,PRICE,PAYMENT,START_DATE,END_DATE,REG_DATE) values (21,1,1,'Booking 021','01051341847',5594,'Cash',to_timestamp('29/08/24','DD/MM/RR HH24:MI:SSXFF'),to_timestamp('30/08/24','DD/MM/RR HH24:MI:SSXFF'),to_timestamp('08/08/24','DD/MM/RR HH24:MI:SSXFF'));
Insert into "OFFICE24"."BOOKING" (NO,OFFICE_NO,MEMBER_NO,NAME,PHONE,PRICE,PAYMENT,START_DATE,END_DATE,REG_DATE) values (22,1,1,'Booking 022','01051341847',5935,'Credit Card',to_timestamp('30/08/24','DD/MM/RR HH24:MI:SSXFF'),to_timestamp('31/08/24','DD/MM/RR HH24:MI:SSXFF'),to_timestamp('08/08/24','DD/MM/RR HH24:MI:SSXFF'));
Insert into "OFFICE24"."BOOKING" (NO,OFFICE_NO,MEMBER_NO,NAME,PHONE,PRICE,PAYMENT,START_DATE,END_DATE,REG_DATE) values (23,1,1,'Booking 023','01051341847',8612,'Cash',to_timestamp('31/08/24','DD/MM/RR HH24:MI:SSXFF'),to_timestamp('01/09/24','DD/MM/RR HH24:MI:SSXFF'),to_timestamp('08/08/24','DD/MM/RR HH24:MI:SSXFF'));
Insert into "OFFICE24"."BOOKING" (NO,OFFICE_NO,MEMBER_NO,NAME,PHONE,PRICE,PAYMENT,START_DATE,END_DATE,REG_DATE) values (24,1,1,'Booking 024','01051341847',8422,'Credit Card',to_timestamp('01/09/24','DD/MM/RR HH24:MI:SSXFF'),to_timestamp('02/09/24','DD/MM/RR HH24:MI:SSXFF'),to_timestamp('08/08/24','DD/MM/RR HH24:MI:SSXFF'));
Insert into "OFFICE24"."BOOKING" (NO,OFFICE_NO,MEMBER_NO,NAME,PHONE,PRICE,PAYMENT,START_DATE,END_DATE,REG_DATE) values (25,1,1,'Booking 025','01051341847',6799,'Cash',to_timestamp('02/09/24','DD/MM/RR HH24:MI:SSXFF'),to_timestamp('03/09/24','DD/MM/RR HH24:MI:SSXFF'),to_timestamp('08/08/24','DD/MM/RR HH24:MI:SSXFF'));
Insert into "OFFICE24"."BOOKING" (NO,OFFICE_NO,MEMBER_NO,NAME,PHONE,PRICE,PAYMENT,START_DATE,END_DATE,REG_DATE) values (26,1,1,'Booking 026','01051341847',6104,'Credit Card',to_timestamp('03/09/24','DD/MM/RR HH24:MI:SSXFF'),to_timestamp('04/09/24','DD/MM/RR HH24:MI:SSXFF'),to_timestamp('08/08/24','DD/MM/RR HH24:MI:SSXFF'));
Insert into "OFFICE24"."BOOKING" (NO,OFFICE_NO,MEMBER_NO,NAME,PHONE,PRICE,PAYMENT,START_DATE,END_DATE,REG_DATE) values (27,1,1,'Booking 027','01051341847',8375,'Cash',to_timestamp('04/09/24','DD/MM/RR HH24:MI:SSXFF'),to_timestamp('05/09/24','DD/MM/RR HH24:MI:SSXFF'),to_timestamp('08/08/24','DD/MM/RR HH24:MI:SSXFF'));
Insert into "OFFICE24"."BOOKING" (NO,OFFICE_NO,MEMBER_NO,NAME,PHONE,PRICE,PAYMENT,START_DATE,END_DATE,REG_DATE) values (28,1,1,'Booking 028','01051341847',5189,'Credit Card',to_timestamp('05/09/24','DD/MM/RR HH24:MI:SSXFF'),to_timestamp('06/09/24','DD/MM/RR HH24:MI:SSXFF'),to_timestamp('08/08/24','DD/MM/RR HH24:MI:SSXFF'));
Insert into "OFFICE24"."BOOKING" (NO,OFFICE_NO,MEMBER_NO,NAME,PHONE,PRICE,PAYMENT,START_DATE,END_DATE,REG_DATE) values (29,1,1,'Booking 029','01051341847',7948,'Cash',to_timestamp('06/09/24','DD/MM/RR HH24:MI:SSXFF'),to_timestamp('07/09/24','DD/MM/RR HH24:MI:SSXFF'),to_timestamp('08/08/24','DD/MM/RR HH24:MI:SSXFF'));
Insert into "OFFICE24"."BOOKING" (NO,OFFICE_NO,MEMBER_NO,NAME,PHONE,PRICE,PAYMENT,START_DATE,END_DATE,REG_DATE) values (30,1,1,'Booking 030','01051341847',6213,'Credit Card',to_timestamp('07/09/24','DD/MM/RR HH24:MI:SSXFF'),to_timestamp('08/09/24','DD/MM/RR HH24:MI:SSXFF'),to_timestamp('08/08/24','DD/MM/RR HH24:MI:SSXFF'));
Insert into "OFFICE24"."BOOKING" (NO,OFFICE_NO,MEMBER_NO,NAME,PHONE,PRICE,PAYMENT,START_DATE,END_DATE,REG_DATE) values (31,1,1,'Booking 031','01051341847',6684,'Cash',to_timestamp('08/09/24','DD/MM/RR HH24:MI:SSXFF'),to_timestamp('09/09/24','DD/MM/RR HH24:MI:SSXFF'),to_timestamp('08/08/24','DD/MM/RR HH24:MI:SSXFF'));
Insert into "OFFICE24"."BOOKING" (NO,OFFICE_NO,MEMBER_NO,NAME,PHONE,PRICE,PAYMENT,START_DATE,END_DATE,REG_DATE) values (32,1,1,'Booking 032','01051341847',7229,'Credit Card',to_timestamp('09/09/24','DD/MM/RR HH24:MI:SSXFF'),to_timestamp('10/09/24','DD/MM/RR HH24:MI:SSXFF'),to_timestamp('08/08/24','DD/MM/RR HH24:MI:SSXFF'));
Insert into "OFFICE24"."BOOKING" (NO,OFFICE_NO,MEMBER_NO,NAME,PHONE,PRICE,PAYMENT,START_DATE,END_DATE,REG_DATE) values (33,1,1,'Booking 033','01051341847',7111,'Cash',to_timestamp('10/09/24','DD/MM/RR HH24:MI:SSXFF'),to_timestamp('11/09/24','DD/MM/RR HH24:MI:SSXFF'),to_timestamp('08/08/24','DD/MM/RR HH24:MI:SSXFF'));
Insert into "OFFICE24"."BOOKING" (NO,OFFICE_NO,MEMBER_NO,NAME,PHONE,PRICE,PAYMENT,START_DATE,END_DATE,REG_DATE) values (34,1,1,'Booking 034','01051341847',7254,'Credit Card',to_timestamp('11/09/24','DD/MM/RR HH24:MI:SSXFF'),to_timestamp('12/09/24','DD/MM/RR HH24:MI:SSXFF'),to_timestamp('08/08/24','DD/MM/RR HH24:MI:SSXFF'));
Insert into "OFFICE24"."BOOKING" (NO,OFFICE_NO,MEMBER_NO,NAME,PHONE,PRICE,PAYMENT,START_DATE,END_DATE,REG_DATE) values (35,1,1,'Booking 035','01051341847',8973,'Cash',to_timestamp('12/09/24','DD/MM/RR HH24:MI:SSXFF'),to_timestamp('13/09/24','DD/MM/RR HH24:MI:SSXFF'),to_timestamp('08/08/24','DD/MM/RR HH24:MI:SSXFF'));
Insert into "OFFICE24"."BOOKING" (NO,OFFICE_NO,MEMBER_NO,NAME,PHONE,PRICE,PAYMENT,START_DATE,END_DATE,REG_DATE) values (36,1,1,'Booking 036','01051341847',5886,'Credit Card',to_timestamp('13/09/24','DD/MM/RR HH24:MI:SSXFF'),to_timestamp('14/09/24','DD/MM/RR HH24:MI:SSXFF'),to_timestamp('08/08/24','DD/MM/RR HH24:MI:SSXFF'));
Insert into "OFFICE24"."BOOKING" (NO,OFFICE_NO,MEMBER_NO,NAME,PHONE,PRICE,PAYMENT,START_DATE,END_DATE,REG_DATE) values (37,1,1,'Booking 037','01051341847',6739,'Cash',to_timestamp('14/09/24','DD/MM/RR HH24:MI:SSXFF'),to_timestamp('15/09/24','DD/MM/RR HH24:MI:SSXFF'),to_timestamp('08/08/24','DD/MM/RR HH24:MI:SSXFF'));
Insert into "OFFICE24"."BOOKING" (NO,OFFICE_NO,MEMBER_NO,NAME,PHONE,PRICE,PAYMENT,START_DATE,END_DATE,REG_DATE) values (38,1,1,'Booking 038','01051341847',7273,'Credit Card',to_timestamp('15/09/24','DD/MM/RR HH24:MI:SSXFF'),to_timestamp('16/09/24','DD/MM/RR HH24:MI:SSXFF'),to_timestamp('08/08/24','DD/MM/RR HH24:MI:SSXFF'));
Insert into "OFFICE24"."BOOKING" (NO,OFFICE_NO,MEMBER_NO,NAME,PHONE,PRICE,PAYMENT,START_DATE,END_DATE,REG_DATE) values (39,1,1,'Booking 039','01051341847',7658,'Cash',to_timestamp('16/09/24','DD/MM/RR HH24:MI:SSXFF'),to_timestamp('17/09/24','DD/MM/RR HH24:MI:SSXFF'),to_timestamp('08/08/24','DD/MM/RR HH24:MI:SSXFF'));
Insert into "OFFICE24"."BOOKING" (NO,OFFICE_NO,MEMBER_NO,NAME,PHONE,PRICE,PAYMENT,START_DATE,END_DATE,REG_DATE) values (40,1,1,'Booking 040','01051341847',5237,'Credit Card',to_timestamp('17/09/24','DD/MM/RR HH24:MI:SSXFF'),to_timestamp('18/09/24','DD/MM/RR HH24:MI:SSXFF'),to_timestamp('08/08/24','DD/MM/RR HH24:MI:SSXFF'));
Insert into "OFFICE24"."BOOKING" (NO,OFFICE_NO,MEMBER_NO,NAME,PHONE,PRICE,PAYMENT,START_DATE,END_DATE,REG_DATE) values (41,1,1,'Booking 041','01051341847',6540,'Cash',to_timestamp('18/09/24','DD/MM/RR HH24:MI:SSXFF'),to_timestamp('19/09/24','DD/MM/RR HH24:MI:SSXFF'),to_timestamp('08/08/24','DD/MM/RR HH24:MI:SSXFF'));
Insert into "OFFICE24"."BOOKING" (NO,OFFICE_NO,MEMBER_NO,NAME,PHONE,PRICE,PAYMENT,START_DATE,END_DATE,REG_DATE) values (42,1,1,'Booking 042','01051341847',8457,'Credit Card',to_timestamp('19/09/24','DD/MM/RR HH24:MI:SSXFF'),to_timestamp('20/09/24','DD/MM/RR HH24:MI:SSXFF'),to_timestamp('08/08/24','DD/MM/RR HH24:MI:SSXFF'));
Insert into "OFFICE24"."BOOKING" (NO,OFFICE_NO,MEMBER_NO,NAME,PHONE,PRICE,PAYMENT,START_DATE,END_DATE,REG_DATE) values (43,1,1,'Booking 043','01051341847',8305,'Cash',to_timestamp('20/09/24','DD/MM/RR HH24:MI:SSXFF'),to_timestamp('21/09/24','DD/MM/RR HH24:MI:SSXFF'),to_timestamp('08/08/24','DD/MM/RR HH24:MI:SSXFF'));
Insert into "OFFICE24"."BOOKING" (NO,OFFICE_NO,MEMBER_NO,NAME,PHONE,PRICE,PAYMENT,START_DATE,END_DATE,REG_DATE) values (44,1,1,'Booking 044','01051341847',8556,'Credit Card',to_timestamp('21/09/24','DD/MM/RR HH24:MI:SSXFF'),to_timestamp('22/09/24','DD/MM/RR HH24:MI:SSXFF'),to_timestamp('08/08/24','DD/MM/RR HH24:MI:SSXFF'));
Insert into "OFFICE24"."BOOKING" (NO,OFFICE_NO,MEMBER_NO,NAME,PHONE,PRICE,PAYMENT,START_DATE,END_DATE,REG_DATE) values (45,1,1,'Booking 045','01051341847',7126,'Cash',to_timestamp('22/09/24','DD/MM/RR HH24:MI:SSXFF'),to_timestamp('23/09/24','DD/MM/RR HH24:MI:SSXFF'),to_timestamp('08/08/24','DD/MM/RR HH24:MI:SSXFF'));
Insert into "OFFICE24"."BOOKING" (NO,OFFICE_NO,MEMBER_NO,NAME,PHONE,PRICE,PAYMENT,START_DATE,END_DATE,REG_DATE) values (46,1,1,'Booking 046','01051341847',5641,'Credit Card',to_timestamp('23/09/24','DD/MM/RR HH24:MI:SSXFF'),to_timestamp('24/09/24','DD/MM/RR HH24:MI:SSXFF'),to_timestamp('08/08/24','DD/MM/RR HH24:MI:SSXFF'));
Insert into "OFFICE24"."BOOKING" (NO,OFFICE_NO,MEMBER_NO,NAME,PHONE,PRICE,PAYMENT,START_DATE,END_DATE,REG_DATE) values (47,1,1,'Booking 047','01051341847',7295,'Cash',to_timestamp('24/09/24','DD/MM/RR HH24:MI:SSXFF'),to_timestamp('25/09/24','DD/MM/RR HH24:MI:SSXFF'),to_timestamp('08/08/24','DD/MM/RR HH24:MI:SSXFF'));
Insert into "OFFICE24"."BOOKING" (NO,OFFICE_NO,MEMBER_NO,NAME,PHONE,PRICE,PAYMENT,START_DATE,END_DATE,REG_DATE) values (48,1,1,'Booking 048','01051341847',9761,'Credit Card',to_timestamp('25/09/24','DD/MM/RR HH24:MI:SSXFF'),to_timestamp('26/09/24','DD/MM/RR HH24:MI:SSXFF'),to_timestamp('08/08/24','DD/MM/RR HH24:MI:SSXFF'));
Insert into "OFFICE24"."BOOKING" (NO,OFFICE_NO,MEMBER_NO,NAME,PHONE,PRICE,PAYMENT,START_DATE,END_DATE,REG_DATE) values (49,1,1,'Booking 049','01051341847',6350,'Cash',to_timestamp('26/09/24','DD/MM/RR HH24:MI:SSXFF'),to_timestamp('27/09/24','DD/MM/RR HH24:MI:SSXFF'),to_timestamp('08/08/24','DD/MM/RR HH24:MI:SSXFF'));
Insert into "OFFICE24"."BOOKING" (NO,OFFICE_NO,MEMBER_NO,NAME,PHONE,PRICE,PAYMENT,START_DATE,END_DATE,REG_DATE) values (50,1,1,'Booking 050','01051341847',9392,'Credit Card',to_timestamp('27/09/24','DD/MM/RR HH24:MI:SSXFF'),to_timestamp('28/09/24','DD/MM/RR HH24:MI:SSXFF'),to_timestamp('08/08/24','DD/MM/RR HH24:MI:SSXFF'));
Insert into "OFFICE24"."BOOKING" (NO,OFFICE_NO,MEMBER_NO,NAME,PHONE,PRICE,PAYMENT,START_DATE,END_DATE,REG_DATE) values (51,1,1,'Booking 051','01051341847',9893,'Cash',to_timestamp('28/09/24','DD/MM/RR HH24:MI:SSXFF'),to_timestamp('29/09/24','DD/MM/RR HH24:MI:SSXFF'),to_timestamp('08/08/24','DD/MM/RR HH24:MI:SSXFF'));
Insert into "OFFICE24"."BOOKING" (NO,OFFICE_NO,MEMBER_NO,NAME,PHONE,PRICE,PAYMENT,START_DATE,END_DATE,REG_DATE) values (52,1,1,'Booking 052','01051341847',8164,'Credit Card',to_timestamp('29/09/24','DD/MM/RR HH24:MI:SSXFF'),to_timestamp('30/09/24','DD/MM/RR HH24:MI:SSXFF'),to_timestamp('08/08/24','DD/MM/RR HH24:MI:SSXFF'));
Insert into "OFFICE24"."BOOKING" (NO,OFFICE_NO,MEMBER_NO,NAME,PHONE,PRICE,PAYMENT,START_DATE,END_DATE,REG_DATE) values (53,1,1,'Booking 053','01051341847',8060,'Cash',to_timestamp('30/09/24','DD/MM/RR HH24:MI:SSXFF'),to_timestamp('01/10/24','DD/MM/RR HH24:MI:SSXFF'),to_timestamp('08/08/24','DD/MM/RR HH24:MI:SSXFF'));
Insert into "OFFICE24"."BOOKING" (NO,OFFICE_NO,MEMBER_NO,NAME,PHONE,PRICE,PAYMENT,START_DATE,END_DATE,REG_DATE) values (54,1,1,'Booking 054','01051341847',5372,'Credit Card',to_timestamp('01/10/24','DD/MM/RR HH24:MI:SSXFF'),to_timestamp('02/10/24','DD/MM/RR HH24:MI:SSXFF'),to_timestamp('08/08/24','DD/MM/RR HH24:MI:SSXFF'));
Insert into "OFFICE24"."BOOKING" (NO,OFFICE_NO,MEMBER_NO,NAME,PHONE,PRICE,PAYMENT,START_DATE,END_DATE,REG_DATE) values (55,1,1,'Booking 055','01051341847',5954,'Cash',to_timestamp('02/10/24','DD/MM/RR HH24:MI:SSXFF'),to_timestamp('03/10/24','DD/MM/RR HH24:MI:SSXFF'),to_timestamp('08/08/24','DD/MM/RR HH24:MI:SSXFF'));
Insert into "OFFICE24"."BOOKING" (NO,OFFICE_NO,MEMBER_NO,NAME,PHONE,PRICE,PAYMENT,START_DATE,END_DATE,REG_DATE) values (56,1,1,'Booking 056','01051341847',5317,'Credit Card',to_timestamp('03/10/24','DD/MM/RR HH24:MI:SSXFF'),to_timestamp('04/10/24','DD/MM/RR HH24:MI:SSXFF'),to_timestamp('08/08/24','DD/MM/RR HH24:MI:SSXFF'));
Insert into "OFFICE24"."BOOKING" (NO,OFFICE_NO,MEMBER_NO,NAME,PHONE,PRICE,PAYMENT,START_DATE,END_DATE,REG_DATE) values (57,1,1,'Booking 057','01051341847',5791,'Cash',to_timestamp('04/10/24','DD/MM/RR HH24:MI:SSXFF'),to_timestamp('05/10/24','DD/MM/RR HH24:MI:SSXFF'),to_timestamp('08/08/24','DD/MM/RR HH24:MI:SSXFF'));
Insert into "OFFICE24"."BOOKING" (NO,OFFICE_NO,MEMBER_NO,NAME,PHONE,PRICE,PAYMENT,START_DATE,END_DATE,REG_DATE) values (58,1,1,'Booking 058','01051341847',6353,'Credit Card',to_timestamp('05/10/24','DD/MM/RR HH24:MI:SSXFF'),to_timestamp('06/10/24','DD/MM/RR HH24:MI:SSXFF'),to_timestamp('08/08/24','DD/MM/RR HH24:MI:SSXFF'));
Insert into "OFFICE24"."BOOKING" (NO,OFFICE_NO,MEMBER_NO,NAME,PHONE,PRICE,PAYMENT,START_DATE,END_DATE,REG_DATE) values (59,1,1,'Booking 059','01051341847',5132,'Cash',to_timestamp('06/10/24','DD/MM/RR HH24:MI:SSXFF'),to_timestamp('07/10/24','DD/MM/RR HH24:MI:SSXFF'),to_timestamp('08/08/24','DD/MM/RR HH24:MI:SSXFF'));
Insert into "OFFICE24"."BOOKING" (NO,OFFICE_NO,MEMBER_NO,NAME,PHONE,PRICE,PAYMENT,START_DATE,END_DATE,REG_DATE) values (60,1,1,'Booking 060','01051341847',6998,'Credit Card',to_timestamp('07/10/24','DD/MM/RR HH24:MI:SSXFF'),to_timestamp('08/10/24','DD/MM/RR HH24:MI:SSXFF'),to_timestamp('08/08/24','DD/MM/RR HH24:MI:SSXFF'));
Insert into "OFFICE24"."BOOKING" (NO,OFFICE_NO,MEMBER_NO,NAME,PHONE,PRICE,PAYMENT,START_DATE,END_DATE,REG_DATE) values (61,1,1,'Booking 061','01051341847',5944,'Cash',to_timestamp('08/10/24','DD/MM/RR HH24:MI:SSXFF'),to_timestamp('09/10/24','DD/MM/RR HH24:MI:SSXFF'),to_timestamp('08/08/24','DD/MM/RR HH24:MI:SSXFF'));
Insert into "OFFICE24"."BOOKING" (NO,OFFICE_NO,MEMBER_NO,NAME,PHONE,PRICE,PAYMENT,START_DATE,END_DATE,REG_DATE) values (62,1,1,'Booking 062','01051341847',6542,'Credit Card',to_timestamp('09/10/24','DD/MM/RR HH24:MI:SSXFF'),to_timestamp('10/10/24','DD/MM/RR HH24:MI:SSXFF'),to_timestamp('08/08/24','DD/MM/RR HH24:MI:SSXFF'));
Insert into "OFFICE24"."BOOKING" (NO,OFFICE_NO,MEMBER_NO,NAME,PHONE,PRICE,PAYMENT,START_DATE,END_DATE,REG_DATE) values (63,1,1,'Booking 063','01051341847',9162,'Cash',to_timestamp('10/10/24','DD/MM/RR HH24:MI:SSXFF'),to_timestamp('11/10/24','DD/MM/RR HH24:MI:SSXFF'),to_timestamp('08/08/24','DD/MM/RR HH24:MI:SSXFF'));
Insert into "OFFICE24"."BOOKING" (NO,OFFICE_NO,MEMBER_NO,NAME,PHONE,PRICE,PAYMENT,START_DATE,END_DATE,REG_DATE) values (64,1,1,'Booking 064','01051341847',5625,'Credit Card',to_timestamp('11/10/24','DD/MM/RR HH24:MI:SSXFF'),to_timestamp('12/10/24','DD/MM/RR HH24:MI:SSXFF'),to_timestamp('08/08/24','DD/MM/RR HH24:MI:SSXFF'));
Insert into "OFFICE24"."BOOKING" (NO,OFFICE_NO,MEMBER_NO,NAME,PHONE,PRICE,PAYMENT,START_DATE,END_DATE,REG_DATE) values (65,1,1,'Booking 065','01051341847',7021,'Cash',to_timestamp('12/10/24','DD/MM/RR HH24:MI:SSXFF'),to_timestamp('13/10/24','DD/MM/RR HH24:MI:SSXFF'),to_timestamp('08/08/24','DD/MM/RR HH24:MI:SSXFF'));
Insert into "OFFICE24"."BOOKING" (NO,OFFICE_NO,MEMBER_NO,NAME,PHONE,PRICE,PAYMENT,START_DATE,END_DATE,REG_DATE) values (66,1,1,'Booking 066','01051341847',8994,'Credit Card',to_timestamp('13/10/24','DD/MM/RR HH24:MI:SSXFF'),to_timestamp('14/10/24','DD/MM/RR HH24:MI:SSXFF'),to_timestamp('08/08/24','DD/MM/RR HH24:MI:SSXFF'));
Insert into "OFFICE24"."BOOKING" (NO,OFFICE_NO,MEMBER_NO,NAME,PHONE,PRICE,PAYMENT,START_DATE,END_DATE,REG_DATE) values (67,1,1,'Booking 067','01051341847',8825,'Cash',to_timestamp('14/10/24','DD/MM/RR HH24:MI:SSXFF'),to_timestamp('15/10/24','DD/MM/RR HH24:MI:SSXFF'),to_timestamp('08/08/24','DD/MM/RR HH24:MI:SSXFF'));
Insert into "OFFICE24"."BOOKING" (NO,OFFICE_NO,MEMBER_NO,NAME,PHONE,PRICE,PAYMENT,START_DATE,END_DATE,REG_DATE) values (68,1,1,'Booking 068','01051341847',6739,'Credit Card',to_timestamp('15/10/24','DD/MM/RR HH24:MI:SSXFF'),to_timestamp('16/10/24','DD/MM/RR HH24:MI:SSXFF'),to_timestamp('08/08/24','DD/MM/RR HH24:MI:SSXFF'));
Insert into "OFFICE24"."BOOKING" (NO,OFFICE_NO,MEMBER_NO,NAME,PHONE,PRICE,PAYMENT,START_DATE,END_DATE,REG_DATE) values (69,1,1,'Booking 069','01051341847',5441,'Cash',to_timestamp('16/10/24','DD/MM/RR HH24:MI:SSXFF'),to_timestamp('17/10/24','DD/MM/RR HH24:MI:SSXFF'),to_timestamp('08/08/24','DD/MM/RR HH24:MI:SSXFF'));
Insert into "OFFICE24"."BOOKING" (NO,OFFICE_NO,MEMBER_NO,NAME,PHONE,PRICE,PAYMENT,START_DATE,END_DATE,REG_DATE) values (70,1,1,'Booking 070','01051341847',5598,'Credit Card',to_timestamp('17/10/24','DD/MM/RR HH24:MI:SSXFF'),to_timestamp('18/10/24','DD/MM/RR HH24:MI:SSXFF'),to_timestamp('08/08/24','DD/MM/RR HH24:MI:SSXFF'));
Insert into "OFFICE24"."BOOKING" (NO,OFFICE_NO,MEMBER_NO,NAME,PHONE,PRICE,PAYMENT,START_DATE,END_DATE,REG_DATE) values (71,1,1,'Booking 071','01051341847',5782,'Cash',to_timestamp('18/10/24','DD/MM/RR HH24:MI:SSXFF'),to_timestamp('19/10/24','DD/MM/RR HH24:MI:SSXFF'),to_timestamp('08/08/24','DD/MM/RR HH24:MI:SSXFF'));
Insert into "OFFICE24"."BOOKING" (NO,OFFICE_NO,MEMBER_NO,NAME,PHONE,PRICE,PAYMENT,START_DATE,END_DATE,REG_DATE) values (72,1,1,'Booking 072','01051341847',8936,'Credit Card',to_timestamp('19/10/24','DD/MM/RR HH24:MI:SSXFF'),to_timestamp('20/10/24','DD/MM/RR HH24:MI:SSXFF'),to_timestamp('08/08/24','DD/MM/RR HH24:MI:SSXFF'));
Insert into "OFFICE24"."BOOKING" (NO,OFFICE_NO,MEMBER_NO,NAME,PHONE,PRICE,PAYMENT,START_DATE,END_DATE,REG_DATE) values (73,1,1,'Booking 073','01051341847',7707,'Cash',to_timestamp('20/10/24','DD/MM/RR HH24:MI:SSXFF'),to_timestamp('21/10/24','DD/MM/RR HH24:MI:SSXFF'),to_timestamp('08/08/24','DD/MM/RR HH24:MI:SSXFF'));
Insert into "OFFICE24"."BOOKING" (NO,OFFICE_NO,MEMBER_NO,NAME,PHONE,PRICE,PAYMENT,START_DATE,END_DATE,REG_DATE) values (74,1,1,'Booking 074','01051341847',8382,'Credit Card',to_timestamp('21/10/24','DD/MM/RR HH24:MI:SSXFF'),to_timestamp('22/10/24','DD/MM/RR HH24:MI:SSXFF'),to_timestamp('08/08/24','DD/MM/RR HH24:MI:SSXFF'));
Insert into "OFFICE24"."BOOKING" (NO,OFFICE_NO,MEMBER_NO,NAME,PHONE,PRICE,PAYMENT,START_DATE,END_DATE,REG_DATE) values (75,1,1,'Booking 075','01051341847',5682,'Cash',to_timestamp('22/10/24','DD/MM/RR HH24:MI:SSXFF'),to_timestamp('23/10/24','DD/MM/RR HH24:MI:SSXFF'),to_timestamp('08/08/24','DD/MM/RR HH24:MI:SSXFF'));
Insert into "OFFICE24"."BOOKING" (NO,OFFICE_NO,MEMBER_NO,NAME,PHONE,PRICE,PAYMENT,START_DATE,END_DATE,REG_DATE) values (76,1,1,'Booking 076','01051341847',7721,'Credit Card',to_timestamp('23/10/24','DD/MM/RR HH24:MI:SSXFF'),to_timestamp('24/10/24','DD/MM/RR HH24:MI:SSXFF'),to_timestamp('08/08/24','DD/MM/RR HH24:MI:SSXFF'));
Insert into "OFFICE24"."BOOKING" (NO,OFFICE_NO,MEMBER_NO,NAME,PHONE,PRICE,PAYMENT,START_DATE,END_DATE,REG_DATE) values (77,1,1,'Booking 077','01051341847',6576,'Cash',to_timestamp('24/10/24','DD/MM/RR HH24:MI:SSXFF'),to_timestamp('25/10/24','DD/MM/RR HH24:MI:SSXFF'),to_timestamp('08/08/24','DD/MM/RR HH24:MI:SSXFF'));
Insert into "OFFICE24"."BOOKING" (NO,OFFICE_NO,MEMBER_NO,NAME,PHONE,PRICE,PAYMENT,START_DATE,END_DATE,REG_DATE) values (78,1,1,'Booking 078','01051341847',5907,'Credit Card',to_timestamp('25/10/24','DD/MM/RR HH24:MI:SSXFF'),to_timestamp('26/10/24','DD/MM/RR HH24:MI:SSXFF'),to_timestamp('08/08/24','DD/MM/RR HH24:MI:SSXFF'));
Insert into "OFFICE24"."BOOKING" (NO,OFFICE_NO,MEMBER_NO,NAME,PHONE,PRICE,PAYMENT,START_DATE,END_DATE,REG_DATE) values (79,1,1,'Booking 079','01051341847',8183,'Cash',to_timestamp('26/10/24','DD/MM/RR HH24:MI:SSXFF'),to_timestamp('27/10/24','DD/MM/RR HH24:MI:SSXFF'),to_timestamp('08/08/24','DD/MM/RR HH24:MI:SSXFF'));
Insert into "OFFICE24"."BOOKING" (NO,OFFICE_NO,MEMBER_NO,NAME,PHONE,PRICE,PAYMENT,START_DATE,END_DATE,REG_DATE) values (80,1,1,'Booking 080','01051341847',8149,'Credit Card',to_timestamp('27/10/24','DD/MM/RR HH24:MI:SSXFF'),to_timestamp('28/10/24','DD/MM/RR HH24:MI:SSXFF'),to_timestamp('08/08/24','DD/MM/RR HH24:MI:SSXFF'));
Insert into "OFFICE24"."BOOKING" (NO,OFFICE_NO,MEMBER_NO,NAME,PHONE,PRICE,PAYMENT,START_DATE,END_DATE,REG_DATE) values (81,1,1,'Booking 081','01051341847',5496,'Cash',to_timestamp('28/10/24','DD/MM/RR HH24:MI:SSXFF'),to_timestamp('29/10/24','DD/MM/RR HH24:MI:SSXFF'),to_timestamp('08/08/24','DD/MM/RR HH24:MI:SSXFF'));
Insert into "OFFICE24"."BOOKING" (NO,OFFICE_NO,MEMBER_NO,NAME,PHONE,PRICE,PAYMENT,START_DATE,END_DATE,REG_DATE) values (82,1,1,'Booking 082','01051341847',8269,'Credit Card',to_timestamp('29/10/24','DD/MM/RR HH24:MI:SSXFF'),to_timestamp('30/10/24','DD/MM/RR HH24:MI:SSXFF'),to_timestamp('08/08/24','DD/MM/RR HH24:MI:SSXFF'));
Insert into "OFFICE24"."BOOKING" (NO,OFFICE_NO,MEMBER_NO,NAME,PHONE,PRICE,PAYMENT,START_DATE,END_DATE,REG_DATE) values (83,1,1,'Booking 083','01051341847',8353,'Cash',to_timestamp('30/10/24','DD/MM/RR HH24:MI:SSXFF'),to_timestamp('31/10/24','DD/MM/RR HH24:MI:SSXFF'),to_timestamp('08/08/24','DD/MM/RR HH24:MI:SSXFF'));
Insert into "OFFICE24"."BOOKING" (NO,OFFICE_NO,MEMBER_NO,NAME,PHONE,PRICE,PAYMENT,START_DATE,END_DATE,REG_DATE) values (84,1,1,'Booking 084','01051341847',6008,'Credit Card',to_timestamp('31/10/24','DD/MM/RR HH24:MI:SSXFF'),to_timestamp('01/11/24','DD/MM/RR HH24:MI:SSXFF'),to_timestamp('08/08/24','DD/MM/RR HH24:MI:SSXFF'));
Insert into "OFFICE24"."BOOKING" (NO,OFFICE_NO,MEMBER_NO,NAME,PHONE,PRICE,PAYMENT,START_DATE,END_DATE,REG_DATE) values (85,1,1,'Booking 085','01051341847',6585,'Cash',to_timestamp('01/11/24','DD/MM/RR HH24:MI:SSXFF'),to_timestamp('02/11/24','DD/MM/RR HH24:MI:SSXFF'),to_timestamp('08/08/24','DD/MM/RR HH24:MI:SSXFF'));
Insert into "OFFICE24"."BOOKING" (NO,OFFICE_NO,MEMBER_NO,NAME,PHONE,PRICE,PAYMENT,START_DATE,END_DATE,REG_DATE) values (86,1,1,'Booking 086','01051341847',7639,'Credit Card',to_timestamp('02/11/24','DD/MM/RR HH24:MI:SSXFF'),to_timestamp('03/11/24','DD/MM/RR HH24:MI:SSXFF'),to_timestamp('08/08/24','DD/MM/RR HH24:MI:SSXFF'));
Insert into "OFFICE24"."BOOKING" (NO,OFFICE_NO,MEMBER_NO,NAME,PHONE,PRICE,PAYMENT,START_DATE,END_DATE,REG_DATE) values (87,1,1,'Booking 087','01051341847',7547,'Cash',to_timestamp('03/11/24','DD/MM/RR HH24:MI:SSXFF'),to_timestamp('04/11/24','DD/MM/RR HH24:MI:SSXFF'),to_timestamp('08/08/24','DD/MM/RR HH24:MI:SSXFF'));
Insert into "OFFICE24"."BOOKING" (NO,OFFICE_NO,MEMBER_NO,NAME,PHONE,PRICE,PAYMENT,START_DATE,END_DATE,REG_DATE) values (88,1,1,'Booking 088','01051341847',7903,'Credit Card',to_timestamp('04/11/24','DD/MM/RR HH24:MI:SSXFF'),to_timestamp('05/11/24','DD/MM/RR HH24:MI:SSXFF'),to_timestamp('08/08/24','DD/MM/RR HH24:MI:SSXFF'));
Insert into "OFFICE24"."BOOKING" (NO,OFFICE_NO,MEMBER_NO,NAME,PHONE,PRICE,PAYMENT,START_DATE,END_DATE,REG_DATE) values (89,1,1,'Booking 089','01051341847',8607,'Cash',to_timestamp('05/11/24','DD/MM/RR HH24:MI:SSXFF'),to_timestamp('06/11/24','DD/MM/RR HH24:MI:SSXFF'),to_timestamp('08/08/24','DD/MM/RR HH24:MI:SSXFF'));
Insert into "OFFICE24"."BOOKING" (NO,OFFICE_NO,MEMBER_NO,NAME,PHONE,PRICE,PAYMENT,START_DATE,END_DATE,REG_DATE) values (90,1,1,'Booking 090','01051341847',9105,'Credit Card',to_timestamp('06/11/24','DD/MM/RR HH24:MI:SSXFF'),to_timestamp('07/11/24','DD/MM/RR HH24:MI:SSXFF'),to_timestamp('08/08/24','DD/MM/RR HH24:MI:SSXFF'));
Insert into "OFFICE24"."BOOKING" (NO,OFFICE_NO,MEMBER_NO,NAME,PHONE,PRICE,PAYMENT,START_DATE,END_DATE,REG_DATE) values (91,1,1,'Booking 091','01051341847',7884,'Cash',to_timestamp('07/11/24','DD/MM/RR HH24:MI:SSXFF'),to_timestamp('08/11/24','DD/MM/RR HH24:MI:SSXFF'),to_timestamp('08/08/24','DD/MM/RR HH24:MI:SSXFF'));
Insert into "OFFICE24"."BOOKING" (NO,OFFICE_NO,MEMBER_NO,NAME,PHONE,PRICE,PAYMENT,START_DATE,END_DATE,REG_DATE) values (92,1,1,'Booking 092','01051341847',7684,'Credit Card',to_timestamp('08/11/24','DD/MM/RR HH24:MI:SSXFF'),to_timestamp('09/11/24','DD/MM/RR HH24:MI:SSXFF'),to_timestamp('08/08/24','DD/MM/RR HH24:MI:SSXFF'));
Insert into "OFFICE24"."BOOKING" (NO,OFFICE_NO,MEMBER_NO,NAME,PHONE,PRICE,PAYMENT,START_DATE,END_DATE,REG_DATE) values (93,1,1,'Booking 093','01051341847',8815,'Cash',to_timestamp('09/11/24','DD/MM/RR HH24:MI:SSXFF'),to_timestamp('10/11/24','DD/MM/RR HH24:MI:SSXFF'),to_timestamp('08/08/24','DD/MM/RR HH24:MI:SSXFF'));
Insert into "OFFICE24"."BOOKING" (NO,OFFICE_NO,MEMBER_NO,NAME,PHONE,PRICE,PAYMENT,START_DATE,END_DATE,REG_DATE) values (94,1,1,'Booking 094','01051341847',6820,'Credit Card',to_timestamp('10/11/24','DD/MM/RR HH24:MI:SSXFF'),to_timestamp('11/11/24','DD/MM/RR HH24:MI:SSXFF'),to_timestamp('08/08/24','DD/MM/RR HH24:MI:SSXFF'));
Insert into "OFFICE24"."BOOKING" (NO,OFFICE_NO,MEMBER_NO,NAME,PHONE,PRICE,PAYMENT,START_DATE,END_DATE,REG_DATE) values (95,1,1,'Booking 095','01051341847',5863,'Cash',to_timestamp('11/11/24','DD/MM/RR HH24:MI:SSXFF'),to_timestamp('12/11/24','DD/MM/RR HH24:MI:SSXFF'),to_timestamp('08/08/24','DD/MM/RR HH24:MI:SSXFF'));
Insert into "OFFICE24"."BOOKING" (NO,OFFICE_NO,MEMBER_NO,NAME,PHONE,PRICE,PAYMENT,START_DATE,END_DATE,REG_DATE) values (96,1,1,'Booking 096','01051341847',8561,'Credit Card',to_timestamp('12/11/24','DD/MM/RR HH24:MI:SSXFF'),to_timestamp('13/11/24','DD/MM/RR HH24:MI:SSXFF'),to_timestamp('08/08/24','DD/MM/RR HH24:MI:SSXFF'));
Insert into "OFFICE24"."BOOKING" (NO,OFFICE_NO,MEMBER_NO,NAME,PHONE,PRICE,PAYMENT,START_DATE,END_DATE,REG_DATE) values (97,1,1,'Booking 097','01051341847',7452,'Cash',to_timestamp('13/11/24','DD/MM/RR HH24:MI:SSXFF'),to_timestamp('14/11/24','DD/MM/RR HH24:MI:SSXFF'),to_timestamp('08/08/24','DD/MM/RR HH24:MI:SSXFF'));
Insert into "OFFICE24"."BOOKING" (NO,OFFICE_NO,MEMBER_NO,NAME,PHONE,PRICE,PAYMENT,START_DATE,END_DATE,REG_DATE) values (98,1,1,'Booking 098','01051341847',7130,'Credit Card',to_timestamp('14/11/24','DD/MM/RR HH24:MI:SSXFF'),to_timestamp('15/11/24','DD/MM/RR HH24:MI:SSXFF'),to_timestamp('08/08/24','DD/MM/RR HH24:MI:SSXFF'));
Insert into "OFFICE24"."BOOKING" (NO,OFFICE_NO,MEMBER_NO,NAME,PHONE,PRICE,PAYMENT,START_DATE,END_DATE,REG_DATE) values (99,1,1,'Booking 099','01051341847',5295,'Cash',to_timestamp('15/11/24','DD/MM/RR HH24:MI:SSXFF'),to_timestamp('16/11/24','DD/MM/RR HH24:MI:SSXFF'),to_timestamp('08/08/24','DD/MM/RR HH24:MI:SSXFF'));
Insert into "OFFICE24"."BOOKING" (NO,OFFICE_NO,MEMBER_NO,NAME,PHONE,PRICE,PAYMENT,START_DATE,END_DATE,REG_DATE) values (100,1,1,'Booking 100','01051341847',7568,'Credit Card',to_timestamp('16/11/24','DD/MM/RR HH24:MI:SSXFF'),to_timestamp('17/11/24','DD/MM/RR HH24:MI:SSXFF'),to_timestamp('08/08/24','DD/MM/RR HH24:MI:SSXFF'));
Insert into "OFFICE24"."BOOKING" (NO,OFFICE_NO,MEMBER_NO,NAME,PHONE,PRICE,PAYMENT,START_DATE,END_DATE,REG_DATE) values (217,1,11,'Booking 095','01051341847',5183,'Cash',to_timestamp('18/11/24','DD/MM/RR HH24:MI:SSXFF'),to_timestamp('19/11/24','DD/MM/RR HH24:MI:SSXFF'),to_timestamp('15/08/24','DD/MM/RR HH24:MI:SSXFF'));
Insert into "OFFICE24"."BOOKING" (NO,OFFICE_NO,MEMBER_NO,NAME,PHONE,PRICE,PAYMENT,START_DATE,END_DATE,REG_DATE) values (114,29,101,'이지민','01077582132',4265030,'kakao-pay',to_timestamp('13/08/24','DD/MM/RR HH24:MI:SSXFF'),to_timestamp('27/08/24','DD/MM/RR HH24:MI:SSXFF'),to_timestamp('14/08/24','DD/MM/RR HH24:MI:SSXFF'));
Insert into "OFFICE24"."BOOKING" (NO,OFFICE_NO,MEMBER_NO,NAME,PHONE,PRICE,PAYMENT,START_DATE,END_DATE,REG_DATE) values (110,70,1,'건우','01071268047',1636258,'kakao-pay',to_timestamp('13/08/24','DD/MM/RR HH24:MI:SSXFF'),to_timestamp('13/08/24','DD/MM/RR HH24:MI:SSXFF'),to_timestamp('13/08/24','DD/MM/RR HH24:MI:SSXFF'));
Insert into "OFFICE24"."BOOKING" (NO,OFFICE_NO,MEMBER_NO,NAME,PHONE,PRICE,PAYMENT,START_DATE,END_DATE,REG_DATE) values (111,1,1,'이석진','01083838237',1337835,'kakao-pay',to_timestamp('03/01/24','DD/MM/RR HH24:MI:SSXFF'),to_timestamp('04/01/24','DD/MM/RR HH24:MI:SSXFF'),to_timestamp('13/08/24','DD/MM/RR HH24:MI:SSXFF'));
Insert into "OFFICE24"."BOOKING" (NO,OFFICE_NO,MEMBER_NO,NAME,PHONE,PRICE,PAYMENT,START_DATE,END_DATE,REG_DATE) values (115,18,101,'이지민','01077582132',7775044,'kakao-pay',to_timestamp('13/10/24','DD/MM/RR HH24:MI:SSXFF'),to_timestamp('17/10/24','DD/MM/RR HH24:MI:SSXFF'),to_timestamp('14/08/24','DD/MM/RR HH24:MI:SSXFF'));
Insert into "OFFICE24"."BOOKING" (NO,OFFICE_NO,MEMBER_NO,NAME,PHONE,PRICE,PAYMENT,START_DATE,END_DATE,REG_DATE) values (117,57,102,'은희경','01077582132',330031,'kakao-pay',to_timestamp('21/08/24','DD/MM/RR HH24:MI:SSXFF'),to_timestamp('22/08/24','DD/MM/RR HH24:MI:SSXFF'),to_timestamp('14/08/24','DD/MM/RR HH24:MI:SSXFF'));
Insert into "OFFICE24"."BOOKING" (NO,OFFICE_NO,MEMBER_NO,NAME,PHONE,PRICE,PAYMENT,START_DATE,END_DATE,REG_DATE) values (118,57,102,'은희경','01077582132',1320124,'kakao-pay',to_timestamp('01/09/24','DD/MM/RR HH24:MI:SSXFF'),to_timestamp('05/09/24','DD/MM/RR HH24:MI:SSXFF'),to_timestamp('14/08/24','DD/MM/RR HH24:MI:SSXFF'));
Insert into "OFFICE24"."BOOKING" (NO,OFFICE_NO,MEMBER_NO,NAME,PHONE,PRICE,PAYMENT,START_DATE,END_DATE,REG_DATE) values (119,42,6,'조윤영','01077582132',1702236,'kakao-pay',to_timestamp('13/08/24','DD/MM/RR HH24:MI:SSXFF'),to_timestamp('15/08/24','DD/MM/RR HH24:MI:SSXFF'),to_timestamp('14/08/24','DD/MM/RR HH24:MI:SSXFF'));
Insert into "OFFICE24"."BOOKING" (NO,OFFICE_NO,MEMBER_NO,NAME,PHONE,PRICE,PAYMENT,START_DATE,END_DATE,REG_DATE) values (218,1,11,'Booking 096','01051341847',7505,'Credit Card',to_timestamp('19/11/24','DD/MM/RR HH24:MI:SSXFF'),to_timestamp('20/11/24','DD/MM/RR HH24:MI:SSXFF'),to_timestamp('15/08/24','DD/MM/RR HH24:MI:SSXFF'));
Insert into "OFFICE24"."BOOKING" (NO,OFFICE_NO,MEMBER_NO,NAME,PHONE,PRICE,PAYMENT,START_DATE,END_DATE,REG_DATE) values (216,1,11,'Booking 094','01051341847',5075,'Credit Card',to_timestamp('17/11/24','DD/MM/RR HH24:MI:SSXFF'),to_timestamp('18/11/24','DD/MM/RR HH24:MI:SSXFF'),to_timestamp('15/08/24','DD/MM/RR HH24:MI:SSXFF'));
Insert into "OFFICE24"."BOOKING" (NO,OFFICE_NO,MEMBER_NO,NAME,PHONE,PRICE,PAYMENT,START_DATE,END_DATE,REG_DATE) values (219,1,11,'Booking 097','01051341847',8040,'Cash',to_timestamp('20/11/24','DD/MM/RR HH24:MI:SSXFF'),to_timestamp('21/11/24','DD/MM/RR HH24:MI:SSXFF'),to_timestamp('15/08/24','DD/MM/RR HH24:MI:SSXFF'));
Insert into "OFFICE24"."BOOKING" (NO,OFFICE_NO,MEMBER_NO,NAME,PHONE,PRICE,PAYMENT,START_DATE,END_DATE,REG_DATE) values (220,1,11,'Booking 098','01051341847',7493,'Credit Card',to_timestamp('21/11/24','DD/MM/RR HH24:MI:SSXFF'),to_timestamp('22/11/24','DD/MM/RR HH24:MI:SSXFF'),to_timestamp('15/08/24','DD/MM/RR HH24:MI:SSXFF'));
Insert into "OFFICE24"."BOOKING" (NO,OFFICE_NO,MEMBER_NO,NAME,PHONE,PRICE,PAYMENT,START_DATE,END_DATE,REG_DATE) values (221,1,11,'Booking 099','01051341847',5305,'Cash',to_timestamp('22/11/24','DD/MM/RR HH24:MI:SSXFF'),to_timestamp('23/11/24','DD/MM/RR HH24:MI:SSXFF'),to_timestamp('15/08/24','DD/MM/RR HH24:MI:SSXFF'));
Insert into "OFFICE24"."BOOKING" (NO,OFFICE_NO,MEMBER_NO,NAME,PHONE,PRICE,PAYMENT,START_DATE,END_DATE,REG_DATE) values (222,1,11,'Booking 100','01051341847',9481,'Credit Card',to_timestamp('23/11/24','DD/MM/RR HH24:MI:SSXFF'),to_timestamp('24/11/24','DD/MM/RR HH24:MI:SSXFF'),to_timestamp('15/08/24','DD/MM/RR HH24:MI:SSXFF'));
Insert into "OFFICE24"."BOOKING" (NO,OFFICE_NO,MEMBER_NO,NAME,PHONE,PRICE,PAYMENT,START_DATE,END_DATE,REG_DATE) values (223,2,2,'최서준','01049865445',2247862,'kakao-pay',to_timestamp('16/09/24','DD/MM/RR HH24:MI:SSXFF'),to_timestamp('18/09/24','DD/MM/RR HH24:MI:SSXFF'),to_timestamp('15/08/24','DD/MM/RR HH24:MI:SSXFF'));
Insert into "OFFICE24"."BOOKING" (NO,OFFICE_NO,MEMBER_NO,NAME,PHONE,PRICE,PAYMENT,START_DATE,END_DATE,REG_DATE) values (224,1,1,'이석진','01077582132',1337835,'kakao-pay',to_timestamp('09/12/24','DD/MM/RR HH24:MI:SSXFF'),to_timestamp('10/12/24','DD/MM/RR HH24:MI:SSXFF'),to_timestamp('15/08/24','DD/MM/RR HH24:MI:SSXFF'));
Insert into "OFFICE24"."BOOKING" (NO,OFFICE_NO,MEMBER_NO,NAME,PHONE,PRICE,PAYMENT,START_DATE,END_DATE,REG_DATE) values (225,1,1,'이석진','01077582132',2675670,'kakao-pay',to_timestamp('24/12/24','DD/MM/RR HH24:MI:SSXFF'),to_timestamp('26/12/24','DD/MM/RR HH24:MI:SSXFF'),to_timestamp('15/08/24','DD/MM/RR HH24:MI:SSXFF'));
Insert into "OFFICE24"."REVIEW" (NO,MEMBER_NO,OFFICE_NO,CONTENT,RATING,REG_DATE,BOOKING_NO) values (102,1,1,'깔끔하고 쾌적해요',4,to_timestamp('14/08/24','DD/MM/RR HH24:MI:SSXFF'),1);
Insert into "OFFICE24"."REVIEW" (NO,MEMBER_NO,OFFICE_NO,CONTENT,RATING,REG_DATE,BOOKING_NO) values (103,25,1,'깔끔하고 쾌적해요',4,to_timestamp('14/08/24','DD/MM/RR HH24:MI:SSXFF'),1);
Insert into "OFFICE24"."REVIEW" (NO,MEMBER_NO,OFFICE_NO,CONTENT,RATING,REG_DATE,BOOKING_NO) values (261,5,76,'접근성이 좋고 쾌적해요.',2,to_timestamp('15/08/24','DD/MM/RR HH24:MI:SSXFF'),11);
Insert into "OFFICE24"."REVIEW" (NO,MEMBER_NO,OFFICE_NO,CONTENT,RATING,REG_DATE,BOOKING_NO) values (262,5,76,'접근성이 좋고 쾌적해요.',2,to_timestamp('15/08/24','DD/MM/RR HH24:MI:SSXFF'),11);
Insert into "OFFICE24"."REVIEW" (NO,MEMBER_NO,OFFICE_NO,CONTENT,RATING,REG_DATE,BOOKING_NO) values (263,5,81,'접근성이 좋고 쾌적해요.',2,to_timestamp('15/08/24','DD/MM/RR HH24:MI:SSXFF'),11);
Insert into "OFFICE24"."REVIEW" (NO,MEMBER_NO,OFFICE_NO,CONTENT,RATING,REG_DATE,BOOKING_NO) values (264,5,81,'접근성이 좋고 쾌적해요.',4,to_timestamp('15/08/24','DD/MM/RR HH24:MI:SSXFF'),11);
Insert into "OFFICE24"."REVIEW" (NO,MEMBER_NO,OFFICE_NO,CONTENT,RATING,REG_DATE,BOOKING_NO) values (265,5,81,'접근성이 좋고 쾌적해요.',4,to_timestamp('15/08/24','DD/MM/RR HH24:MI:SSXFF'),11);
Insert into "OFFICE24"."REVIEW" (NO,MEMBER_NO,OFFICE_NO,CONTENT,RATING,REG_DATE,BOOKING_NO) values (266,5,81,'접근성이 좋고 쾌적해요.',4,to_timestamp('15/08/24','DD/MM/RR HH24:MI:SSXFF'),11);
Insert into "OFFICE24"."REVIEW" (NO,MEMBER_NO,OFFICE_NO,CONTENT,RATING,REG_DATE,BOOKING_NO) values (267,5,81,'접근성이 좋고 쾌적해요.',4,to_timestamp('15/08/24','DD/MM/RR HH24:MI:SSXFF'),11);
Insert into "OFFICE24"."REVIEW" (NO,MEMBER_NO,OFFICE_NO,CONTENT,RATING,REG_DATE,BOOKING_NO) values (268,5,81,'접근성이 좋고 쾌적해요.',4,to_timestamp('15/08/24','DD/MM/RR HH24:MI:SSXFF'),11);
Insert into "OFFICE24"."REVIEW" (NO,MEMBER_NO,OFFICE_NO,CONTENT,RATING,REG_DATE,BOOKING_NO) values (269,5,81,'접근성이 좋고 쾌적해요.',5,to_timestamp('15/08/24','DD/MM/RR HH24:MI:SSXFF'),11);
Insert into "OFFICE24"."REVIEW" (NO,MEMBER_NO,OFFICE_NO,CONTENT,RATING,REG_DATE,BOOKING_NO) values (270,5,84,'접근성이 좋고 쾌적해요.',5,to_timestamp('15/08/24','DD/MM/RR HH24:MI:SSXFF'),11);
Insert into "OFFICE24"."REVIEW" (NO,MEMBER_NO,OFFICE_NO,CONTENT,RATING,REG_DATE,BOOKING_NO) values (271,5,84,'접근성이 좋고 쾌적해요.',5,to_timestamp('15/08/24','DD/MM/RR HH24:MI:SSXFF'),11);
Insert into "OFFICE24"."REVIEW" (NO,MEMBER_NO,OFFICE_NO,CONTENT,RATING,REG_DATE,BOOKING_NO) values (272,5,84,'접근성이 좋고 쾌적해요.',5,to_timestamp('15/08/24','DD/MM/RR HH24:MI:SSXFF'),11);
Insert into "OFFICE24"."REVIEW" (NO,MEMBER_NO,OFFICE_NO,CONTENT,RATING,REG_DATE,BOOKING_NO) values (273,5,84,'접근성이 좋고 쾌적해요.',4,to_timestamp('15/08/24','DD/MM/RR HH24:MI:SSXFF'),11);
Insert into "OFFICE24"."REVIEW" (NO,MEMBER_NO,OFFICE_NO,CONTENT,RATING,REG_DATE,BOOKING_NO) values (274,5,84,'접근성이 좋고 쾌적해요.',4,to_timestamp('15/08/24','DD/MM/RR HH24:MI:SSXFF'),11);
Insert into "OFFICE24"."REVIEW" (NO,MEMBER_NO,OFFICE_NO,CONTENT,RATING,REG_DATE,BOOKING_NO) values (275,5,85,'접근성이 좋고 쾌적해요.',4,to_timestamp('15/08/24','DD/MM/RR HH24:MI:SSXFF'),11);
Insert into "OFFICE24"."REVIEW" (NO,MEMBER_NO,OFFICE_NO,CONTENT,RATING,REG_DATE,BOOKING_NO) values (276,5,85,'접근성이 좋고 쾌적해요.',4,to_timestamp('15/08/24','DD/MM/RR HH24:MI:SSXFF'),11);
Insert into "OFFICE24"."REVIEW" (NO,MEMBER_NO,OFFICE_NO,CONTENT,RATING,REG_DATE,BOOKING_NO) values (277,5,85,'접근성이 좋고 쾌적해요.',4,to_timestamp('15/08/24','DD/MM/RR HH24:MI:SSXFF'),11);
Insert into "OFFICE24"."REVIEW" (NO,MEMBER_NO,OFFICE_NO,CONTENT,RATING,REG_DATE,BOOKING_NO) values (278,5,85,'접근성이 좋고 쾌적해요.',4,to_timestamp('15/08/24','DD/MM/RR HH24:MI:SSXFF'),11);
Insert into "OFFICE24"."REVIEW" (NO,MEMBER_NO,OFFICE_NO,CONTENT,RATING,REG_DATE,BOOKING_NO) values (279,5,85,'접근성이 좋고 쾌적해요.',3,to_timestamp('15/08/24','DD/MM/RR HH24:MI:SSXFF'),11);
Insert into "OFFICE24"."REVIEW" (NO,MEMBER_NO,OFFICE_NO,CONTENT,RATING,REG_DATE,BOOKING_NO) values (280,5,91,'접근성이 좋고 쾌적해요.',3,to_timestamp('15/08/24','DD/MM/RR HH24:MI:SSXFF'),11);
Insert into "OFFICE24"."REVIEW" (NO,MEMBER_NO,OFFICE_NO,CONTENT,RATING,REG_DATE,BOOKING_NO) values (281,5,91,'접근성이 좋고 쾌적해요.',3,to_timestamp('15/08/24','DD/MM/RR HH24:MI:SSXFF'),11);
Insert into "OFFICE24"."REVIEW" (NO,MEMBER_NO,OFFICE_NO,CONTENT,RATING,REG_DATE,BOOKING_NO) values (282,5,91,'접근성이 좋고 쾌적해요.',5,to_timestamp('15/08/24','DD/MM/RR HH24:MI:SSXFF'),11);
Insert into "OFFICE24"."REVIEW" (NO,MEMBER_NO,OFFICE_NO,CONTENT,RATING,REG_DATE,BOOKING_NO) values (283,5,91,'접근성이 좋고 쾌적해요.',5,to_timestamp('15/08/24','DD/MM/RR HH24:MI:SSXFF'),11);
Insert into "OFFICE24"."REVIEW" (NO,MEMBER_NO,OFFICE_NO,CONTENT,RATING,REG_DATE,BOOKING_NO) values (284,5,91,'접근성이 좋고 쾌적해요.',5,to_timestamp('15/08/24','DD/MM/RR HH24:MI:SSXFF'),11);
Insert into "OFFICE24"."REVIEW" (NO,MEMBER_NO,OFFICE_NO,CONTENT,RATING,REG_DATE,BOOKING_NO) values (285,5,91,'접근성이 좋고 쾌적해요.',5,to_timestamp('15/08/24','DD/MM/RR HH24:MI:SSXFF'),11);
Insert into "OFFICE24"."REVIEW" (NO,MEMBER_NO,OFFICE_NO,CONTENT,RATING,REG_DATE,BOOKING_NO) values (286,5,91,'접근성이 좋고 쾌적해요.',4,to_timestamp('15/08/24','DD/MM/RR HH24:MI:SSXFF'),11);
Insert into "OFFICE24"."REVIEW" (NO,MEMBER_NO,OFFICE_NO,CONTENT,RATING,REG_DATE,BOOKING_NO) values (287,5,98,'접근성이 좋고 쾌적해요.',4,to_timestamp('15/08/24','DD/MM/RR HH24:MI:SSXFF'),11);
Insert into "OFFICE24"."REVIEW" (NO,MEMBER_NO,OFFICE_NO,CONTENT,RATING,REG_DATE,BOOKING_NO) values (288,5,98,'접근성이 좋고 쾌적해요.',4,to_timestamp('15/08/24','DD/MM/RR HH24:MI:SSXFF'),11);
Insert into "OFFICE24"."REVIEW" (NO,MEMBER_NO,OFFICE_NO,CONTENT,RATING,REG_DATE,BOOKING_NO) values (289,5,98,'접근성이 좋고 쾌적해요.',4,to_timestamp('15/08/24','DD/MM/RR HH24:MI:SSXFF'),11);
Insert into "OFFICE24"."REVIEW" (NO,MEMBER_NO,OFFICE_NO,CONTENT,RATING,REG_DATE,BOOKING_NO) values (290,5,98,'접근성이 좋고 쾌적해요.',4,to_timestamp('15/08/24','DD/MM/RR HH24:MI:SSXFF'),11);
Insert into "OFFICE24"."REVIEW" (NO,MEMBER_NO,OFFICE_NO,CONTENT,RATING,REG_DATE,BOOKING_NO) values (291,5,98,'접근성이 좋고 쾌적해요.',3,to_timestamp('15/08/24','DD/MM/RR HH24:MI:SSXFF'),11);
Insert into "OFFICE24"."REVIEW" (NO,MEMBER_NO,OFFICE_NO,CONTENT,RATING,REG_DATE,BOOKING_NO) values (292,5,98,'접근성이 좋고 쾌적해요.',3,to_timestamp('15/08/24','DD/MM/RR HH24:MI:SSXFF'),11);
Insert into "OFFICE24"."REVIEW" (NO,MEMBER_NO,OFFICE_NO,CONTENT,RATING,REG_DATE,BOOKING_NO) values (293,5,98,'접근성이 좋고 쾌적해요.',3,to_timestamp('15/08/24','DD/MM/RR HH24:MI:SSXFF'),11);
Insert into "OFFICE24"."REVIEW" (NO,MEMBER_NO,OFFICE_NO,CONTENT,RATING,REG_DATE,BOOKING_NO) values (294,5,98,'접근성이 좋고 쾌적해요.',3,to_timestamp('15/08/24','DD/MM/RR HH24:MI:SSXFF'),11);
Insert into "OFFICE24"."REVIEW" (NO,MEMBER_NO,OFFICE_NO,CONTENT,RATING,REG_DATE,BOOKING_NO) values (295,5,98,'접근성이 좋고 쾌적해요.',3,to_timestamp('15/08/24','DD/MM/RR HH24:MI:SSXFF'),11);
Insert into "OFFICE24"."REVIEW" (NO,MEMBER_NO,OFFICE_NO,CONTENT,RATING,REG_DATE,BOOKING_NO) values (296,5,111,'접근성이 좋고 쾌적해요.',3,to_timestamp('15/08/24','DD/MM/RR HH24:MI:SSXFF'),11);
Insert into "OFFICE24"."REVIEW" (NO,MEMBER_NO,OFFICE_NO,CONTENT,RATING,REG_DATE,BOOKING_NO) values (297,5,111,'접근성이 좋고 쾌적해요.',3,to_timestamp('15/08/24','DD/MM/RR HH24:MI:SSXFF'),11);
Insert into "OFFICE24"."REVIEW" (NO,MEMBER_NO,OFFICE_NO,CONTENT,RATING,REG_DATE,BOOKING_NO) values (298,5,111,'접근성이 좋고 쾌적해요.',5,to_timestamp('15/08/24','DD/MM/RR HH24:MI:SSXFF'),11);
Insert into "OFFICE24"."REVIEW" (NO,MEMBER_NO,OFFICE_NO,CONTENT,RATING,REG_DATE,BOOKING_NO) values (299,5,111,'접근성이 좋고 쾌적해요.',5,to_timestamp('15/08/24','DD/MM/RR HH24:MI:SSXFF'),11);
Insert into "OFFICE24"."REVIEW" (NO,MEMBER_NO,OFFICE_NO,CONTENT,RATING,REG_DATE,BOOKING_NO) values (300,5,111,'접근성이 좋고 쾌적해요.',5,to_timestamp('15/08/24','DD/MM/RR HH24:MI:SSXFF'),11);
Insert into "OFFICE24"."REVIEW" (NO,MEMBER_NO,OFFICE_NO,CONTENT,RATING,REG_DATE,BOOKING_NO) values (301,5,115,'접근성이 좋고 쾌적해요.',5,to_timestamp('15/08/24','DD/MM/RR HH24:MI:SSXFF'),11);
Insert into "OFFICE24"."REVIEW" (NO,MEMBER_NO,OFFICE_NO,CONTENT,RATING,REG_DATE,BOOKING_NO) values (302,5,115,'접근성이 좋고 쾌적해요.',5,to_timestamp('15/08/24','DD/MM/RR HH24:MI:SSXFF'),11);
Insert into "OFFICE24"."REVIEW" (NO,MEMBER_NO,OFFICE_NO,CONTENT,RATING,REG_DATE,BOOKING_NO) values (303,5,115,'접근성이 좋고 쾌적해요.',4,to_timestamp('15/08/24','DD/MM/RR HH24:MI:SSXFF'),11);
Insert into "OFFICE24"."REVIEW" (NO,MEMBER_NO,OFFICE_NO,CONTENT,RATING,REG_DATE,BOOKING_NO) values (304,5,115,'접근성이 좋고 쾌적해요.',4,to_timestamp('15/08/24','DD/MM/RR HH24:MI:SSXFF'),11);
Insert into "OFFICE24"."REVIEW" (NO,MEMBER_NO,OFFICE_NO,CONTENT,RATING,REG_DATE,BOOKING_NO) values (305,5,115,'접근성이 좋고 쾌적해요.',4,to_timestamp('15/08/24','DD/MM/RR HH24:MI:SSXFF'),11);
Insert into "OFFICE24"."REVIEW" (NO,MEMBER_NO,OFFICE_NO,CONTENT,RATING,REG_DATE,BOOKING_NO) values (306,5,115,'접근성이 좋고 쾌적해요.',4,to_timestamp('15/08/24','DD/MM/RR HH24:MI:SSXFF'),11);
Insert into "OFFICE24"."REVIEW" (NO,MEMBER_NO,OFFICE_NO,CONTENT,RATING,REG_DATE,BOOKING_NO) values (307,5,115,'접근성이 좋고 쾌적해요.',4,to_timestamp('15/08/24','DD/MM/RR HH24:MI:SSXFF'),11);
Insert into "OFFICE24"."REVIEW" (NO,MEMBER_NO,OFFICE_NO,CONTENT,RATING,REG_DATE,BOOKING_NO) values (308,5,115,'접근성이 좋고 쾌적해요.',3,to_timestamp('15/08/24','DD/MM/RR HH24:MI:SSXFF'),11);
Insert into "OFFICE24"."REVIEW" (NO,MEMBER_NO,OFFICE_NO,CONTENT,RATING,REG_DATE,BOOKING_NO) values (309,5,115,'접근성이 좋고 쾌적해요.',3,to_timestamp('15/08/24','DD/MM/RR HH24:MI:SSXFF'),11);
Insert into "OFFICE24"."REVIEW" (NO,MEMBER_NO,OFFICE_NO,CONTENT,RATING,REG_DATE,BOOKING_NO) values (310,5,115,'접근성이 좋고 쾌적해요.',3,to_timestamp('15/08/24','DD/MM/RR HH24:MI:SSXFF'),11);
Insert into "OFFICE24"."REVIEW" (NO,MEMBER_NO,OFFICE_NO,CONTENT,RATING,REG_DATE,BOOKING_NO) values (311,5,115,'접근성이 좋고 쾌적해요.',1,to_timestamp('15/08/24','DD/MM/RR HH24:MI:SSXFF'),11);
Insert into "OFFICE24"."REVIEW" (NO,MEMBER_NO,OFFICE_NO,CONTENT,RATING,REG_DATE,BOOKING_NO) values (312,5,115,'접근성이 좋고 쾌적해요.',1,to_timestamp('15/08/24','DD/MM/RR HH24:MI:SSXFF'),11);
Insert into "OFFICE24"."REVIEW" (NO,MEMBER_NO,OFFICE_NO,CONTENT,RATING,REG_DATE,BOOKING_NO) values (104,26,1,'깔끔하고 쾌적해요',4,to_timestamp('14/08/24','DD/MM/RR HH24:MI:SSXFF'),1);
Insert into "OFFICE24"."REVIEW" (NO,MEMBER_NO,OFFICE_NO,CONTENT,RATING,REG_DATE,BOOKING_NO) values (105,27,1,'아주 좋아요',5,to_timestamp('14/08/24','DD/MM/RR HH24:MI:SSXFF'),6);
Insert into "OFFICE24"."REVIEW" (NO,MEMBER_NO,OFFICE_NO,CONTENT,RATING,REG_DATE,BOOKING_NO) values (106,23,1,'쾌적하고 좋습니다.',2,to_timestamp('15/08/24','DD/MM/RR HH24:MI:SSXFF'),11);
Insert into "OFFICE24"."REVIEW" (NO,MEMBER_NO,OFFICE_NO,CONTENT,RATING,REG_DATE,BOOKING_NO) values (107,14,1,'너무 좋아요. 또 이용할게요.',4,to_timestamp('15/08/24','DD/MM/RR HH24:MI:SSXFF'),11);
Insert into "OFFICE24"."REVIEW" (NO,MEMBER_NO,OFFICE_NO,CONTENT,RATING,REG_DATE,BOOKING_NO) values (108,16,1,'넓고 쾌적한 공간 덕분에 일하는 내내 편안했어요.',2,to_timestamp('15/08/24','DD/MM/RR HH24:MI:SSXFF'),11);
Insert into "OFFICE24"."REVIEW" (NO,MEMBER_NO,OFFICE_NO,CONTENT,RATING,REG_DATE,BOOKING_NO) values (109,17,1,'교통이 편리해서 출퇴근이 정말 수월합니다.',3,to_timestamp('15/08/24','DD/MM/RR HH24:MI:SSXFF'),11);
Insert into "OFFICE24"."REVIEW" (NO,MEMBER_NO,OFFICE_NO,CONTENT,RATING,REG_DATE,BOOKING_NO) values (110,18,1,'공용 공간이 잘 되어 있어 협업이 훨씬 수월해졌어요.',3,to_timestamp('15/08/24','DD/MM/RR HH24:MI:SSXFF'),11);
Insert into "OFFICE24"."REVIEW" (NO,MEMBER_NO,OFFICE_NO,CONTENT,RATING,REG_DATE,BOOKING_NO) values (111,19,1,'인테리어가 세련되어 업무 효율이 높아진 것 같아요.',3,to_timestamp('15/08/24','DD/MM/RR HH24:MI:SSXFF'),11);
Insert into "OFFICE24"."REVIEW" (NO,MEMBER_NO,OFFICE_NO,CONTENT,RATING,REG_DATE,BOOKING_NO) values (112,20,1,'다양한 회의실이 있어 회의 일정 잡기가 편리합니다.',4,to_timestamp('15/08/24','DD/MM/RR HH24:MI:SSXFF'),11);
Insert into "OFFICE24"."REVIEW" (NO,MEMBER_NO,OFFICE_NO,CONTENT,RATING,REG_DATE,BOOKING_NO) values (113,21,1,'위치가 좋아 주변에 맛집과 편의시설이 많아요.',4,to_timestamp('15/08/24','DD/MM/RR HH24:MI:SSXFF'),11);
Insert into "OFFICE24"."REVIEW" (NO,MEMBER_NO,OFFICE_NO,CONTENT,RATING,REG_DATE,BOOKING_NO) values (114,22,1,'Review content for office 9',5,to_timestamp('15/08/24','DD/MM/RR HH24:MI:SSXFF'),11);
Insert into "OFFICE24"."REVIEW" (NO,MEMBER_NO,OFFICE_NO,CONTENT,RATING,REG_DATE,BOOKING_NO) values (115,11,1,'Review content for office 10',0,to_timestamp('15/08/24','DD/MM/RR HH24:MI:SSXFF'),11);
Insert into "OFFICE24"."REVIEW" (NO,MEMBER_NO,OFFICE_NO,CONTENT,RATING,REG_DATE,BOOKING_NO) values (116,11,1,'Review content for office 11',1,to_timestamp('15/08/24','DD/MM/RR HH24:MI:SSXFF'),11);
Insert into "OFFICE24"."REVIEW" (NO,MEMBER_NO,OFFICE_NO,CONTENT,RATING,REG_DATE,BOOKING_NO) values (117,12,1,'Review content for office 12',1,to_timestamp('15/08/24','DD/MM/RR HH24:MI:SSXFF'),11);
Insert into "OFFICE24"."REVIEW" (NO,MEMBER_NO,OFFICE_NO,CONTENT,RATING,REG_DATE,BOOKING_NO) values (118,11,1,'Review content for office 13',0,to_timestamp('15/08/24','DD/MM/RR HH24:MI:SSXFF'),11);
Insert into "OFFICE24"."REVIEW" (NO,MEMBER_NO,OFFICE_NO,CONTENT,RATING,REG_DATE,BOOKING_NO) values (119,11,1,'Review content for office 14',0,to_timestamp('15/08/24','DD/MM/RR HH24:MI:SSXFF'),11);
Insert into "OFFICE24"."REVIEW" (NO,MEMBER_NO,OFFICE_NO,CONTENT,RATING,REG_DATE,BOOKING_NO) values (120,11,1,'Review content for office 15',0,to_timestamp('15/08/24','DD/MM/RR HH24:MI:SSXFF'),11);
Insert into "OFFICE24"."REVIEW" (NO,MEMBER_NO,OFFICE_NO,CONTENT,RATING,REG_DATE,BOOKING_NO) values (121,11,1,'Review content for office 16',1,to_timestamp('15/08/24','DD/MM/RR HH24:MI:SSXFF'),11);
Insert into "OFFICE24"."REVIEW" (NO,MEMBER_NO,OFFICE_NO,CONTENT,RATING,REG_DATE,BOOKING_NO) values (122,11,1,'Review content for office 17',4,to_timestamp('15/08/24','DD/MM/RR HH24:MI:SSXFF'),11);
Insert into "OFFICE24"."REVIEW" (NO,MEMBER_NO,OFFICE_NO,CONTENT,RATING,REG_DATE,BOOKING_NO) values (123,11,1,'Review content for office 18',4,to_timestamp('15/08/24','DD/MM/RR HH24:MI:SSXFF'),11);
Insert into "OFFICE24"."REVIEW" (NO,MEMBER_NO,OFFICE_NO,CONTENT,RATING,REG_DATE,BOOKING_NO) values (124,11,1,'Review content for office 19',4,to_timestamp('15/08/24','DD/MM/RR HH24:MI:SSXFF'),11);
Insert into "OFFICE24"."REVIEW" (NO,MEMBER_NO,OFFICE_NO,CONTENT,RATING,REG_DATE,BOOKING_NO) values (125,11,1,'Review content for office 20',2,to_timestamp('15/08/24','DD/MM/RR HH24:MI:SSXFF'),11);
Insert into "OFFICE24"."REVIEW" (NO,MEMBER_NO,OFFICE_NO,CONTENT,RATING,REG_DATE,BOOKING_NO) values (101,101,29,'환경이 매우 쾌적하여 업무에 집중하기 좋습니다.',5,to_timestamp('14/08/24','DD/MM/RR HH24:MI:SSXFF'),1);
Insert into "OFFICE24"."REVIEW" (NO,MEMBER_NO,OFFICE_NO,CONTENT,RATING,REG_DATE,BOOKING_NO) values (129,5,2,'접근성이 좋고 쾌적해요.',3,to_timestamp('15/08/24','DD/MM/RR HH24:MI:SSXFF'),200);
Insert into "OFFICE24"."REVIEW" (NO,MEMBER_NO,OFFICE_NO,CONTENT,RATING,REG_DATE,BOOKING_NO) values (130,5,2,'접근성이 좋고 쾌적해요.',4,to_timestamp('15/08/24','DD/MM/RR HH24:MI:SSXFF'),201);
Insert into "OFFICE24"."REVIEW" (NO,MEMBER_NO,OFFICE_NO,CONTENT,RATING,REG_DATE,BOOKING_NO) values (131,5,5,'접근성이 좋고 쾌적해요.',4,to_timestamp('15/08/24','DD/MM/RR HH24:MI:SSXFF'),202);
Insert into "OFFICE24"."REVIEW" (NO,MEMBER_NO,OFFICE_NO,CONTENT,RATING,REG_DATE,BOOKING_NO) values (132,5,5,'접근성이 좋고 쾌적해요.',5,to_timestamp('15/08/24','DD/MM/RR HH24:MI:SSXFF'),203);
Insert into "OFFICE24"."REVIEW" (NO,MEMBER_NO,OFFICE_NO,CONTENT,RATING,REG_DATE,BOOKING_NO) values (133,5,7,'접근성이 좋고 쾌적해요.',5,to_timestamp('15/08/24','DD/MM/RR HH24:MI:SSXFF'),204);
Insert into "OFFICE24"."REVIEW" (NO,MEMBER_NO,OFFICE_NO,CONTENT,RATING,REG_DATE,BOOKING_NO) values (134,5,7,'접근성이 좋고 쾌적해요.',3,to_timestamp('15/08/24','DD/MM/RR HH24:MI:SSXFF'),205);
Insert into "OFFICE24"."REVIEW" (NO,MEMBER_NO,OFFICE_NO,CONTENT,RATING,REG_DATE,BOOKING_NO) values (135,5,8,'접근성이 좋고 쾌적해요.',3,to_timestamp('15/08/24','DD/MM/RR HH24:MI:SSXFF'),206);
Insert into "OFFICE24"."REVIEW" (NO,MEMBER_NO,OFFICE_NO,CONTENT,RATING,REG_DATE,BOOKING_NO) values (136,5,8,'접근성이 좋고 쾌적해요.',4,to_timestamp('15/08/24','DD/MM/RR HH24:MI:SSXFF'),207);
Insert into "OFFICE24"."REVIEW" (NO,MEMBER_NO,OFFICE_NO,CONTENT,RATING,REG_DATE,BOOKING_NO) values (137,5,12,'접근성이 좋고 쾌적해요.',4,to_timestamp('15/08/24','DD/MM/RR HH24:MI:SSXFF'),208);
Insert into "OFFICE24"."REVIEW" (NO,MEMBER_NO,OFFICE_NO,CONTENT,RATING,REG_DATE,BOOKING_NO) values (138,5,12,'접근성이 좋고 쾌적해요.',4,to_timestamp('15/08/24','DD/MM/RR HH24:MI:SSXFF'),209);
Insert into "OFFICE24"."REVIEW" (NO,MEMBER_NO,OFFICE_NO,CONTENT,RATING,REG_DATE,BOOKING_NO) values (139,5,12,'접근성이 좋고 쾌적해요.',3,to_timestamp('15/08/24','DD/MM/RR HH24:MI:SSXFF'),210);
Insert into "OFFICE24"."REVIEW" (NO,MEMBER_NO,OFFICE_NO,CONTENT,RATING,REG_DATE,BOOKING_NO) values (13,1,1,'해당 오피스는 교통이 편리한 위치에 자리하고 있어 출퇴근이 매우 편리합니다.',5,to_timestamp('08/08/24','DD/MM/RR HH24:MI:SSXFF'),1);
Insert into "OFFICE24"."REVIEW" (NO,MEMBER_NO,OFFICE_NO,CONTENT,RATING,REG_DATE,BOOKING_NO) values (143,5,18,'접근성이 좋고 쾌적해요.',5,to_timestamp('15/08/24','DD/MM/RR HH24:MI:SSXFF'),212);
Insert into "OFFICE24"."REVIEW" (NO,MEMBER_NO,OFFICE_NO,CONTENT,RATING,REG_DATE,BOOKING_NO) values (144,5,18,'접근성이 좋고 쾌적해요.',5,to_timestamp('15/08/24','DD/MM/RR HH24:MI:SSXFF'),213);
Insert into "OFFICE24"."REVIEW" (NO,MEMBER_NO,OFFICE_NO,CONTENT,RATING,REG_DATE,BOOKING_NO) values (16,1,1,'해당 오피스는 사무실 분위기가 차분하고 조용해 집중해서 일할 수 있습니다. ',3,to_timestamp('08/08/24','DD/MM/RR HH24:MI:SSXFF'),1);
Insert into "OFFICE24"."REVIEW" (NO,MEMBER_NO,OFFICE_NO,CONTENT,RATING,REG_DATE,BOOKING_NO) values (17,1,1,'해당 오피스는 최신 시설이 잘 갖춰져 있어 업무 효율이 높아집니다. ',3,to_timestamp('08/08/24','DD/MM/RR HH24:MI:SSXFF'),1);
Insert into "OFFICE24"."REVIEW" (NO,MEMBER_NO,OFFICE_NO,CONTENT,RATING,REG_DATE,BOOKING_NO) values (18,1,1,'해당 오피스는 공간이 넓고, 사무실 구조가 효율적으로 설계되어 있어 팀 작업에 매우 적합합니다.',4,to_timestamp('08/08/24','DD/MM/RR HH24:MI:SSXFF'),1);
Insert into "OFFICE24"."REVIEW" (NO,MEMBER_NO,OFFICE_NO,CONTENT,RATING,REG_DATE,BOOKING_NO) values (19,1,1,'해당 오피스는 최신 시설이 잘 갖춰져 있어 업무 효율이 높아집니다.',4,to_timestamp('08/08/24','DD/MM/RR HH24:MI:SSXFF'),1);
Insert into "OFFICE24"."REVIEW" (NO,MEMBER_NO,OFFICE_NO,CONTENT,RATING,REG_DATE,BOOKING_NO) values (20,1,1,'해당 오피스는 관리비가 다소 높은 편이지만, 그만큼 깨끗하고 쾌적한 환경을 유지하고 있습니다.',5,to_timestamp('08/08/24','DD/MM/RR HH24:MI:SSXFF'),1);
Insert into "OFFICE24"."REVIEW" (NO,MEMBER_NO,OFFICE_NO,CONTENT,RATING,REG_DATE,BOOKING_NO) values (21,1,1,'해당 오피스에서 일하는 동안 가장 만족스러웠던 점은 사무실의 조용한 분위기와 편리한 교통입니다.',3,to_timestamp('08/08/24','DD/MM/RR HH24:MI:SSXFF'),1);
Insert into "OFFICE24"."REVIEW" (NO,MEMBER_NO,OFFICE_NO,CONTENT,RATING,REG_DATE,BOOKING_NO) values (22,1,1,'해당 오피스는 자연광이 잘 들어와서 사무실 환경이 밝고 상쾌합니다. ',5,to_timestamp('08/08/24','DD/MM/RR HH24:MI:SSXFF'),1);
Insert into "OFFICE24"."REVIEW" (NO,MEMBER_NO,OFFICE_NO,CONTENT,RATING,REG_DATE,BOOKING_NO) values (23,1,1,'해당 오피스는 회의실과 공용 공간이 잘 마련되어 있어 협업하기에 아주 좋습니다.',5,to_timestamp('08/08/24','DD/MM/RR HH24:MI:SSXFF'),1);
Insert into "OFFICE24"."REVIEW" (NO,MEMBER_NO,OFFICE_NO,CONTENT,RATING,REG_DATE,BOOKING_NO) values (24,1,1,'해당 오피스에서 일하는 동안 가장 만족스러웠던 점은 사무실의 조용한 분위기와 편리한 교통입니다.',3,to_timestamp('08/08/24','DD/MM/RR HH24:MI:SSXFF'),1);
Insert into "OFFICE24"."REVIEW" (NO,MEMBER_NO,OFFICE_NO,CONTENT,RATING,REG_DATE,BOOKING_NO) values (25,1,1,'해당 오피스는 자연광이 잘 들어와서 사무실 환경이 밝고 상쾌합니다. 덕분에 업무 집중도가 높아집니다.',4,to_timestamp('08/08/24','DD/MM/RR HH24:MI:SSXFF'),1);
Insert into "OFFICE24"."REVIEW" (NO,MEMBER_NO,OFFICE_NO,CONTENT,RATING,REG_DATE,BOOKING_NO) values (145,5,18,'접근성이 좋고 쾌적해요.',4,to_timestamp('15/08/24','DD/MM/RR HH24:MI:SSXFF'),214);
Insert into "OFFICE24"."REVIEW" (NO,MEMBER_NO,OFFICE_NO,CONTENT,RATING,REG_DATE,BOOKING_NO) values (27,1,1,'해당 오피스는 공간이 넓고, 사무실 구조가 효율적으로 설계되어 있어 팀 작업에 매우 적합합니다.',2,to_timestamp('08/08/24','DD/MM/RR HH24:MI:SSXFF'),1);
Insert into "OFFICE24"."REVIEW" (NO,MEMBER_NO,OFFICE_NO,CONTENT,RATING,REG_DATE,BOOKING_NO) values (28,1,1,'해당 오피스의 가장 큰 장점은 청결과 관리 상태입니다.',3,to_timestamp('08/08/24','DD/MM/RR HH24:MI:SSXFF'),1);
Insert into "OFFICE24"."REVIEW" (NO,MEMBER_NO,OFFICE_NO,CONTENT,RATING,REG_DATE,BOOKING_NO) values (146,5,23,'접근성이 좋고 쾌적해요.',4,to_timestamp('15/08/24','DD/MM/RR HH24:MI:SSXFF'),215);
Insert into "OFFICE24"."REVIEW" (NO,MEMBER_NO,OFFICE_NO,CONTENT,RATING,REG_DATE,BOOKING_NO) values (30,1,1,'해당 오피스는 최신 시설이 잘 갖춰져 있어 업무 효율이 높아집니다. 특히 인터넷 속도가 빠르고 안정적입니다.',4,to_timestamp('08/08/24','DD/MM/RR HH24:MI:SSXFF'),1);
Insert into "OFFICE24"."REVIEW" (NO,MEMBER_NO,OFFICE_NO,CONTENT,RATING,REG_DATE,BOOKING_NO) values (31,1,1,'해당 오피스는 주변에 다양한 편의시설이 있어 근무 환경이 매우 편리합니다.',3,to_timestamp('08/08/24','DD/MM/RR HH24:MI:SSXFF'),1);
Insert into "OFFICE24"."REVIEW" (NO,MEMBER_NO,OFFICE_NO,CONTENT,RATING,REG_DATE,BOOKING_NO) values (32,1,1,'해당 오피스는 주변에 다양한 편의시설이 있어 근무 환경이 매우 편리합니다.',4,to_timestamp('08/08/24','DD/MM/RR HH24:MI:SSXFF'),1);
Insert into "OFFICE24"."REVIEW" (NO,MEMBER_NO,OFFICE_NO,CONTENT,RATING,REG_DATE,BOOKING_NO) values (33,1,1,'해당 오피스는 보안이 철저하여 안심하고 일할 수 있는 환경입니다.',5,to_timestamp('08/08/24','DD/MM/RR HH24:MI:SSXFF'),1);
Insert into "OFFICE24"."REVIEW" (NO,MEMBER_NO,OFFICE_NO,CONTENT,RATING,REG_DATE,BOOKING_NO) values (34,1,1,'해당 오피스는 최신 가구로 잘 갖춰져 있어 업무 효율이 높아집니다.',3,to_timestamp('08/08/24','DD/MM/RR HH24:MI:SSXFF'),1);
Insert into "OFFICE24"."REVIEW" (NO,MEMBER_NO,OFFICE_NO,CONTENT,RATING,REG_DATE,BOOKING_NO) values (35,1,1,'해당 오피스는 냉난방 시스템이 잘 되어 있어 계절에 관계없이 쾌적합니다.',3,to_timestamp('08/08/24','DD/MM/RR HH24:MI:SSXFF'),1);
Insert into "OFFICE24"."REVIEW" (NO,MEMBER_NO,OFFICE_NO,CONTENT,RATING,REG_DATE,BOOKING_NO) values (36,1,1,'해당 오피스는 공용 주방이 잘 마련되어 있어 간편하게 식사를 해결할 수 있습니다.',5,to_timestamp('08/08/24','DD/MM/RR HH24:MI:SSXFF'),1);
Insert into "OFFICE24"."REVIEW" (NO,MEMBER_NO,OFFICE_NO,CONTENT,RATING,REG_DATE,BOOKING_NO) values (37,1,1,'해당 오피스는 위치가 중심지에 있어 고객 미팅 시 접근성이 좋습니다.',3,to_timestamp('08/08/24','DD/MM/RR HH24:MI:SSXFF'),1);
Insert into "OFFICE24"."REVIEW" (NO,MEMBER_NO,OFFICE_NO,CONTENT,RATING,REG_DATE,BOOKING_NO) values (38,1,1,'해당 오피스는 깔끔한 화장실이 구비되어 있어 사용하기 편리합니다.',2,to_timestamp('08/08/24','DD/MM/RR HH24:MI:SSXFF'),1);
Insert into "OFFICE24"."REVIEW" (NO,MEMBER_NO,OFFICE_NO,CONTENT,RATING,REG_DATE,BOOKING_NO) values (39,1,1,'해당 오피스는 회의실 예약이 용이해 회의 진행이 수월합니다.',3,to_timestamp('08/08/24','DD/MM/RR HH24:MI:SSXFF'),1);
Insert into "OFFICE24"."REVIEW" (NO,MEMBER_NO,OFFICE_NO,CONTENT,RATING,REG_DATE,BOOKING_NO) values (40,1,1,'해당 오피스는 카페테리아가 있어 업무 중간에 잠시 휴식을 취하기 좋습니다.',5,to_timestamp('08/08/24','DD/MM/RR HH24:MI:SSXFF'),1);
Insert into "OFFICE24"."REVIEW" (NO,MEMBER_NO,OFFICE_NO,CONTENT,RATING,REG_DATE,BOOKING_NO) values (41,1,1,'해당 오피스는 관리비가 투명하게 운영되어 신뢰할 수 있습니다.',5,to_timestamp('08/08/24','DD/MM/RR HH24:MI:SSXFF'),1);
Insert into "OFFICE24"."REVIEW" (NO,MEMBER_NO,OFFICE_NO,CONTENT,RATING,REG_DATE,BOOKING_NO) values (42,1,1,'해당 오피스는 친절한 관리 인력이 있어 언제든 도움을 받을 수 있습니다.
',4,to_timestamp('08/08/24','DD/MM/RR HH24:MI:SSXFF'),1);
Insert into "OFFICE24"."REVIEW" (NO,MEMBER_NO,OFFICE_NO,CONTENT,RATING,REG_DATE,BOOKING_NO) values (43,1,1,'해당 오피스는 고속 엘리베이터가 있어 이동 시간이 절약됩니다.',4,to_timestamp('08/08/24','DD/MM/RR HH24:MI:SSXFF'),1);
Insert into "OFFICE24"."REVIEW" (NO,MEMBER_NO,OFFICE_NO,CONTENT,RATING,REG_DATE,BOOKING_NO) values (44,1,1,'해당 오피스는 쾌적한 공기질을 유지하여 건강한 근무 환경을 제공합니다.',5,to_timestamp('08/08/24','DD/MM/RR HH24:MI:SSXFF'),1);
Insert into "OFFICE24"."REVIEW" (NO,MEMBER_NO,OFFICE_NO,CONTENT,RATING,REG_DATE,BOOKING_NO) values (45,1,1,'해당 오피스는 주차 관리가 잘 되어 있어 차량 이용 시 불편함이 없습니다.',4,to_timestamp('08/08/24','DD/MM/RR HH24:MI:SSXFF'),1);
Insert into "OFFICE24"."REVIEW" (NO,MEMBER_NO,OFFICE_NO,CONTENT,RATING,REG_DATE,BOOKING_NO) values (46,1,1,'해당 오피스는 건물 내 피트니스 센터가 있어 업무 후 운동을 즐길 수 있습니다.',4,to_timestamp('08/08/24','DD/MM/RR HH24:MI:SSXFF'),1);
Insert into "OFFICE24"."REVIEW" (NO,MEMBER_NO,OFFICE_NO,CONTENT,RATING,REG_DATE,BOOKING_NO) values (47,1,1,'해당 오피스는 입주한 다른 회사들과의 네트워킹 기회가 많아 좋습니다.',4,to_timestamp('08/08/24','DD/MM/RR HH24:MI:SSXFF'),1);
Insert into "OFFICE24"."REVIEW" (NO,MEMBER_NO,OFFICE_NO,CONTENT,RATING,REG_DATE,BOOKING_NO) values (50,1,1,'해당 오피스는 인테리어가 세련되어 근무하면서도 기분이 좋습니다.',4,to_timestamp('08/08/24','DD/MM/RR HH24:MI:SSXFF'),1);
Insert into "OFFICE24"."REVIEW" (NO,MEMBER_NO,OFFICE_NO,CONTENT,RATING,REG_DATE,BOOKING_NO) values (51,1,1,'해당 오피스는 고속 엘리베이터가 있어 이동 시간이 절약됩니다.',3,to_timestamp('08/08/24','DD/MM/RR HH24:MI:SSXFF'),1);
Insert into "OFFICE24"."REVIEW" (NO,MEMBER_NO,OFFICE_NO,CONTENT,RATING,REG_DATE,BOOKING_NO) values (55,1,1,'해당 오피스는 보안이 철저하여 안심하고 일할 수 있는 환경입니다.
',3,to_timestamp('08/08/24','DD/MM/RR HH24:MI:SSXFF'),1);
Insert into "OFFICE24"."REVIEW" (NO,MEMBER_NO,OFFICE_NO,CONTENT,RATING,REG_DATE,BOOKING_NO) values (56,1,1,'해당 오피스는 냉난방 시스템이 잘 되어 있어 계절에 관계없이 쾌적합니다.',4,to_timestamp('08/08/24','DD/MM/RR HH24:MI:SSXFF'),1);
Insert into "OFFICE24"."REVIEW" (NO,MEMBER_NO,OFFICE_NO,CONTENT,RATING,REG_DATE,BOOKING_NO) values (147,5,23,'접근성이 좋고 쾌적해요.',4,to_timestamp('15/08/24','DD/MM/RR HH24:MI:SSXFF'),216);
Insert into "OFFICE24"."REVIEW" (NO,MEMBER_NO,OFFICE_NO,CONTENT,RATING,REG_DATE,BOOKING_NO) values (148,5,23,'접근성이 좋고 쾌적해요.',3,to_timestamp('15/08/24','DD/MM/RR HH24:MI:SSXFF'),217);
Insert into "OFFICE24"."REVIEW" (NO,MEMBER_NO,OFFICE_NO,CONTENT,RATING,REG_DATE,BOOKING_NO) values (149,5,23,'접근성이 좋고 쾌적해요.',3,to_timestamp('15/08/24','DD/MM/RR HH24:MI:SSXFF'),218);
Insert into "OFFICE24"."REVIEW" (NO,MEMBER_NO,OFFICE_NO,CONTENT,RATING,REG_DATE,BOOKING_NO) values (150,5,26,'접근성이 좋고 쾌적해요.',3,to_timestamp('15/08/24','DD/MM/RR HH24:MI:SSXFF'),219);
Insert into "OFFICE24"."REVIEW" (NO,MEMBER_NO,OFFICE_NO,CONTENT,RATING,REG_DATE,BOOKING_NO) values (151,5,26,'접근성이 좋고 쾌적해요.',4,to_timestamp('15/08/24','DD/MM/RR HH24:MI:SSXFF'),220);
Insert into "OFFICE24"."REVIEW" (NO,MEMBER_NO,OFFICE_NO,CONTENT,RATING,REG_DATE,BOOKING_NO) values (152,5,26,'접근성이 좋고 쾌적해요.',4,to_timestamp('15/08/24','DD/MM/RR HH24:MI:SSXFF'),221);
Insert into "OFFICE24"."REVIEW" (NO,MEMBER_NO,OFFICE_NO,CONTENT,RATING,REG_DATE,BOOKING_NO) values (153,5,27,'접근성이 좋고 쾌적해요.',4,to_timestamp('15/08/24','DD/MM/RR HH24:MI:SSXFF'),222);
Insert into "OFFICE24"."REVIEW" (NO,MEMBER_NO,OFFICE_NO,CONTENT,RATING,REG_DATE,BOOKING_NO) values (154,5,27,'접근성이 좋고 쾌적해요.',4,to_timestamp('15/08/24','DD/MM/RR HH24:MI:SSXFF'),223);
Insert into "OFFICE24"."REVIEW" (NO,MEMBER_NO,OFFICE_NO,CONTENT,RATING,REG_DATE,BOOKING_NO) values (70,1,1,'Review content for office 70',5,to_timestamp('08/08/24','DD/MM/RR HH24:MI:SSXFF'),1);
Insert into "OFFICE24"."REVIEW" (NO,MEMBER_NO,OFFICE_NO,CONTENT,RATING,REG_DATE,BOOKING_NO) values (71,1,1,'Review content for office 71',2,to_timestamp('08/08/24','DD/MM/RR HH24:MI:SSXFF'),1);
Insert into "OFFICE24"."REVIEW" (NO,MEMBER_NO,OFFICE_NO,CONTENT,RATING,REG_DATE,BOOKING_NO) values (72,1,1,'Review content for office 72',0,to_timestamp('08/08/24','DD/MM/RR HH24:MI:SSXFF'),1);
Insert into "OFFICE24"."REVIEW" (NO,MEMBER_NO,OFFICE_NO,CONTENT,RATING,REG_DATE,BOOKING_NO) values (73,1,1,'Review content for office 73',3,to_timestamp('08/08/24','DD/MM/RR HH24:MI:SSXFF'),1);
Insert into "OFFICE24"."REVIEW" (NO,MEMBER_NO,OFFICE_NO,CONTENT,RATING,REG_DATE,BOOKING_NO) values (78,1,1,'Review content for office 78',2,to_timestamp('08/08/24','DD/MM/RR HH24:MI:SSXFF'),1);
Insert into "OFFICE24"."REVIEW" (NO,MEMBER_NO,OFFICE_NO,CONTENT,RATING,REG_DATE,BOOKING_NO) values (79,1,1,'Review content for office 79',5,to_timestamp('08/08/24','DD/MM/RR HH24:MI:SSXFF'),1);
Insert into "OFFICE24"."REVIEW" (NO,MEMBER_NO,OFFICE_NO,CONTENT,RATING,REG_DATE,BOOKING_NO) values (80,1,1,'Review content for office 80',4,to_timestamp('08/08/24','DD/MM/RR HH24:MI:SSXFF'),1);
Insert into "OFFICE24"."REVIEW" (NO,MEMBER_NO,OFFICE_NO,CONTENT,RATING,REG_DATE,BOOKING_NO) values (81,1,1,'Review content for office 81',2,to_timestamp('08/08/24','DD/MM/RR HH24:MI:SSXFF'),1);
Insert into "OFFICE24"."REVIEW" (NO,MEMBER_NO,OFFICE_NO,CONTENT,RATING,REG_DATE,BOOKING_NO) values (86,1,1,'Review content for office 86',2,to_timestamp('08/08/24','DD/MM/RR HH24:MI:SSXFF'),1);
Insert into "OFFICE24"."REVIEW" (NO,MEMBER_NO,OFFICE_NO,CONTENT,RATING,REG_DATE,BOOKING_NO) values (87,1,1,'Review content for office 87',4,to_timestamp('08/08/24','DD/MM/RR HH24:MI:SSXFF'),1);
Insert into "OFFICE24"."REVIEW" (NO,MEMBER_NO,OFFICE_NO,CONTENT,RATING,REG_DATE,BOOKING_NO) values (88,1,1,'Review content for office 88',0,to_timestamp('08/08/24','DD/MM/RR HH24:MI:SSXFF'),1);
Insert into "OFFICE24"."REVIEW" (NO,MEMBER_NO,OFFICE_NO,CONTENT,RATING,REG_DATE,BOOKING_NO) values (89,1,1,'Review content for office 89',4,to_timestamp('08/08/24','DD/MM/RR HH24:MI:SSXFF'),1);
Insert into "OFFICE24"."REVIEW" (NO,MEMBER_NO,OFFICE_NO,CONTENT,RATING,REG_DATE,BOOKING_NO) values (94,1,1,'Review content for office 94',2,to_timestamp('08/08/24','DD/MM/RR HH24:MI:SSXFF'),1);
Insert into "OFFICE24"."REVIEW" (NO,MEMBER_NO,OFFICE_NO,CONTENT,RATING,REG_DATE,BOOKING_NO) values (95,1,1,'Review content for office 95',5,to_timestamp('08/08/24','DD/MM/RR HH24:MI:SSXFF'),1);
Insert into "OFFICE24"."REVIEW" (NO,MEMBER_NO,OFFICE_NO,CONTENT,RATING,REG_DATE,BOOKING_NO) values (96,1,1,'Review content for office 96',3,to_timestamp('08/08/24','DD/MM/RR HH24:MI:SSXFF'),1);
Insert into "OFFICE24"."REVIEW" (NO,MEMBER_NO,OFFICE_NO,CONTENT,RATING,REG_DATE,BOOKING_NO) values (97,1,1,'Review content for office 97',3,to_timestamp('08/08/24','DD/MM/RR HH24:MI:SSXFF'),1);
Insert into "OFFICE24"."REVIEW" (NO,MEMBER_NO,OFFICE_NO,CONTENT,RATING,REG_DATE,BOOKING_NO) values (48,1,1,'해당 오피스는 최신 IT 인프라가 잘 갖춰져 있어 업무 처리가 빠릅니다.',4,to_timestamp('08/08/24','DD/MM/RR HH24:MI:SSXFF'),1);
Insert into "OFFICE24"."REVIEW" (NO,MEMBER_NO,OFFICE_NO,CONTENT,RATING,REG_DATE,BOOKING_NO) values (49,1,1,'해당 오피스는 로비가 넓고 쾌적해 방문객들에게 좋은 인상을 줍니다.',5,to_timestamp('08/08/24','DD/MM/RR HH24:MI:SSXFF'),1);
Insert into "OFFICE24"."REVIEW" (NO,MEMBER_NO,OFFICE_NO,CONTENT,RATING,REG_DATE,BOOKING_NO) values (52,1,1,'해당 오피스는 쾌적한 공기질을 유지하여 건강한 근무 환경을 제공합니다.',4,to_timestamp('08/08/24','DD/MM/RR HH24:MI:SSXFF'),1);
Insert into "OFFICE24"."REVIEW" (NO,MEMBER_NO,OFFICE_NO,CONTENT,RATING,REG_DATE,BOOKING_NO) values (53,1,1,'해당 오피스는 최신 IT 인프라가 잘 갖춰져 있어 업무 처리가 빠릅니다.',3,to_timestamp('08/08/24','DD/MM/RR HH24:MI:SSXFF'),1);
Insert into "OFFICE24"."REVIEW" (NO,MEMBER_NO,OFFICE_NO,CONTENT,RATING,REG_DATE,BOOKING_NO) values (54,1,1,'해당 오피스는 위치가 중심지에 있어 고객 미팅 시 접근성이 좋습니다.',5,to_timestamp('08/08/24','DD/MM/RR HH24:MI:SSXFF'),1);
Insert into "OFFICE24"."REVIEW" (NO,MEMBER_NO,OFFICE_NO,CONTENT,RATING,REG_DATE,BOOKING_NO) values (57,1,1,'해당 오피스는 위치가 중심지에 있어 고객 미팅 시 접근성이 좋습니다.',5,to_timestamp('08/08/24','DD/MM/RR HH24:MI:SSXFF'),1);
Insert into "OFFICE24"."REVIEW" (NO,MEMBER_NO,OFFICE_NO,CONTENT,RATING,REG_DATE,BOOKING_NO) values (161,5,28,'접근성이 좋고 쾌적해요.',5,to_timestamp('15/08/24','DD/MM/RR HH24:MI:SSXFF'),11);
Insert into "OFFICE24"."REVIEW" (NO,MEMBER_NO,OFFICE_NO,CONTENT,RATING,REG_DATE,BOOKING_NO) values (162,5,28,'접근성이 좋고 쾌적해요.',4,to_timestamp('15/08/24','DD/MM/RR HH24:MI:SSXFF'),11);
Insert into "OFFICE24"."REVIEW" (NO,MEMBER_NO,OFFICE_NO,CONTENT,RATING,REG_DATE,BOOKING_NO) values (163,5,29,'접근성이 좋고 쾌적해요.',4,to_timestamp('15/08/24','DD/MM/RR HH24:MI:SSXFF'),11);
Insert into "OFFICE24"."REVIEW" (NO,MEMBER_NO,OFFICE_NO,CONTENT,RATING,REG_DATE,BOOKING_NO) values (164,5,29,'접근성이 좋고 쾌적해요.',3,to_timestamp('15/08/24','DD/MM/RR HH24:MI:SSXFF'),11);
Insert into "OFFICE24"."REVIEW" (NO,MEMBER_NO,OFFICE_NO,CONTENT,RATING,REG_DATE,BOOKING_NO) values (165,5,29,'접근성이 좋고 쾌적해요.',5,to_timestamp('15/08/24','DD/MM/RR HH24:MI:SSXFF'),11);
Insert into "OFFICE24"."REVIEW" (NO,MEMBER_NO,OFFICE_NO,CONTENT,RATING,REG_DATE,BOOKING_NO) values (166,5,31,'접근성이 좋고 쾌적해요.',5,to_timestamp('15/08/24','DD/MM/RR HH24:MI:SSXFF'),11);
Insert into "OFFICE24"."REVIEW" (NO,MEMBER_NO,OFFICE_NO,CONTENT,RATING,REG_DATE,BOOKING_NO) values (167,5,31,'접근성이 좋고 쾌적해요.',4,to_timestamp('15/08/24','DD/MM/RR HH24:MI:SSXFF'),11);
Insert into "OFFICE24"."REVIEW" (NO,MEMBER_NO,OFFICE_NO,CONTENT,RATING,REG_DATE,BOOKING_NO) values (168,5,31,'접근성이 좋고 쾌적해요.',4,to_timestamp('15/08/24','DD/MM/RR HH24:MI:SSXFF'),11);
Insert into "OFFICE24"."REVIEW" (NO,MEMBER_NO,OFFICE_NO,CONTENT,RATING,REG_DATE,BOOKING_NO) values (169,5,35,'접근성이 좋고 쾌적해요.',4,to_timestamp('15/08/24','DD/MM/RR HH24:MI:SSXFF'),11);
Insert into "OFFICE24"."REVIEW" (NO,MEMBER_NO,OFFICE_NO,CONTENT,RATING,REG_DATE,BOOKING_NO) values (170,5,35,'접근성이 좋고 쾌적해요.',4,to_timestamp('15/08/24','DD/MM/RR HH24:MI:SSXFF'),11);
Insert into "OFFICE24"."REVIEW" (NO,MEMBER_NO,OFFICE_NO,CONTENT,RATING,REG_DATE,BOOKING_NO) values (171,5,35,'접근성이 좋고 쾌적해요.',4,to_timestamp('15/08/24','DD/MM/RR HH24:MI:SSXFF'),11);
Insert into "OFFICE24"."REVIEW" (NO,MEMBER_NO,OFFICE_NO,CONTENT,RATING,REG_DATE,BOOKING_NO) values (172,5,35,'접근성이 좋고 쾌적해요.',5,to_timestamp('15/08/24','DD/MM/RR HH24:MI:SSXFF'),11);
Insert into "OFFICE24"."REVIEW" (NO,MEMBER_NO,OFFICE_NO,CONTENT,RATING,REG_DATE,BOOKING_NO) values (173,5,39,'접근성이 좋고 쾌적해요.',5,to_timestamp('15/08/24','DD/MM/RR HH24:MI:SSXFF'),11);
Insert into "OFFICE24"."REVIEW" (NO,MEMBER_NO,OFFICE_NO,CONTENT,RATING,REG_DATE,BOOKING_NO) values (174,5,39,'접근성이 좋고 쾌적해요.',3,to_timestamp('15/08/24','DD/MM/RR HH24:MI:SSXFF'),11);
Insert into "OFFICE24"."REVIEW" (NO,MEMBER_NO,OFFICE_NO,CONTENT,RATING,REG_DATE,BOOKING_NO) values (175,5,39,'접근성이 좋고 쾌적해요.',3,to_timestamp('15/08/24','DD/MM/RR HH24:MI:SSXFF'),11);
Insert into "OFFICE24"."REVIEW" (NO,MEMBER_NO,OFFICE_NO,CONTENT,RATING,REG_DATE,BOOKING_NO) values (176,5,41,'접근성이 좋고 쾌적해요.',3,to_timestamp('15/08/24','DD/MM/RR HH24:MI:SSXFF'),11);
Insert into "OFFICE24"."REVIEW" (NO,MEMBER_NO,OFFICE_NO,CONTENT,RATING,REG_DATE,BOOKING_NO) values (177,5,41,'접근성이 좋고 쾌적해요.',4,to_timestamp('15/08/24','DD/MM/RR HH24:MI:SSXFF'),11);
Insert into "OFFICE24"."REVIEW" (NO,MEMBER_NO,OFFICE_NO,CONTENT,RATING,REG_DATE,BOOKING_NO) values (178,5,42,'접근성이 좋고 쾌적해요.',4,to_timestamp('15/08/24','DD/MM/RR HH24:MI:SSXFF'),11);
Insert into "OFFICE24"."REVIEW" (NO,MEMBER_NO,OFFICE_NO,CONTENT,RATING,REG_DATE,BOOKING_NO) values (179,5,42,'접근성이 좋고 쾌적해요.',4,to_timestamp('15/08/24','DD/MM/RR HH24:MI:SSXFF'),11);
Insert into "OFFICE24"."REVIEW" (NO,MEMBER_NO,OFFICE_NO,CONTENT,RATING,REG_DATE,BOOKING_NO) values (180,5,42,'접근성이 좋고 쾌적해요.',4,to_timestamp('15/08/24','DD/MM/RR HH24:MI:SSXFF'),11);
Insert into "OFFICE24"."REVIEW" (NO,MEMBER_NO,OFFICE_NO,CONTENT,RATING,REG_DATE,BOOKING_NO) values (181,5,42,'접근성이 좋고 쾌적해요.',3,to_timestamp('15/08/24','DD/MM/RR HH24:MI:SSXFF'),11);
Insert into "OFFICE24"."REVIEW" (NO,MEMBER_NO,OFFICE_NO,CONTENT,RATING,REG_DATE,BOOKING_NO) values (182,5,44,'접근성이 좋고 쾌적해요.',3,to_timestamp('15/08/24','DD/MM/RR HH24:MI:SSXFF'),11);
Insert into "OFFICE24"."REVIEW" (NO,MEMBER_NO,OFFICE_NO,CONTENT,RATING,REG_DATE,BOOKING_NO) values (183,5,44,'접근성이 좋고 쾌적해요.',5,to_timestamp('15/08/24','DD/MM/RR HH24:MI:SSXFF'),11);
Insert into "OFFICE24"."REVIEW" (NO,MEMBER_NO,OFFICE_NO,CONTENT,RATING,REG_DATE,BOOKING_NO) values (184,5,44,'접근성이 좋고 쾌적해요.',5,to_timestamp('15/08/24','DD/MM/RR HH24:MI:SSXFF'),11);
Insert into "OFFICE24"."REVIEW" (NO,MEMBER_NO,OFFICE_NO,CONTENT,RATING,REG_DATE,BOOKING_NO) values (185,5,45,'접근성이 좋고 쾌적해요.',5,to_timestamp('15/08/24','DD/MM/RR HH24:MI:SSXFF'),11);
Insert into "OFFICE24"."REVIEW" (NO,MEMBER_NO,OFFICE_NO,CONTENT,RATING,REG_DATE,BOOKING_NO) values (186,5,45,'접근성이 좋고 쾌적해요.',4,to_timestamp('15/08/24','DD/MM/RR HH24:MI:SSXFF'),11);
Insert into "OFFICE24"."REVIEW" (NO,MEMBER_NO,OFFICE_NO,CONTENT,RATING,REG_DATE,BOOKING_NO) values (187,5,45,'접근성이 좋고 쾌적해요.',4,to_timestamp('15/08/24','DD/MM/RR HH24:MI:SSXFF'),11);
Insert into "OFFICE24"."REVIEW" (NO,MEMBER_NO,OFFICE_NO,CONTENT,RATING,REG_DATE,BOOKING_NO) values (188,5,45,'접근성이 좋고 쾌적해요.',4,to_timestamp('15/08/24','DD/MM/RR HH24:MI:SSXFF'),11);
Insert into "OFFICE24"."REVIEW" (NO,MEMBER_NO,OFFICE_NO,CONTENT,RATING,REG_DATE,BOOKING_NO) values (189,5,47,'접근성이 좋고 쾌적해요.',4,to_timestamp('15/08/24','DD/MM/RR HH24:MI:SSXFF'),11);
Insert into "OFFICE24"."REVIEW" (NO,MEMBER_NO,OFFICE_NO,CONTENT,RATING,REG_DATE,BOOKING_NO) values (190,5,47,'접근성이 좋고 쾌적해요.',4,to_timestamp('15/08/24','DD/MM/RR HH24:MI:SSXFF'),11);
Insert into "OFFICE24"."REVIEW" (NO,MEMBER_NO,OFFICE_NO,CONTENT,RATING,REG_DATE,BOOKING_NO) values (191,5,47,'접근성이 좋고 쾌적해요.',4,to_timestamp('15/08/24','DD/MM/RR HH24:MI:SSXFF'),11);
Insert into "OFFICE24"."REVIEW" (NO,MEMBER_NO,OFFICE_NO,CONTENT,RATING,REG_DATE,BOOKING_NO) values (192,5,47,'접근성이 좋고 쾌적해요.',3,to_timestamp('15/08/24','DD/MM/RR HH24:MI:SSXFF'),11);
Insert into "OFFICE24"."REVIEW" (NO,MEMBER_NO,OFFICE_NO,CONTENT,RATING,REG_DATE,BOOKING_NO) values (193,5,47,'접근성이 좋고 쾌적해요.',3,to_timestamp('15/08/24','DD/MM/RR HH24:MI:SSXFF'),11);
Insert into "OFFICE24"."REVIEW" (NO,MEMBER_NO,OFFICE_NO,CONTENT,RATING,REG_DATE,BOOKING_NO) values (194,5,48,'접근성이 좋고 쾌적해요.',3,to_timestamp('15/08/24','DD/MM/RR HH24:MI:SSXFF'),11);
Insert into "OFFICE24"."REVIEW" (NO,MEMBER_NO,OFFICE_NO,CONTENT,RATING,REG_DATE,BOOKING_NO) values (195,5,48,'접근성이 좋고 쾌적해요.',3,to_timestamp('15/08/24','DD/MM/RR HH24:MI:SSXFF'),11);
Insert into "OFFICE24"."REVIEW" (NO,MEMBER_NO,OFFICE_NO,CONTENT,RATING,REG_DATE,BOOKING_NO) values (196,5,48,'접근성이 좋고 쾌적해요.',5,to_timestamp('15/08/24','DD/MM/RR HH24:MI:SSXFF'),11);
Insert into "OFFICE24"."REVIEW" (NO,MEMBER_NO,OFFICE_NO,CONTENT,RATING,REG_DATE,BOOKING_NO) values (197,5,48,'접근성이 좋고 쾌적해요.',4,to_timestamp('15/08/24','DD/MM/RR HH24:MI:SSXFF'),11);
Insert into "OFFICE24"."REVIEW" (NO,MEMBER_NO,OFFICE_NO,CONTENT,RATING,REG_DATE,BOOKING_NO) values (198,5,48,'접근성이 좋고 쾌적해요.',4,to_timestamp('15/08/24','DD/MM/RR HH24:MI:SSXFF'),11);
Insert into "OFFICE24"."REVIEW" (NO,MEMBER_NO,OFFICE_NO,CONTENT,RATING,REG_DATE,BOOKING_NO) values (199,5,48,'접근성이 좋고 쾌적해요.',4,to_timestamp('15/08/24','DD/MM/RR HH24:MI:SSXFF'),11);
Insert into "OFFICE24"."REVIEW" (NO,MEMBER_NO,OFFICE_NO,CONTENT,RATING,REG_DATE,BOOKING_NO) values (200,5,53,'접근성이 좋고 쾌적해요.',4,to_timestamp('15/08/24','DD/MM/RR HH24:MI:SSXFF'),11);
Insert into "OFFICE24"."REVIEW" (NO,MEMBER_NO,OFFICE_NO,CONTENT,RATING,REG_DATE,BOOKING_NO) values (201,5,53,'접근성이 좋고 쾌적해요.',4,to_timestamp('15/08/24','DD/MM/RR HH24:MI:SSXFF'),11);
Insert into "OFFICE24"."REVIEW" (NO,MEMBER_NO,OFFICE_NO,CONTENT,RATING,REG_DATE,BOOKING_NO) values (202,5,53,'접근성이 좋고 쾌적해요.',2,to_timestamp('15/08/24','DD/MM/RR HH24:MI:SSXFF'),11);
Insert into "OFFICE24"."REVIEW" (NO,MEMBER_NO,OFFICE_NO,CONTENT,RATING,REG_DATE,BOOKING_NO) values (203,5,53,'접근성이 좋고 쾌적해요.',2,to_timestamp('15/08/24','DD/MM/RR HH24:MI:SSXFF'),11);
Insert into "OFFICE24"."REVIEW" (NO,MEMBER_NO,OFFICE_NO,CONTENT,RATING,REG_DATE,BOOKING_NO) values (204,5,53,'접근성이 좋고 쾌적해요.',3,to_timestamp('15/08/24','DD/MM/RR HH24:MI:SSXFF'),11);
Insert into "OFFICE24"."REVIEW" (NO,MEMBER_NO,OFFICE_NO,CONTENT,RATING,REG_DATE,BOOKING_NO) values (205,5,57,'접근성이 좋고 쾌적해요.',3,to_timestamp('15/08/24','DD/MM/RR HH24:MI:SSXFF'),11);
Insert into "OFFICE24"."REVIEW" (NO,MEMBER_NO,OFFICE_NO,CONTENT,RATING,REG_DATE,BOOKING_NO) values (206,5,57,'접근성이 좋고 쾌적해요.',4,to_timestamp('15/08/24','DD/MM/RR HH24:MI:SSXFF'),11);
Insert into "OFFICE24"."REVIEW" (NO,MEMBER_NO,OFFICE_NO,CONTENT,RATING,REG_DATE,BOOKING_NO) values (207,5,57,'접근성이 좋고 쾌적해요.',4,to_timestamp('15/08/24','DD/MM/RR HH24:MI:SSXFF'),11);
Insert into "OFFICE24"."REVIEW" (NO,MEMBER_NO,OFFICE_NO,CONTENT,RATING,REG_DATE,BOOKING_NO) values (208,5,57,'접근성이 좋고 쾌적해요.',5,to_timestamp('15/08/24','DD/MM/RR HH24:MI:SSXFF'),11);
Insert into "OFFICE24"."REVIEW" (NO,MEMBER_NO,OFFICE_NO,CONTENT,RATING,REG_DATE,BOOKING_NO) values (209,5,57,'접근성이 좋고 쾌적해요.',5,to_timestamp('15/08/24','DD/MM/RR HH24:MI:SSXFF'),11);
Insert into "OFFICE24"."REVIEW" (NO,MEMBER_NO,OFFICE_NO,CONTENT,RATING,REG_DATE,BOOKING_NO) values (210,5,58,'접근성이 좋고 쾌적해요.',5,to_timestamp('15/08/24','DD/MM/RR HH24:MI:SSXFF'),11);
Insert into "OFFICE24"."REVIEW" (NO,MEMBER_NO,OFFICE_NO,CONTENT,RATING,REG_DATE,BOOKING_NO) values (211,5,58,'접근성이 좋고 쾌적해요.',5,to_timestamp('15/08/24','DD/MM/RR HH24:MI:SSXFF'),11);
Insert into "OFFICE24"."REVIEW" (NO,MEMBER_NO,OFFICE_NO,CONTENT,RATING,REG_DATE,BOOKING_NO) values (212,5,58,'접근성이 좋고 쾌적해요.',4,to_timestamp('15/08/24','DD/MM/RR HH24:MI:SSXFF'),11);
Insert into "OFFICE24"."REVIEW" (NO,MEMBER_NO,OFFICE_NO,CONTENT,RATING,REG_DATE,BOOKING_NO) values (213,5,59,'접근성이 좋고 쾌적해요.',4,to_timestamp('15/08/24','DD/MM/RR HH24:MI:SSXFF'),11);
Insert into "OFFICE24"."REVIEW" (NO,MEMBER_NO,OFFICE_NO,CONTENT,RATING,REG_DATE,BOOKING_NO) values (214,5,59,'접근성이 좋고 쾌적해요.',4,to_timestamp('15/08/24','DD/MM/RR HH24:MI:SSXFF'),11);
Insert into "OFFICE24"."REVIEW" (NO,MEMBER_NO,OFFICE_NO,CONTENT,RATING,REG_DATE,BOOKING_NO) values (215,5,59,'접근성이 좋고 쾌적해요.',4,to_timestamp('15/08/24','DD/MM/RR HH24:MI:SSXFF'),11);
Insert into "OFFICE24"."REVIEW" (NO,MEMBER_NO,OFFICE_NO,CONTENT,RATING,REG_DATE,BOOKING_NO) values (216,5,59,'접근성이 좋고 쾌적해요.',4,to_timestamp('15/08/24','DD/MM/RR HH24:MI:SSXFF'),11);
Insert into "OFFICE24"."REVIEW" (NO,MEMBER_NO,OFFICE_NO,CONTENT,RATING,REG_DATE,BOOKING_NO) values (217,5,59,'접근성이 좋고 쾌적해요.',4,to_timestamp('15/08/24','DD/MM/RR HH24:MI:SSXFF'),11);
Insert into "OFFICE24"."REVIEW" (NO,MEMBER_NO,OFFICE_NO,CONTENT,RATING,REG_DATE,BOOKING_NO) values (218,5,59,'접근성이 좋고 쾌적해요.',3,to_timestamp('15/08/24','DD/MM/RR HH24:MI:SSXFF'),11);
Insert into "OFFICE24"."REVIEW" (NO,MEMBER_NO,OFFICE_NO,CONTENT,RATING,REG_DATE,BOOKING_NO) values (219,5,59,'접근성이 좋고 쾌적해요.',3,to_timestamp('15/08/24','DD/MM/RR HH24:MI:SSXFF'),11);
Insert into "OFFICE24"."REVIEW" (NO,MEMBER_NO,OFFICE_NO,CONTENT,RATING,REG_DATE,BOOKING_NO) values (220,5,69,'접근성이 좋고 쾌적해요.',3,to_timestamp('15/08/24','DD/MM/RR HH24:MI:SSXFF'),11);
Insert into "OFFICE24"."REVIEW" (NO,MEMBER_NO,OFFICE_NO,CONTENT,RATING,REG_DATE,BOOKING_NO) values (221,5,69,'접근성이 좋고 쾌적해요.',4,to_timestamp('15/08/24','DD/MM/RR HH24:MI:SSXFF'),11);
Insert into "OFFICE24"."REVIEW" (NO,MEMBER_NO,OFFICE_NO,CONTENT,RATING,REG_DATE,BOOKING_NO) values (222,5,69,'접근성이 좋고 쾌적해요.',4,to_timestamp('15/08/24','DD/MM/RR HH24:MI:SSXFF'),11);
Insert into "OFFICE24"."REVIEW" (NO,MEMBER_NO,OFFICE_NO,CONTENT,RATING,REG_DATE,BOOKING_NO) values (223,5,69,'접근성이 좋고 쾌적해요.',4,to_timestamp('15/08/24','DD/MM/RR HH24:MI:SSXFF'),11);
Insert into "OFFICE24"."REVIEW" (NO,MEMBER_NO,OFFICE_NO,CONTENT,RATING,REG_DATE,BOOKING_NO) values (224,5,69,'접근성이 좋고 쾌적해요.',4,to_timestamp('15/08/24','DD/MM/RR HH24:MI:SSXFF'),11);
Insert into "OFFICE24"."REVIEW" (NO,MEMBER_NO,OFFICE_NO,CONTENT,RATING,REG_DATE,BOOKING_NO) values (225,5,69,'접근성이 좋고 쾌적해요.',3,to_timestamp('15/08/24','DD/MM/RR HH24:MI:SSXFF'),11);
Insert into "OFFICE24"."REVIEW" (NO,MEMBER_NO,OFFICE_NO,CONTENT,RATING,REG_DATE,BOOKING_NO) values (226,5,69,'접근성이 좋고 쾌적해요.',3,to_timestamp('15/08/24','DD/MM/RR HH24:MI:SSXFF'),11);
Insert into "OFFICE24"."REVIEW" (NO,MEMBER_NO,OFFICE_NO,CONTENT,RATING,REG_DATE,BOOKING_NO) values (227,5,69,'접근성이 좋고 쾌적해요.',3,to_timestamp('15/08/24','DD/MM/RR HH24:MI:SSXFF'),11);
Insert into "OFFICE24"."REVIEW" (NO,MEMBER_NO,OFFICE_NO,CONTENT,RATING,REG_DATE,BOOKING_NO) values (228,5,70,'접근성이 좋고 쾌적해요.',3,to_timestamp('15/08/24','DD/MM/RR HH24:MI:SSXFF'),11);
Insert into "OFFICE24"."REVIEW" (NO,MEMBER_NO,OFFICE_NO,CONTENT,RATING,REG_DATE,BOOKING_NO) values (229,5,70,'접근성이 좋고 쾌적해요.',3,to_timestamp('15/08/24','DD/MM/RR HH24:MI:SSXFF'),11);
Insert into "OFFICE24"."REVIEW" (NO,MEMBER_NO,OFFICE_NO,CONTENT,RATING,REG_DATE,BOOKING_NO) values (230,5,70,'접근성이 좋고 쾌적해요.',5,to_timestamp('15/08/24','DD/MM/RR HH24:MI:SSXFF'),11);
Insert into "OFFICE24"."REVIEW" (NO,MEMBER_NO,OFFICE_NO,CONTENT,RATING,REG_DATE,BOOKING_NO) values (231,5,70,'접근성이 좋고 쾌적해요.',5,to_timestamp('15/08/24','DD/MM/RR HH24:MI:SSXFF'),11);
Insert into "OFFICE24"."REVIEW" (NO,MEMBER_NO,OFFICE_NO,CONTENT,RATING,REG_DATE,BOOKING_NO) values (232,5,70,'접근성이 좋고 쾌적해요.',5,to_timestamp('15/08/24','DD/MM/RR HH24:MI:SSXFF'),11);
Insert into "OFFICE24"."REVIEW" (NO,MEMBER_NO,OFFICE_NO,CONTENT,RATING,REG_DATE,BOOKING_NO) values (233,5,70,'접근성이 좋고 쾌적해요.',5,to_timestamp('15/08/24','DD/MM/RR HH24:MI:SSXFF'),11);
Insert into "OFFICE24"."REVIEW" (NO,MEMBER_NO,OFFICE_NO,CONTENT,RATING,REG_DATE,BOOKING_NO) values (234,5,70,'접근성이 좋고 쾌적해요.',5,to_timestamp('15/08/24','DD/MM/RR HH24:MI:SSXFF'),11);
Insert into "OFFICE24"."REVIEW" (NO,MEMBER_NO,OFFICE_NO,CONTENT,RATING,REG_DATE,BOOKING_NO) values (235,5,73,'접근성이 좋고 쾌적해요.',5,to_timestamp('15/08/24','DD/MM/RR HH24:MI:SSXFF'),11);
Insert into "OFFICE24"."REVIEW" (NO,MEMBER_NO,OFFICE_NO,CONTENT,RATING,REG_DATE,BOOKING_NO) values (236,5,73,'접근성이 좋고 쾌적해요.',5,to_timestamp('15/08/24','DD/MM/RR HH24:MI:SSXFF'),11);
Insert into "OFFICE24"."REVIEW" (NO,MEMBER_NO,OFFICE_NO,CONTENT,RATING,REG_DATE,BOOKING_NO) values (237,5,73,'접근성이 좋고 쾌적해요.',4,to_timestamp('15/08/24','DD/MM/RR HH24:MI:SSXFF'),11);
Insert into "OFFICE24"."REVIEW" (NO,MEMBER_NO,OFFICE_NO,CONTENT,RATING,REG_DATE,BOOKING_NO) values (238,5,73,'접근성이 좋고 쾌적해요.',4,to_timestamp('15/08/24','DD/MM/RR HH24:MI:SSXFF'),11);
Insert into "OFFICE24"."REVIEW" (NO,MEMBER_NO,OFFICE_NO,CONTENT,RATING,REG_DATE,BOOKING_NO) values (239,5,73,'접근성이 좋고 쾌적해요.',4,to_timestamp('15/08/24','DD/MM/RR HH24:MI:SSXFF'),11);
Insert into "OFFICE24"."REVIEW" (NO,MEMBER_NO,OFFICE_NO,CONTENT,RATING,REG_DATE,BOOKING_NO) values (240,5,73,'접근성이 좋고 쾌적해요.',4,to_timestamp('15/08/24','DD/MM/RR HH24:MI:SSXFF'),11);
Insert into "OFFICE24"."REVIEW" (NO,MEMBER_NO,OFFICE_NO,CONTENT,RATING,REG_DATE,BOOKING_NO) values (241,5,73,'접근성이 좋고 쾌적해요.',4,to_timestamp('15/08/24','DD/MM/RR HH24:MI:SSXFF'),11);
Insert into "OFFICE24"."REVIEW" (NO,MEMBER_NO,OFFICE_NO,CONTENT,RATING,REG_DATE,BOOKING_NO) values (242,5,73,'접근성이 좋고 쾌적해요.',4,to_timestamp('15/08/24','DD/MM/RR HH24:MI:SSXFF'),11);
Insert into "OFFICE24"."REVIEW" (NO,MEMBER_NO,OFFICE_NO,CONTENT,RATING,REG_DATE,BOOKING_NO) values (243,5,73,'접근성이 좋고 쾌적해요.',3,to_timestamp('15/08/24','DD/MM/RR HH24:MI:SSXFF'),11);
Insert into "OFFICE24"."REVIEW" (NO,MEMBER_NO,OFFICE_NO,CONTENT,RATING,REG_DATE,BOOKING_NO) values (244,5,73,'접근성이 좋고 쾌적해요.',3,to_timestamp('15/08/24','DD/MM/RR HH24:MI:SSXFF'),11);
Insert into "OFFICE24"."REVIEW" (NO,MEMBER_NO,OFFICE_NO,CONTENT,RATING,REG_DATE,BOOKING_NO) values (245,5,73,'접근성이 좋고 쾌적해요.',2,to_timestamp('15/08/24','DD/MM/RR HH24:MI:SSXFF'),11);
Insert into "OFFICE24"."REVIEW" (NO,MEMBER_NO,OFFICE_NO,CONTENT,RATING,REG_DATE,BOOKING_NO) values (246,5,74,'접근성이 좋고 쾌적해요.',3,to_timestamp('15/08/24','DD/MM/RR HH24:MI:SSXFF'),11);
Insert into "OFFICE24"."REVIEW" (NO,MEMBER_NO,OFFICE_NO,CONTENT,RATING,REG_DATE,BOOKING_NO) values (247,5,74,'접근성이 좋고 쾌적해요.',4,to_timestamp('15/08/24','DD/MM/RR HH24:MI:SSXFF'),11);
Insert into "OFFICE24"."REVIEW" (NO,MEMBER_NO,OFFICE_NO,CONTENT,RATING,REG_DATE,BOOKING_NO) values (248,5,74,'접근성이 좋고 쾌적해요.',4,to_timestamp('15/08/24','DD/MM/RR HH24:MI:SSXFF'),11);
Insert into "OFFICE24"."REVIEW" (NO,MEMBER_NO,OFFICE_NO,CONTENT,RATING,REG_DATE,BOOKING_NO) values (249,5,74,'접근성이 좋고 쾌적해요.',4,to_timestamp('15/08/24','DD/MM/RR HH24:MI:SSXFF'),11);
Insert into "OFFICE24"."REVIEW" (NO,MEMBER_NO,OFFICE_NO,CONTENT,RATING,REG_DATE,BOOKING_NO) values (250,5,74,'접근성이 좋고 쾌적해요.',5,to_timestamp('15/08/24','DD/MM/RR HH24:MI:SSXFF'),11);
Insert into "OFFICE24"."REVIEW" (NO,MEMBER_NO,OFFICE_NO,CONTENT,RATING,REG_DATE,BOOKING_NO) values (251,5,74,'접근성이 좋고 쾌적해요.',5,to_timestamp('15/08/24','DD/MM/RR HH24:MI:SSXFF'),11);
Insert into "OFFICE24"."REVIEW" (NO,MEMBER_NO,OFFICE_NO,CONTENT,RATING,REG_DATE,BOOKING_NO) values (252,5,76,'접근성이 좋고 쾌적해요.',5,to_timestamp('15/08/24','DD/MM/RR HH24:MI:SSXFF'),11);
Insert into "OFFICE24"."REVIEW" (NO,MEMBER_NO,OFFICE_NO,CONTENT,RATING,REG_DATE,BOOKING_NO) values (253,5,76,'접근성이 좋고 쾌적해요.',5,to_timestamp('15/08/24','DD/MM/RR HH24:MI:SSXFF'),11);
Insert into "OFFICE24"."REVIEW" (NO,MEMBER_NO,OFFICE_NO,CONTENT,RATING,REG_DATE,BOOKING_NO) values (254,5,76,'접근성이 좋고 쾌적해요.',4,to_timestamp('15/08/24','DD/MM/RR HH24:MI:SSXFF'),11);
Insert into "OFFICE24"."REVIEW" (NO,MEMBER_NO,OFFICE_NO,CONTENT,RATING,REG_DATE,BOOKING_NO) values (255,5,76,'접근성이 좋고 쾌적해요.',4,to_timestamp('15/08/24','DD/MM/RR HH24:MI:SSXFF'),11);
Insert into "OFFICE24"."REVIEW" (NO,MEMBER_NO,OFFICE_NO,CONTENT,RATING,REG_DATE,BOOKING_NO) values (256,5,76,'접근성이 좋고 쾌적해요.',4,to_timestamp('15/08/24','DD/MM/RR HH24:MI:SSXFF'),11);
Insert into "OFFICE24"."REVIEW" (NO,MEMBER_NO,OFFICE_NO,CONTENT,RATING,REG_DATE,BOOKING_NO) values (257,5,76,'접근성이 좋고 쾌적해요.',4,to_timestamp('15/08/24','DD/MM/RR HH24:MI:SSXFF'),11);
Insert into "OFFICE24"."REVIEW" (NO,MEMBER_NO,OFFICE_NO,CONTENT,RATING,REG_DATE,BOOKING_NO) values (258,5,76,'접근성이 좋고 쾌적해요.',2,to_timestamp('15/08/24','DD/MM/RR HH24:MI:SSXFF'),11);
Insert into "OFFICE24"."REVIEW" (NO,MEMBER_NO,OFFICE_NO,CONTENT,RATING,REG_DATE,BOOKING_NO) values (259,5,76,'접근성이 좋고 쾌적해요.',2,to_timestamp('15/08/24','DD/MM/RR HH24:MI:SSXFF'),11);
Insert into "OFFICE24"."REVIEW" (NO,MEMBER_NO,OFFICE_NO,CONTENT,RATING,REG_DATE,BOOKING_NO) values (260,5,76,'접근성이 좋고 쾌적해요.',2,to_timestamp('15/08/24','DD/MM/RR HH24:MI:SSXFF'),11);
Insert into "OFFICE24"."REFUND" (NO,OFFICE_NO,MEMBER_NO,NAME,PHONE,PRICE,REFUND_AMOUNT,PAYMENT,START_DATE,END_DATE,BOOKING_DATE,REG_DATE) values (1,1,1,'이석진','01077582132',1337835,1337835,'kakao-pay',to_timestamp('25/12/24','DD/MM/RR HH24:MI:SSXFF'),to_timestamp('26/12/24','DD/MM/RR HH24:MI:SSXFF'),to_timestamp('12/08/24','DD/MM/RR HH24:MI:SSXFF'),to_timestamp('13/08/24','DD/MM/RR HH24:MI:SSXFF'));
Insert into "OFFICE24"."REFUND" (NO,OFFICE_NO,MEMBER_NO,NAME,PHONE,PRICE,REFUND_AMOUNT,PAYMENT,START_DATE,END_DATE,BOOKING_DATE,REG_DATE) values (2,1,1,'이석진','01077582132',1337835,1337835,'kakao-pay',to_timestamp('19/03/25','DD/MM/RR HH24:MI:SSXFF'),to_timestamp('20/03/25','DD/MM/RR HH24:MI:SSXFF'),to_timestamp('13/08/24','DD/MM/RR HH24:MI:SSXFF'),to_timestamp('13/08/24','DD/MM/RR HH24:MI:SSXFF'));
Insert into "OFFICE24"."REFUND" (NO,OFFICE_NO,MEMBER_NO,NAME,PHONE,PRICE,REFUND_AMOUNT,PAYMENT,START_DATE,END_DATE,BOOKING_DATE,REG_DATE) values (3,1,1,'이석진','01077582132',2675670,2675670,'kakao-pay',to_timestamp('11/02/25','DD/MM/RR HH24:MI:SSXFF'),to_timestamp('13/02/25','DD/MM/RR HH24:MI:SSXFF'),to_timestamp('13/08/24','DD/MM/RR HH24:MI:SSXFF'),to_timestamp('13/08/24','DD/MM/RR HH24:MI:SSXFF'));
Insert into "OFFICE24"."REFUND" (NO,OFFICE_NO,MEMBER_NO,NAME,PHONE,PRICE,REFUND_AMOUNT,PAYMENT,START_DATE,END_DATE,BOOKING_DATE,REG_DATE) values (4,1,1,'이석진','01077582132',1337835,1337835,'kakao-pay',to_timestamp('15/01/25','DD/MM/RR HH24:MI:SSXFF'),to_timestamp('16/01/25','DD/MM/RR HH24:MI:SSXFF'),to_timestamp('13/08/24','DD/MM/RR HH24:MI:SSXFF'),to_timestamp('13/08/24','DD/MM/RR HH24:MI:SSXFF'));
Insert into "OFFICE24"."REFUND" (NO,OFFICE_NO,MEMBER_NO,NAME,PHONE,PRICE,REFUND_AMOUNT,PAYMENT,START_DATE,END_DATE,BOOKING_DATE,REG_DATE) values (6,1,1,'이석진','01077582132',2675670,2675670,'naver-pay',to_timestamp('21/11/24','DD/MM/RR HH24:MI:SSXFF'),to_timestamp('23/11/24','DD/MM/RR HH24:MI:SSXFF'),to_timestamp('10/08/24','DD/MM/RR HH24:MI:SSXFF'),to_timestamp('13/08/24','DD/MM/RR HH24:MI:SSXFF'));
Insert into "OFFICE24"."REFUND" (NO,OFFICE_NO,MEMBER_NO,NAME,PHONE,PRICE,REFUND_AMOUNT,PAYMENT,START_DATE,END_DATE,BOOKING_DATE,REG_DATE) values (7,18,101,'이지민','01077582132',3887522,3887522,'kakao-pay',to_timestamp('10/09/24','DD/MM/RR HH24:MI:SSXFF'),to_timestamp('12/09/24','DD/MM/RR HH24:MI:SSXFF'),to_timestamp('14/08/24','DD/MM/RR HH24:MI:SSXFF'),to_timestamp('14/08/24','DD/MM/RR HH24:MI:SSXFF'));
Insert into "OFFICE24"."REFUND" (NO,OFFICE_NO,MEMBER_NO,NAME,PHONE,PRICE,REFUND_AMOUNT,PAYMENT,START_DATE,END_DATE,BOOKING_DATE,REG_DATE) values (8,70,6,'조윤영','01077582132',4908774,4908774,'kakao-pay',to_timestamp('25/08/24','DD/MM/RR HH24:MI:SSXFF'),to_timestamp('28/08/24','DD/MM/RR HH24:MI:SSXFF'),to_timestamp('14/08/24','DD/MM/RR HH24:MI:SSXFF'),to_timestamp('14/08/24','DD/MM/RR HH24:MI:SSXFF'));
Insert into "OFFICE24"."REFUND" (NO,OFFICE_NO,MEMBER_NO,NAME,PHONE,PRICE,REFUND_AMOUNT,PAYMENT,START_DATE,END_DATE,BOOKING_DATE,REG_DATE) values (5,1,1,'이석진','01077582132',1337835,1337835,'kakao-pay',to_timestamp('10/12/24','DD/MM/RR HH24:MI:SSXFF'),to_timestamp('11/12/24','DD/MM/RR HH24:MI:SSXFF'),to_timestamp('11/08/24','DD/MM/RR HH24:MI:SSXFF'),to_timestamp('13/08/24','DD/MM/RR HH24:MI:SSXFF'));
Insert into "OFFICE24"."MEMBER_STATISTICS" (REPORT_DATE,MEMBER_CREATE,MEMBER_DELETE) values (to_timestamp('15/08/24','DD/MM/RR HH24:MI:SSXFF'),30,0);
Insert into "OFFICE24"."MEMBER_STATISTICS" (REPORT_DATE,MEMBER_CREATE,MEMBER_DELETE) values (to_timestamp('08/08/24','DD/MM/RR HH24:MI:SSXFF'),100,1);
Insert into "OFFICE24"."MEMBER_STATISTICS" (REPORT_DATE,MEMBER_CREATE,MEMBER_DELETE) values (to_timestamp('01/01/24','DD/MM/RR HH24:MI:SSXFF'),4,6);
Insert into "OFFICE24"."MEMBER_STATISTICS" (REPORT_DATE,MEMBER_CREATE,MEMBER_DELETE) values (to_timestamp('02/01/24','DD/MM/RR HH24:MI:SSXFF'),14,8);
Insert into "OFFICE24"."MEMBER_STATISTICS" (REPORT_DATE,MEMBER_CREATE,MEMBER_DELETE) values (to_timestamp('03/01/24','DD/MM/RR HH24:MI:SSXFF'),11,1);
Insert into "OFFICE24"."MEMBER_STATISTICS" (REPORT_DATE,MEMBER_CREATE,MEMBER_DELETE) values (to_timestamp('04/01/24','DD/MM/RR HH24:MI:SSXFF'),3,9);
Insert into "OFFICE24"."MEMBER_STATISTICS" (REPORT_DATE,MEMBER_CREATE,MEMBER_DELETE) values (to_timestamp('05/01/24','DD/MM/RR HH24:MI:SSXFF'),5,8);
Insert into "OFFICE24"."MEMBER_STATISTICS" (REPORT_DATE,MEMBER_CREATE,MEMBER_DELETE) values (to_timestamp('06/01/24','DD/MM/RR HH24:MI:SSXFF'),13,2);
Insert into "OFFICE24"."MEMBER_STATISTICS" (REPORT_DATE,MEMBER_CREATE,MEMBER_DELETE) values (to_timestamp('07/01/24','DD/MM/RR HH24:MI:SSXFF'),18,6);
Insert into "OFFICE24"."MEMBER_STATISTICS" (REPORT_DATE,MEMBER_CREATE,MEMBER_DELETE) values (to_timestamp('08/01/24','DD/MM/RR HH24:MI:SSXFF'),12,5);
Insert into "OFFICE24"."MEMBER_STATISTICS" (REPORT_DATE,MEMBER_CREATE,MEMBER_DELETE) values (to_timestamp('09/01/24','DD/MM/RR HH24:MI:SSXFF'),16,3);
Insert into "OFFICE24"."MEMBER_STATISTICS" (REPORT_DATE,MEMBER_CREATE,MEMBER_DELETE) values (to_timestamp('10/01/24','DD/MM/RR HH24:MI:SSXFF'),14,1);
Insert into "OFFICE24"."MEMBER_STATISTICS" (REPORT_DATE,MEMBER_CREATE,MEMBER_DELETE) values (to_timestamp('11/01/24','DD/MM/RR HH24:MI:SSXFF'),12,3);
Insert into "OFFICE24"."MEMBER_STATISTICS" (REPORT_DATE,MEMBER_CREATE,MEMBER_DELETE) values (to_timestamp('12/01/24','DD/MM/RR HH24:MI:SSXFF'),17,8);
Insert into "OFFICE24"."MEMBER_STATISTICS" (REPORT_DATE,MEMBER_CREATE,MEMBER_DELETE) values (to_timestamp('13/01/24','DD/MM/RR HH24:MI:SSXFF'),9,3);
Insert into "OFFICE24"."MEMBER_STATISTICS" (REPORT_DATE,MEMBER_CREATE,MEMBER_DELETE) values (to_timestamp('14/01/24','DD/MM/RR HH24:MI:SSXFF'),9,0);
Insert into "OFFICE24"."MEMBER_STATISTICS" (REPORT_DATE,MEMBER_CREATE,MEMBER_DELETE) values (to_timestamp('15/01/24','DD/MM/RR HH24:MI:SSXFF'),2,1);
Insert into "OFFICE24"."MEMBER_STATISTICS" (REPORT_DATE,MEMBER_CREATE,MEMBER_DELETE) values (to_timestamp('16/01/24','DD/MM/RR HH24:MI:SSXFF'),1,5);
Insert into "OFFICE24"."MEMBER_STATISTICS" (REPORT_DATE,MEMBER_CREATE,MEMBER_DELETE) values (to_timestamp('17/01/24','DD/MM/RR HH24:MI:SSXFF'),15,3);
Insert into "OFFICE24"."MEMBER_STATISTICS" (REPORT_DATE,MEMBER_CREATE,MEMBER_DELETE) values (to_timestamp('18/01/24','DD/MM/RR HH24:MI:SSXFF'),8,6);
Insert into "OFFICE24"."MEMBER_STATISTICS" (REPORT_DATE,MEMBER_CREATE,MEMBER_DELETE) values (to_timestamp('19/01/24','DD/MM/RR HH24:MI:SSXFF'),15,8);
Insert into "OFFICE24"."MEMBER_STATISTICS" (REPORT_DATE,MEMBER_CREATE,MEMBER_DELETE) values (to_timestamp('20/01/24','DD/MM/RR HH24:MI:SSXFF'),2,5);
Insert into "OFFICE24"."MEMBER_STATISTICS" (REPORT_DATE,MEMBER_CREATE,MEMBER_DELETE) values (to_timestamp('21/01/24','DD/MM/RR HH24:MI:SSXFF'),7,2);
Insert into "OFFICE24"."MEMBER_STATISTICS" (REPORT_DATE,MEMBER_CREATE,MEMBER_DELETE) values (to_timestamp('22/01/24','DD/MM/RR HH24:MI:SSXFF'),16,6);
Insert into "OFFICE24"."MEMBER_STATISTICS" (REPORT_DATE,MEMBER_CREATE,MEMBER_DELETE) values (to_timestamp('23/01/24','DD/MM/RR HH24:MI:SSXFF'),10,1);
Insert into "OFFICE24"."MEMBER_STATISTICS" (REPORT_DATE,MEMBER_CREATE,MEMBER_DELETE) values (to_timestamp('24/01/24','DD/MM/RR HH24:MI:SSXFF'),0,5);
Insert into "OFFICE24"."MEMBER_STATISTICS" (REPORT_DATE,MEMBER_CREATE,MEMBER_DELETE) values (to_timestamp('25/01/24','DD/MM/RR HH24:MI:SSXFF'),14,8);
Insert into "OFFICE24"."MEMBER_STATISTICS" (REPORT_DATE,MEMBER_CREATE,MEMBER_DELETE) values (to_timestamp('26/01/24','DD/MM/RR HH24:MI:SSXFF'),16,1);
Insert into "OFFICE24"."MEMBER_STATISTICS" (REPORT_DATE,MEMBER_CREATE,MEMBER_DELETE) values (to_timestamp('27/01/24','DD/MM/RR HH24:MI:SSXFF'),15,9);
Insert into "OFFICE24"."MEMBER_STATISTICS" (REPORT_DATE,MEMBER_CREATE,MEMBER_DELETE) values (to_timestamp('28/01/24','DD/MM/RR HH24:MI:SSXFF'),7,7);
Insert into "OFFICE24"."MEMBER_STATISTICS" (REPORT_DATE,MEMBER_CREATE,MEMBER_DELETE) values (to_timestamp('29/01/24','DD/MM/RR HH24:MI:SSXFF'),18,2);
Insert into "OFFICE24"."MEMBER_STATISTICS" (REPORT_DATE,MEMBER_CREATE,MEMBER_DELETE) values (to_timestamp('30/01/24','DD/MM/RR HH24:MI:SSXFF'),16,6);
Insert into "OFFICE24"."MEMBER_STATISTICS" (REPORT_DATE,MEMBER_CREATE,MEMBER_DELETE) values (to_timestamp('31/01/24','DD/MM/RR HH24:MI:SSXFF'),6,2);
Insert into "OFFICE24"."MEMBER_STATISTICS" (REPORT_DATE,MEMBER_CREATE,MEMBER_DELETE) values (to_timestamp('01/02/24','DD/MM/RR HH24:MI:SSXFF'),9,0);
Insert into "OFFICE24"."MEMBER_STATISTICS" (REPORT_DATE,MEMBER_CREATE,MEMBER_DELETE) values (to_timestamp('02/02/24','DD/MM/RR HH24:MI:SSXFF'),4,1);
Insert into "OFFICE24"."MEMBER_STATISTICS" (REPORT_DATE,MEMBER_CREATE,MEMBER_DELETE) values (to_timestamp('03/02/24','DD/MM/RR HH24:MI:SSXFF'),18,6);
Insert into "OFFICE24"."MEMBER_STATISTICS" (REPORT_DATE,MEMBER_CREATE,MEMBER_DELETE) values (to_timestamp('04/02/24','DD/MM/RR HH24:MI:SSXFF'),10,7);
Insert into "OFFICE24"."MEMBER_STATISTICS" (REPORT_DATE,MEMBER_CREATE,MEMBER_DELETE) values (to_timestamp('05/02/24','DD/MM/RR HH24:MI:SSXFF'),1,1);
Insert into "OFFICE24"."MEMBER_STATISTICS" (REPORT_DATE,MEMBER_CREATE,MEMBER_DELETE) values (to_timestamp('06/02/24','DD/MM/RR HH24:MI:SSXFF'),10,5);
Insert into "OFFICE24"."MEMBER_STATISTICS" (REPORT_DATE,MEMBER_CREATE,MEMBER_DELETE) values (to_timestamp('07/02/24','DD/MM/RR HH24:MI:SSXFF'),15,1);
Insert into "OFFICE24"."MEMBER_STATISTICS" (REPORT_DATE,MEMBER_CREATE,MEMBER_DELETE) values (to_timestamp('08/02/24','DD/MM/RR HH24:MI:SSXFF'),10,9);
Insert into "OFFICE24"."MEMBER_STATISTICS" (REPORT_DATE,MEMBER_CREATE,MEMBER_DELETE) values (to_timestamp('09/02/24','DD/MM/RR HH24:MI:SSXFF'),9,1);
Insert into "OFFICE24"."MEMBER_STATISTICS" (REPORT_DATE,MEMBER_CREATE,MEMBER_DELETE) values (to_timestamp('10/02/24','DD/MM/RR HH24:MI:SSXFF'),4,3);
Insert into "OFFICE24"."MEMBER_STATISTICS" (REPORT_DATE,MEMBER_CREATE,MEMBER_DELETE) values (to_timestamp('11/02/24','DD/MM/RR HH24:MI:SSXFF'),2,8);
Insert into "OFFICE24"."MEMBER_STATISTICS" (REPORT_DATE,MEMBER_CREATE,MEMBER_DELETE) values (to_timestamp('12/02/24','DD/MM/RR HH24:MI:SSXFF'),2,4);
Insert into "OFFICE24"."MEMBER_STATISTICS" (REPORT_DATE,MEMBER_CREATE,MEMBER_DELETE) values (to_timestamp('13/02/24','DD/MM/RR HH24:MI:SSXFF'),5,7);
Insert into "OFFICE24"."MEMBER_STATISTICS" (REPORT_DATE,MEMBER_CREATE,MEMBER_DELETE) values (to_timestamp('14/02/24','DD/MM/RR HH24:MI:SSXFF'),12,2);
Insert into "OFFICE24"."MEMBER_STATISTICS" (REPORT_DATE,MEMBER_CREATE,MEMBER_DELETE) values (to_timestamp('15/02/24','DD/MM/RR HH24:MI:SSXFF'),6,0);
Insert into "OFFICE24"."MEMBER_STATISTICS" (REPORT_DATE,MEMBER_CREATE,MEMBER_DELETE) values (to_timestamp('16/02/24','DD/MM/RR HH24:MI:SSXFF'),1,6);
Insert into "OFFICE24"."MEMBER_STATISTICS" (REPORT_DATE,MEMBER_CREATE,MEMBER_DELETE) values (to_timestamp('17/02/24','DD/MM/RR HH24:MI:SSXFF'),12,5);
Insert into "OFFICE24"."MEMBER_STATISTICS" (REPORT_DATE,MEMBER_CREATE,MEMBER_DELETE) values (to_timestamp('18/02/24','DD/MM/RR HH24:MI:SSXFF'),6,7);
Insert into "OFFICE24"."MEMBER_STATISTICS" (REPORT_DATE,MEMBER_CREATE,MEMBER_DELETE) values (to_timestamp('19/02/24','DD/MM/RR HH24:MI:SSXFF'),6,0);
Insert into "OFFICE24"."MEMBER_STATISTICS" (REPORT_DATE,MEMBER_CREATE,MEMBER_DELETE) values (to_timestamp('20/02/24','DD/MM/RR HH24:MI:SSXFF'),18,1);
Insert into "OFFICE24"."MEMBER_STATISTICS" (REPORT_DATE,MEMBER_CREATE,MEMBER_DELETE) values (to_timestamp('21/02/24','DD/MM/RR HH24:MI:SSXFF'),15,2);
Insert into "OFFICE24"."MEMBER_STATISTICS" (REPORT_DATE,MEMBER_CREATE,MEMBER_DELETE) values (to_timestamp('22/02/24','DD/MM/RR HH24:MI:SSXFF'),8,6);
Insert into "OFFICE24"."MEMBER_STATISTICS" (REPORT_DATE,MEMBER_CREATE,MEMBER_DELETE) values (to_timestamp('23/02/24','DD/MM/RR HH24:MI:SSXFF'),4,2);
Insert into "OFFICE24"."MEMBER_STATISTICS" (REPORT_DATE,MEMBER_CREATE,MEMBER_DELETE) values (to_timestamp('24/02/24','DD/MM/RR HH24:MI:SSXFF'),17,8);
Insert into "OFFICE24"."MEMBER_STATISTICS" (REPORT_DATE,MEMBER_CREATE,MEMBER_DELETE) values (to_timestamp('25/02/24','DD/MM/RR HH24:MI:SSXFF'),18,1);
Insert into "OFFICE24"."MEMBER_STATISTICS" (REPORT_DATE,MEMBER_CREATE,MEMBER_DELETE) values (to_timestamp('26/02/24','DD/MM/RR HH24:MI:SSXFF'),11,9);
Insert into "OFFICE24"."MEMBER_STATISTICS" (REPORT_DATE,MEMBER_CREATE,MEMBER_DELETE) values (to_timestamp('27/02/24','DD/MM/RR HH24:MI:SSXFF'),10,4);
Insert into "OFFICE24"."MEMBER_STATISTICS" (REPORT_DATE,MEMBER_CREATE,MEMBER_DELETE) values (to_timestamp('28/02/24','DD/MM/RR HH24:MI:SSXFF'),13,7);
Insert into "OFFICE24"."MEMBER_STATISTICS" (REPORT_DATE,MEMBER_CREATE,MEMBER_DELETE) values (to_timestamp('29/02/24','DD/MM/RR HH24:MI:SSXFF'),15,8);
Insert into "OFFICE24"."MEMBER_STATISTICS" (REPORT_DATE,MEMBER_CREATE,MEMBER_DELETE) values (to_timestamp('01/03/24','DD/MM/RR HH24:MI:SSXFF'),8,2);
Insert into "OFFICE24"."MEMBER_STATISTICS" (REPORT_DATE,MEMBER_CREATE,MEMBER_DELETE) values (to_timestamp('02/03/24','DD/MM/RR HH24:MI:SSXFF'),15,6);
Insert into "OFFICE24"."MEMBER_STATISTICS" (REPORT_DATE,MEMBER_CREATE,MEMBER_DELETE) values (to_timestamp('03/03/24','DD/MM/RR HH24:MI:SSXFF'),6,7);
Insert into "OFFICE24"."MEMBER_STATISTICS" (REPORT_DATE,MEMBER_CREATE,MEMBER_DELETE) values (to_timestamp('04/03/24','DD/MM/RR HH24:MI:SSXFF'),15,8);
Insert into "OFFICE24"."MEMBER_STATISTICS" (REPORT_DATE,MEMBER_CREATE,MEMBER_DELETE) values (to_timestamp('05/03/24','DD/MM/RR HH24:MI:SSXFF'),5,1);
Insert into "OFFICE24"."MEMBER_STATISTICS" (REPORT_DATE,MEMBER_CREATE,MEMBER_DELETE) values (to_timestamp('06/03/24','DD/MM/RR HH24:MI:SSXFF'),4,4);
Insert into "OFFICE24"."MEMBER_STATISTICS" (REPORT_DATE,MEMBER_CREATE,MEMBER_DELETE) values (to_timestamp('07/03/24','DD/MM/RR HH24:MI:SSXFF'),1,2);
Insert into "OFFICE24"."MEMBER_STATISTICS" (REPORT_DATE,MEMBER_CREATE,MEMBER_DELETE) values (to_timestamp('08/03/24','DD/MM/RR HH24:MI:SSXFF'),8,6);
Insert into "OFFICE24"."MEMBER_STATISTICS" (REPORT_DATE,MEMBER_CREATE,MEMBER_DELETE) values (to_timestamp('09/03/24','DD/MM/RR HH24:MI:SSXFF'),18,3);
Insert into "OFFICE24"."MEMBER_STATISTICS" (REPORT_DATE,MEMBER_CREATE,MEMBER_DELETE) values (to_timestamp('10/03/24','DD/MM/RR HH24:MI:SSXFF'),3,0);
Insert into "OFFICE24"."MEMBER_STATISTICS" (REPORT_DATE,MEMBER_CREATE,MEMBER_DELETE) values (to_timestamp('11/03/24','DD/MM/RR HH24:MI:SSXFF'),4,2);
Insert into "OFFICE24"."MEMBER_STATISTICS" (REPORT_DATE,MEMBER_CREATE,MEMBER_DELETE) values (to_timestamp('12/03/24','DD/MM/RR HH24:MI:SSXFF'),17,1);
Insert into "OFFICE24"."MEMBER_STATISTICS" (REPORT_DATE,MEMBER_CREATE,MEMBER_DELETE) values (to_timestamp('13/03/24','DD/MM/RR HH24:MI:SSXFF'),5,8);
Insert into "OFFICE24"."MEMBER_STATISTICS" (REPORT_DATE,MEMBER_CREATE,MEMBER_DELETE) values (to_timestamp('14/03/24','DD/MM/RR HH24:MI:SSXFF'),10,7);
Insert into "OFFICE24"."MEMBER_STATISTICS" (REPORT_DATE,MEMBER_CREATE,MEMBER_DELETE) values (to_timestamp('15/03/24','DD/MM/RR HH24:MI:SSXFF'),8,4);
Insert into "OFFICE24"."MEMBER_STATISTICS" (REPORT_DATE,MEMBER_CREATE,MEMBER_DELETE) values (to_timestamp('16/03/24','DD/MM/RR HH24:MI:SSXFF'),7,7);
Insert into "OFFICE24"."MEMBER_STATISTICS" (REPORT_DATE,MEMBER_CREATE,MEMBER_DELETE) values (to_timestamp('17/03/24','DD/MM/RR HH24:MI:SSXFF'),19,1);
Insert into "OFFICE24"."MEMBER_STATISTICS" (REPORT_DATE,MEMBER_CREATE,MEMBER_DELETE) values (to_timestamp('18/03/24','DD/MM/RR HH24:MI:SSXFF'),13,2);
Insert into "OFFICE24"."MEMBER_STATISTICS" (REPORT_DATE,MEMBER_CREATE,MEMBER_DELETE) values (to_timestamp('19/03/24','DD/MM/RR HH24:MI:SSXFF'),16,5);
Insert into "OFFICE24"."MEMBER_STATISTICS" (REPORT_DATE,MEMBER_CREATE,MEMBER_DELETE) values (to_timestamp('20/03/24','DD/MM/RR HH24:MI:SSXFF'),2,7);
Insert into "OFFICE24"."MEMBER_STATISTICS" (REPORT_DATE,MEMBER_CREATE,MEMBER_DELETE) values (to_timestamp('21/03/24','DD/MM/RR HH24:MI:SSXFF'),14,4);
Insert into "OFFICE24"."MEMBER_STATISTICS" (REPORT_DATE,MEMBER_CREATE,MEMBER_DELETE) values (to_timestamp('22/03/24','DD/MM/RR HH24:MI:SSXFF'),14,9);
Insert into "OFFICE24"."MEMBER_STATISTICS" (REPORT_DATE,MEMBER_CREATE,MEMBER_DELETE) values (to_timestamp('23/03/24','DD/MM/RR HH24:MI:SSXFF'),1,3);
Insert into "OFFICE24"."MEMBER_STATISTICS" (REPORT_DATE,MEMBER_CREATE,MEMBER_DELETE) values (to_timestamp('24/03/24','DD/MM/RR HH24:MI:SSXFF'),15,5);
Insert into "OFFICE24"."MEMBER_STATISTICS" (REPORT_DATE,MEMBER_CREATE,MEMBER_DELETE) values (to_timestamp('25/03/24','DD/MM/RR HH24:MI:SSXFF'),7,6);
Insert into "OFFICE24"."MEMBER_STATISTICS" (REPORT_DATE,MEMBER_CREATE,MEMBER_DELETE) values (to_timestamp('26/03/24','DD/MM/RR HH24:MI:SSXFF'),9,8);
Insert into "OFFICE24"."MEMBER_STATISTICS" (REPORT_DATE,MEMBER_CREATE,MEMBER_DELETE) values (to_timestamp('27/03/24','DD/MM/RR HH24:MI:SSXFF'),0,6);
Insert into "OFFICE24"."MEMBER_STATISTICS" (REPORT_DATE,MEMBER_CREATE,MEMBER_DELETE) values (to_timestamp('28/03/24','DD/MM/RR HH24:MI:SSXFF'),0,6);
Insert into "OFFICE24"."MEMBER_STATISTICS" (REPORT_DATE,MEMBER_CREATE,MEMBER_DELETE) values (to_timestamp('29/03/24','DD/MM/RR HH24:MI:SSXFF'),1,3);
Insert into "OFFICE24"."MEMBER_STATISTICS" (REPORT_DATE,MEMBER_CREATE,MEMBER_DELETE) values (to_timestamp('30/03/24','DD/MM/RR HH24:MI:SSXFF'),7,7);
Insert into "OFFICE24"."MEMBER_STATISTICS" (REPORT_DATE,MEMBER_CREATE,MEMBER_DELETE) values (to_timestamp('31/03/24','DD/MM/RR HH24:MI:SSXFF'),2,1);
Insert into "OFFICE24"."MEMBER_STATISTICS" (REPORT_DATE,MEMBER_CREATE,MEMBER_DELETE) values (to_timestamp('01/04/24','DD/MM/RR HH24:MI:SSXFF'),12,2);
Insert into "OFFICE24"."MEMBER_STATISTICS" (REPORT_DATE,MEMBER_CREATE,MEMBER_DELETE) values (to_timestamp('02/04/24','DD/MM/RR HH24:MI:SSXFF'),4,8);
Insert into "OFFICE24"."MEMBER_STATISTICS" (REPORT_DATE,MEMBER_CREATE,MEMBER_DELETE) values (to_timestamp('03/04/24','DD/MM/RR HH24:MI:SSXFF'),13,8);
Insert into "OFFICE24"."MEMBER_STATISTICS" (REPORT_DATE,MEMBER_CREATE,MEMBER_DELETE) values (to_timestamp('04/04/24','DD/MM/RR HH24:MI:SSXFF'),15,5);
Insert into "OFFICE24"."MEMBER_STATISTICS" (REPORT_DATE,MEMBER_CREATE,MEMBER_DELETE) values (to_timestamp('05/04/24','DD/MM/RR HH24:MI:SSXFF'),6,6);
Insert into "OFFICE24"."MEMBER_STATISTICS" (REPORT_DATE,MEMBER_CREATE,MEMBER_DELETE) values (to_timestamp('06/04/24','DD/MM/RR HH24:MI:SSXFF'),16,8);
Insert into "OFFICE24"."MEMBER_STATISTICS" (REPORT_DATE,MEMBER_CREATE,MEMBER_DELETE) values (to_timestamp('07/04/24','DD/MM/RR HH24:MI:SSXFF'),18,2);
Insert into "OFFICE24"."MEMBER_STATISTICS" (REPORT_DATE,MEMBER_CREATE,MEMBER_DELETE) values (to_timestamp('08/04/24','DD/MM/RR HH24:MI:SSXFF'),11,6);
Insert into "OFFICE24"."MEMBER_STATISTICS" (REPORT_DATE,MEMBER_CREATE,MEMBER_DELETE) values (to_timestamp('09/04/24','DD/MM/RR HH24:MI:SSXFF'),14,6);
Insert into "OFFICE24"."MEMBER_STATISTICS" (REPORT_DATE,MEMBER_CREATE,MEMBER_DELETE) values (to_timestamp('10/04/24','DD/MM/RR HH24:MI:SSXFF'),10,9);
Insert into "OFFICE24"."MEMBER_STATISTICS" (REPORT_DATE,MEMBER_CREATE,MEMBER_DELETE) values (to_timestamp('11/04/24','DD/MM/RR HH24:MI:SSXFF'),12,4);
Insert into "OFFICE24"."MEMBER_STATISTICS" (REPORT_DATE,MEMBER_CREATE,MEMBER_DELETE) values (to_timestamp('12/04/24','DD/MM/RR HH24:MI:SSXFF'),2,3);
Insert into "OFFICE24"."MEMBER_STATISTICS" (REPORT_DATE,MEMBER_CREATE,MEMBER_DELETE) values (to_timestamp('13/04/24','DD/MM/RR HH24:MI:SSXFF'),8,0);
Insert into "OFFICE24"."MEMBER_STATISTICS" (REPORT_DATE,MEMBER_CREATE,MEMBER_DELETE) values (to_timestamp('14/04/24','DD/MM/RR HH24:MI:SSXFF'),8,0);
Insert into "OFFICE24"."MEMBER_STATISTICS" (REPORT_DATE,MEMBER_CREATE,MEMBER_DELETE) values (to_timestamp('15/04/24','DD/MM/RR HH24:MI:SSXFF'),0,9);
Insert into "OFFICE24"."MEMBER_STATISTICS" (REPORT_DATE,MEMBER_CREATE,MEMBER_DELETE) values (to_timestamp('16/04/24','DD/MM/RR HH24:MI:SSXFF'),13,7);
Insert into "OFFICE24"."MEMBER_STATISTICS" (REPORT_DATE,MEMBER_CREATE,MEMBER_DELETE) values (to_timestamp('17/04/24','DD/MM/RR HH24:MI:SSXFF'),19,9);
Insert into "OFFICE24"."MEMBER_STATISTICS" (REPORT_DATE,MEMBER_CREATE,MEMBER_DELETE) values (to_timestamp('18/04/24','DD/MM/RR HH24:MI:SSXFF'),6,4);
Insert into "OFFICE24"."MEMBER_STATISTICS" (REPORT_DATE,MEMBER_CREATE,MEMBER_DELETE) values (to_timestamp('19/04/24','DD/MM/RR HH24:MI:SSXFF'),15,8);
Insert into "OFFICE24"."MEMBER_STATISTICS" (REPORT_DATE,MEMBER_CREATE,MEMBER_DELETE) values (to_timestamp('20/04/24','DD/MM/RR HH24:MI:SSXFF'),18,1);
Insert into "OFFICE24"."MEMBER_STATISTICS" (REPORT_DATE,MEMBER_CREATE,MEMBER_DELETE) values (to_timestamp('21/04/24','DD/MM/RR HH24:MI:SSXFF'),3,2);
Insert into "OFFICE24"."MEMBER_STATISTICS" (REPORT_DATE,MEMBER_CREATE,MEMBER_DELETE) values (to_timestamp('22/04/24','DD/MM/RR HH24:MI:SSXFF'),11,3);
Insert into "OFFICE24"."MEMBER_STATISTICS" (REPORT_DATE,MEMBER_CREATE,MEMBER_DELETE) values (to_timestamp('23/04/24','DD/MM/RR HH24:MI:SSXFF'),3,5);
Insert into "OFFICE24"."MEMBER_STATISTICS" (REPORT_DATE,MEMBER_CREATE,MEMBER_DELETE) values (to_timestamp('24/04/24','DD/MM/RR HH24:MI:SSXFF'),7,7);
Insert into "OFFICE24"."MEMBER_STATISTICS" (REPORT_DATE,MEMBER_CREATE,MEMBER_DELETE) values (to_timestamp('25/04/24','DD/MM/RR HH24:MI:SSXFF'),6,5);
Insert into "OFFICE24"."MEMBER_STATISTICS" (REPORT_DATE,MEMBER_CREATE,MEMBER_DELETE) values (to_timestamp('26/04/24','DD/MM/RR HH24:MI:SSXFF'),5,0);
Insert into "OFFICE24"."MEMBER_STATISTICS" (REPORT_DATE,MEMBER_CREATE,MEMBER_DELETE) values (to_timestamp('27/04/24','DD/MM/RR HH24:MI:SSXFF'),3,2);
Insert into "OFFICE24"."MEMBER_STATISTICS" (REPORT_DATE,MEMBER_CREATE,MEMBER_DELETE) values (to_timestamp('28/04/24','DD/MM/RR HH24:MI:SSXFF'),10,0);
Insert into "OFFICE24"."MEMBER_STATISTICS" (REPORT_DATE,MEMBER_CREATE,MEMBER_DELETE) values (to_timestamp('29/04/24','DD/MM/RR HH24:MI:SSXFF'),6,6);
Insert into "OFFICE24"."MEMBER_STATISTICS" (REPORT_DATE,MEMBER_CREATE,MEMBER_DELETE) values (to_timestamp('30/04/24','DD/MM/RR HH24:MI:SSXFF'),19,7);
Insert into "OFFICE24"."MEMBER_STATISTICS" (REPORT_DATE,MEMBER_CREATE,MEMBER_DELETE) values (to_timestamp('01/05/24','DD/MM/RR HH24:MI:SSXFF'),16,4);
Insert into "OFFICE24"."MEMBER_STATISTICS" (REPORT_DATE,MEMBER_CREATE,MEMBER_DELETE) values (to_timestamp('02/05/24','DD/MM/RR HH24:MI:SSXFF'),6,3);
Insert into "OFFICE24"."MEMBER_STATISTICS" (REPORT_DATE,MEMBER_CREATE,MEMBER_DELETE) values (to_timestamp('03/05/24','DD/MM/RR HH24:MI:SSXFF'),12,1);
Insert into "OFFICE24"."MEMBER_STATISTICS" (REPORT_DATE,MEMBER_CREATE,MEMBER_DELETE) values (to_timestamp('04/05/24','DD/MM/RR HH24:MI:SSXFF'),5,7);
Insert into "OFFICE24"."MEMBER_STATISTICS" (REPORT_DATE,MEMBER_CREATE,MEMBER_DELETE) values (to_timestamp('05/05/24','DD/MM/RR HH24:MI:SSXFF'),2,5);
Insert into "OFFICE24"."MEMBER_STATISTICS" (REPORT_DATE,MEMBER_CREATE,MEMBER_DELETE) values (to_timestamp('06/05/24','DD/MM/RR HH24:MI:SSXFF'),16,9);
Insert into "OFFICE24"."MEMBER_STATISTICS" (REPORT_DATE,MEMBER_CREATE,MEMBER_DELETE) values (to_timestamp('07/05/24','DD/MM/RR HH24:MI:SSXFF'),17,0);
Insert into "OFFICE24"."MEMBER_STATISTICS" (REPORT_DATE,MEMBER_CREATE,MEMBER_DELETE) values (to_timestamp('08/05/24','DD/MM/RR HH24:MI:SSXFF'),7,8);
Insert into "OFFICE24"."MEMBER_STATISTICS" (REPORT_DATE,MEMBER_CREATE,MEMBER_DELETE) values (to_timestamp('09/05/24','DD/MM/RR HH24:MI:SSXFF'),19,4);
Insert into "OFFICE24"."MEMBER_STATISTICS" (REPORT_DATE,MEMBER_CREATE,MEMBER_DELETE) values (to_timestamp('10/05/24','DD/MM/RR HH24:MI:SSXFF'),2,7);
Insert into "OFFICE24"."MEMBER_STATISTICS" (REPORT_DATE,MEMBER_CREATE,MEMBER_DELETE) values (to_timestamp('11/05/24','DD/MM/RR HH24:MI:SSXFF'),12,7);
Insert into "OFFICE24"."MEMBER_STATISTICS" (REPORT_DATE,MEMBER_CREATE,MEMBER_DELETE) values (to_timestamp('12/05/24','DD/MM/RR HH24:MI:SSXFF'),1,1);
Insert into "OFFICE24"."MEMBER_STATISTICS" (REPORT_DATE,MEMBER_CREATE,MEMBER_DELETE) values (to_timestamp('13/05/24','DD/MM/RR HH24:MI:SSXFF'),3,1);
Insert into "OFFICE24"."MEMBER_STATISTICS" (REPORT_DATE,MEMBER_CREATE,MEMBER_DELETE) values (to_timestamp('14/05/24','DD/MM/RR HH24:MI:SSXFF'),17,2);
Insert into "OFFICE24"."MEMBER_STATISTICS" (REPORT_DATE,MEMBER_CREATE,MEMBER_DELETE) values (to_timestamp('15/05/24','DD/MM/RR HH24:MI:SSXFF'),11,2);
Insert into "OFFICE24"."MEMBER_STATISTICS" (REPORT_DATE,MEMBER_CREATE,MEMBER_DELETE) values (to_timestamp('16/05/24','DD/MM/RR HH24:MI:SSXFF'),2,6);
Insert into "OFFICE24"."MEMBER_STATISTICS" (REPORT_DATE,MEMBER_CREATE,MEMBER_DELETE) values (to_timestamp('17/05/24','DD/MM/RR HH24:MI:SSXFF'),5,2);
Insert into "OFFICE24"."MEMBER_STATISTICS" (REPORT_DATE,MEMBER_CREATE,MEMBER_DELETE) values (to_timestamp('18/05/24','DD/MM/RR HH24:MI:SSXFF'),9,8);
Insert into "OFFICE24"."MEMBER_STATISTICS" (REPORT_DATE,MEMBER_CREATE,MEMBER_DELETE) values (to_timestamp('19/05/24','DD/MM/RR HH24:MI:SSXFF'),8,8);
Insert into "OFFICE24"."MEMBER_STATISTICS" (REPORT_DATE,MEMBER_CREATE,MEMBER_DELETE) values (to_timestamp('20/05/24','DD/MM/RR HH24:MI:SSXFF'),2,3);
Insert into "OFFICE24"."MEMBER_STATISTICS" (REPORT_DATE,MEMBER_CREATE,MEMBER_DELETE) values (to_timestamp('21/05/24','DD/MM/RR HH24:MI:SSXFF'),1,1);
Insert into "OFFICE24"."MEMBER_STATISTICS" (REPORT_DATE,MEMBER_CREATE,MEMBER_DELETE) values (to_timestamp('22/05/24','DD/MM/RR HH24:MI:SSXFF'),12,2);
Insert into "OFFICE24"."MEMBER_STATISTICS" (REPORT_DATE,MEMBER_CREATE,MEMBER_DELETE) values (to_timestamp('23/05/24','DD/MM/RR HH24:MI:SSXFF'),13,6);
Insert into "OFFICE24"."MEMBER_STATISTICS" (REPORT_DATE,MEMBER_CREATE,MEMBER_DELETE) values (to_timestamp('24/05/24','DD/MM/RR HH24:MI:SSXFF'),16,1);
Insert into "OFFICE24"."MEMBER_STATISTICS" (REPORT_DATE,MEMBER_CREATE,MEMBER_DELETE) values (to_timestamp('25/05/24','DD/MM/RR HH24:MI:SSXFF'),14,6);
Insert into "OFFICE24"."MEMBER_STATISTICS" (REPORT_DATE,MEMBER_CREATE,MEMBER_DELETE) values (to_timestamp('26/05/24','DD/MM/RR HH24:MI:SSXFF'),17,9);
Insert into "OFFICE24"."MEMBER_STATISTICS" (REPORT_DATE,MEMBER_CREATE,MEMBER_DELETE) values (to_timestamp('27/05/24','DD/MM/RR HH24:MI:SSXFF'),7,0);
Insert into "OFFICE24"."MEMBER_STATISTICS" (REPORT_DATE,MEMBER_CREATE,MEMBER_DELETE) values (to_timestamp('28/05/24','DD/MM/RR HH24:MI:SSXFF'),17,0);
Insert into "OFFICE24"."MEMBER_STATISTICS" (REPORT_DATE,MEMBER_CREATE,MEMBER_DELETE) values (to_timestamp('29/05/24','DD/MM/RR HH24:MI:SSXFF'),12,2);
Insert into "OFFICE24"."MEMBER_STATISTICS" (REPORT_DATE,MEMBER_CREATE,MEMBER_DELETE) values (to_timestamp('30/05/24','DD/MM/RR HH24:MI:SSXFF'),12,2);
Insert into "OFFICE24"."MEMBER_STATISTICS" (REPORT_DATE,MEMBER_CREATE,MEMBER_DELETE) values (to_timestamp('31/05/24','DD/MM/RR HH24:MI:SSXFF'),9,3);
Insert into "OFFICE24"."MEMBER_STATISTICS" (REPORT_DATE,MEMBER_CREATE,MEMBER_DELETE) values (to_timestamp('01/06/24','DD/MM/RR HH24:MI:SSXFF'),7,4);
Insert into "OFFICE24"."MEMBER_STATISTICS" (REPORT_DATE,MEMBER_CREATE,MEMBER_DELETE) values (to_timestamp('02/06/24','DD/MM/RR HH24:MI:SSXFF'),15,2);
Insert into "OFFICE24"."MEMBER_STATISTICS" (REPORT_DATE,MEMBER_CREATE,MEMBER_DELETE) values (to_timestamp('03/06/24','DD/MM/RR HH24:MI:SSXFF'),14,2);
Insert into "OFFICE24"."MEMBER_STATISTICS" (REPORT_DATE,MEMBER_CREATE,MEMBER_DELETE) values (to_timestamp('04/06/24','DD/MM/RR HH24:MI:SSXFF'),18,5);
Insert into "OFFICE24"."MEMBER_STATISTICS" (REPORT_DATE,MEMBER_CREATE,MEMBER_DELETE) values (to_timestamp('05/06/24','DD/MM/RR HH24:MI:SSXFF'),3,0);
Insert into "OFFICE24"."MEMBER_STATISTICS" (REPORT_DATE,MEMBER_CREATE,MEMBER_DELETE) values (to_timestamp('06/06/24','DD/MM/RR HH24:MI:SSXFF'),12,7);
Insert into "OFFICE24"."MEMBER_STATISTICS" (REPORT_DATE,MEMBER_CREATE,MEMBER_DELETE) values (to_timestamp('07/06/24','DD/MM/RR HH24:MI:SSXFF'),19,3);
Insert into "OFFICE24"."MEMBER_STATISTICS" (REPORT_DATE,MEMBER_CREATE,MEMBER_DELETE) values (to_timestamp('08/06/24','DD/MM/RR HH24:MI:SSXFF'),8,9);
Insert into "OFFICE24"."MEMBER_STATISTICS" (REPORT_DATE,MEMBER_CREATE,MEMBER_DELETE) values (to_timestamp('09/06/24','DD/MM/RR HH24:MI:SSXFF'),6,9);
Insert into "OFFICE24"."MEMBER_STATISTICS" (REPORT_DATE,MEMBER_CREATE,MEMBER_DELETE) values (to_timestamp('10/06/24','DD/MM/RR HH24:MI:SSXFF'),16,7);
Insert into "OFFICE24"."MEMBER_STATISTICS" (REPORT_DATE,MEMBER_CREATE,MEMBER_DELETE) values (to_timestamp('11/06/24','DD/MM/RR HH24:MI:SSXFF'),4,9);
Insert into "OFFICE24"."MEMBER_STATISTICS" (REPORT_DATE,MEMBER_CREATE,MEMBER_DELETE) values (to_timestamp('12/06/24','DD/MM/RR HH24:MI:SSXFF'),6,9);
Insert into "OFFICE24"."MEMBER_STATISTICS" (REPORT_DATE,MEMBER_CREATE,MEMBER_DELETE) values (to_timestamp('13/06/24','DD/MM/RR HH24:MI:SSXFF'),13,9);
Insert into "OFFICE24"."MEMBER_STATISTICS" (REPORT_DATE,MEMBER_CREATE,MEMBER_DELETE) values (to_timestamp('14/06/24','DD/MM/RR HH24:MI:SSXFF'),9,0);
Insert into "OFFICE24"."MEMBER_STATISTICS" (REPORT_DATE,MEMBER_CREATE,MEMBER_DELETE) values (to_timestamp('15/06/24','DD/MM/RR HH24:MI:SSXFF'),0,8);
Insert into "OFFICE24"."MEMBER_STATISTICS" (REPORT_DATE,MEMBER_CREATE,MEMBER_DELETE) values (to_timestamp('16/06/24','DD/MM/RR HH24:MI:SSXFF'),4,4);
Insert into "OFFICE24"."MEMBER_STATISTICS" (REPORT_DATE,MEMBER_CREATE,MEMBER_DELETE) values (to_timestamp('17/06/24','DD/MM/RR HH24:MI:SSXFF'),15,8);
Insert into "OFFICE24"."MEMBER_STATISTICS" (REPORT_DATE,MEMBER_CREATE,MEMBER_DELETE) values (to_timestamp('18/06/24','DD/MM/RR HH24:MI:SSXFF'),8,3);
Insert into "OFFICE24"."MEMBER_STATISTICS" (REPORT_DATE,MEMBER_CREATE,MEMBER_DELETE) values (to_timestamp('19/06/24','DD/MM/RR HH24:MI:SSXFF'),9,6);
Insert into "OFFICE24"."MEMBER_STATISTICS" (REPORT_DATE,MEMBER_CREATE,MEMBER_DELETE) values (to_timestamp('20/06/24','DD/MM/RR HH24:MI:SSXFF'),4,0);
Insert into "OFFICE24"."MEMBER_STATISTICS" (REPORT_DATE,MEMBER_CREATE,MEMBER_DELETE) values (to_timestamp('21/06/24','DD/MM/RR HH24:MI:SSXFF'),4,3);
Insert into "OFFICE24"."MEMBER_STATISTICS" (REPORT_DATE,MEMBER_CREATE,MEMBER_DELETE) values (to_timestamp('22/06/24','DD/MM/RR HH24:MI:SSXFF'),7,8);
Insert into "OFFICE24"."MEMBER_STATISTICS" (REPORT_DATE,MEMBER_CREATE,MEMBER_DELETE) values (to_timestamp('23/06/24','DD/MM/RR HH24:MI:SSXFF'),4,7);
Insert into "OFFICE24"."MEMBER_STATISTICS" (REPORT_DATE,MEMBER_CREATE,MEMBER_DELETE) values (to_timestamp('24/06/24','DD/MM/RR HH24:MI:SSXFF'),18,1);
Insert into "OFFICE24"."MEMBER_STATISTICS" (REPORT_DATE,MEMBER_CREATE,MEMBER_DELETE) values (to_timestamp('25/06/24','DD/MM/RR HH24:MI:SSXFF'),18,4);
Insert into "OFFICE24"."MEMBER_STATISTICS" (REPORT_DATE,MEMBER_CREATE,MEMBER_DELETE) values (to_timestamp('26/06/24','DD/MM/RR HH24:MI:SSXFF'),19,8);
Insert into "OFFICE24"."MEMBER_STATISTICS" (REPORT_DATE,MEMBER_CREATE,MEMBER_DELETE) values (to_timestamp('27/06/24','DD/MM/RR HH24:MI:SSXFF'),3,8);
Insert into "OFFICE24"."MEMBER_STATISTICS" (REPORT_DATE,MEMBER_CREATE,MEMBER_DELETE) values (to_timestamp('28/06/24','DD/MM/RR HH24:MI:SSXFF'),7,0);
Insert into "OFFICE24"."MEMBER_STATISTICS" (REPORT_DATE,MEMBER_CREATE,MEMBER_DELETE) values (to_timestamp('29/06/24','DD/MM/RR HH24:MI:SSXFF'),7,2);
Insert into "OFFICE24"."MEMBER_STATISTICS" (REPORT_DATE,MEMBER_CREATE,MEMBER_DELETE) values (to_timestamp('30/06/24','DD/MM/RR HH24:MI:SSXFF'),6,7);
Insert into "OFFICE24"."MEMBER_STATISTICS" (REPORT_DATE,MEMBER_CREATE,MEMBER_DELETE) values (to_timestamp('01/07/24','DD/MM/RR HH24:MI:SSXFF'),3,1);
Insert into "OFFICE24"."MEMBER_STATISTICS" (REPORT_DATE,MEMBER_CREATE,MEMBER_DELETE) values (to_timestamp('02/07/24','DD/MM/RR HH24:MI:SSXFF'),0,9);
Insert into "OFFICE24"."MEMBER_STATISTICS" (REPORT_DATE,MEMBER_CREATE,MEMBER_DELETE) values (to_timestamp('03/07/24','DD/MM/RR HH24:MI:SSXFF'),19,0);
Insert into "OFFICE24"."MEMBER_STATISTICS" (REPORT_DATE,MEMBER_CREATE,MEMBER_DELETE) values (to_timestamp('04/07/24','DD/MM/RR HH24:MI:SSXFF'),2,4);
Insert into "OFFICE24"."MEMBER_STATISTICS" (REPORT_DATE,MEMBER_CREATE,MEMBER_DELETE) values (to_timestamp('05/07/24','DD/MM/RR HH24:MI:SSXFF'),18,6);
Insert into "OFFICE24"."MEMBER_STATISTICS" (REPORT_DATE,MEMBER_CREATE,MEMBER_DELETE) values (to_timestamp('06/07/24','DD/MM/RR HH24:MI:SSXFF'),18,5);
Insert into "OFFICE24"."MEMBER_STATISTICS" (REPORT_DATE,MEMBER_CREATE,MEMBER_DELETE) values (to_timestamp('07/07/24','DD/MM/RR HH24:MI:SSXFF'),5,2);
Insert into "OFFICE24"."MEMBER_STATISTICS" (REPORT_DATE,MEMBER_CREATE,MEMBER_DELETE) values (to_timestamp('08/07/24','DD/MM/RR HH24:MI:SSXFF'),12,4);
Insert into "OFFICE24"."MEMBER_STATISTICS" (REPORT_DATE,MEMBER_CREATE,MEMBER_DELETE) values (to_timestamp('09/07/24','DD/MM/RR HH24:MI:SSXFF'),14,2);
Insert into "OFFICE24"."MEMBER_STATISTICS" (REPORT_DATE,MEMBER_CREATE,MEMBER_DELETE) values (to_timestamp('10/07/24','DD/MM/RR HH24:MI:SSXFF'),3,5);
Insert into "OFFICE24"."MEMBER_STATISTICS" (REPORT_DATE,MEMBER_CREATE,MEMBER_DELETE) values (to_timestamp('11/07/24','DD/MM/RR HH24:MI:SSXFF'),8,4);
Insert into "OFFICE24"."MEMBER_STATISTICS" (REPORT_DATE,MEMBER_CREATE,MEMBER_DELETE) values (to_timestamp('12/07/24','DD/MM/RR HH24:MI:SSXFF'),18,1);
Insert into "OFFICE24"."MEMBER_STATISTICS" (REPORT_DATE,MEMBER_CREATE,MEMBER_DELETE) values (to_timestamp('13/07/24','DD/MM/RR HH24:MI:SSXFF'),13,6);
Insert into "OFFICE24"."MEMBER_STATISTICS" (REPORT_DATE,MEMBER_CREATE,MEMBER_DELETE) values (to_timestamp('14/07/24','DD/MM/RR HH24:MI:SSXFF'),10,1);
Insert into "OFFICE24"."MEMBER_STATISTICS" (REPORT_DATE,MEMBER_CREATE,MEMBER_DELETE) values (to_timestamp('15/07/24','DD/MM/RR HH24:MI:SSXFF'),3,7);
Insert into "OFFICE24"."MEMBER_STATISTICS" (REPORT_DATE,MEMBER_CREATE,MEMBER_DELETE) values (to_timestamp('16/07/24','DD/MM/RR HH24:MI:SSXFF'),2,6);
Insert into "OFFICE24"."MEMBER_STATISTICS" (REPORT_DATE,MEMBER_CREATE,MEMBER_DELETE) values (to_timestamp('17/07/24','DD/MM/RR HH24:MI:SSXFF'),16,2);
Insert into "OFFICE24"."MEMBER_STATISTICS" (REPORT_DATE,MEMBER_CREATE,MEMBER_DELETE) values (to_timestamp('18/07/24','DD/MM/RR HH24:MI:SSXFF'),18,1);
Insert into "OFFICE24"."MEMBER_STATISTICS" (REPORT_DATE,MEMBER_CREATE,MEMBER_DELETE) values (to_timestamp('19/07/24','DD/MM/RR HH24:MI:SSXFF'),8,5);
Insert into "OFFICE24"."MEMBER_STATISTICS" (REPORT_DATE,MEMBER_CREATE,MEMBER_DELETE) values (to_timestamp('20/07/24','DD/MM/RR HH24:MI:SSXFF'),6,1);
Insert into "OFFICE24"."MEMBER_STATISTICS" (REPORT_DATE,MEMBER_CREATE,MEMBER_DELETE) values (to_timestamp('21/07/24','DD/MM/RR HH24:MI:SSXFF'),7,8);
Insert into "OFFICE24"."MEMBER_STATISTICS" (REPORT_DATE,MEMBER_CREATE,MEMBER_DELETE) values (to_timestamp('22/07/24','DD/MM/RR HH24:MI:SSXFF'),14,1);
Insert into "OFFICE24"."MEMBER_STATISTICS" (REPORT_DATE,MEMBER_CREATE,MEMBER_DELETE) values (to_timestamp('23/07/24','DD/MM/RR HH24:MI:SSXFF'),14,5);
Insert into "OFFICE24"."MEMBER_STATISTICS" (REPORT_DATE,MEMBER_CREATE,MEMBER_DELETE) values (to_timestamp('24/07/24','DD/MM/RR HH24:MI:SSXFF'),6,8);
Insert into "OFFICE24"."MEMBER_STATISTICS" (REPORT_DATE,MEMBER_CREATE,MEMBER_DELETE) values (to_timestamp('25/07/24','DD/MM/RR HH24:MI:SSXFF'),1,5);
Insert into "OFFICE24"."MEMBER_STATISTICS" (REPORT_DATE,MEMBER_CREATE,MEMBER_DELETE) values (to_timestamp('26/07/24','DD/MM/RR HH24:MI:SSXFF'),11,8);
Insert into "OFFICE24"."MEMBER_STATISTICS" (REPORT_DATE,MEMBER_CREATE,MEMBER_DELETE) values (to_timestamp('27/07/24','DD/MM/RR HH24:MI:SSXFF'),14,2);
Insert into "OFFICE24"."MEMBER_STATISTICS" (REPORT_DATE,MEMBER_CREATE,MEMBER_DELETE) values (to_timestamp('28/07/24','DD/MM/RR HH24:MI:SSXFF'),18,8);
Insert into "OFFICE24"."MEMBER_STATISTICS" (REPORT_DATE,MEMBER_CREATE,MEMBER_DELETE) values (to_timestamp('29/07/24','DD/MM/RR HH24:MI:SSXFF'),15,5);
Insert into "OFFICE24"."MEMBER_STATISTICS" (REPORT_DATE,MEMBER_CREATE,MEMBER_DELETE) values (to_timestamp('30/07/24','DD/MM/RR HH24:MI:SSXFF'),1,1);
Insert into "OFFICE24"."MEMBER_STATISTICS" (REPORT_DATE,MEMBER_CREATE,MEMBER_DELETE) values (to_timestamp('31/07/24','DD/MM/RR HH24:MI:SSXFF'),17,2);
Insert into "OFFICE24"."MEMBER_STATISTICS" (REPORT_DATE,MEMBER_CREATE,MEMBER_DELETE) values (to_timestamp('14/08/24','DD/MM/RR HH24:MI:SSXFF'),2,0);
Insert into "OFFICE24"."MANAGER_STATISTICS" (REPORT_DATE,MANAGER_CREATE,MANAGER_DELETE) values (to_timestamp('15/08/24','DD/MM/RR HH24:MI:SSXFF'),30,0);
Insert into "OFFICE24"."MANAGER_STATISTICS" (REPORT_DATE,MANAGER_CREATE,MANAGER_DELETE) values (to_timestamp('08/08/24','DD/MM/RR HH24:MI:SSXFF'),100,0);
Insert into "OFFICE24"."MANAGER_STATISTICS" (REPORT_DATE,MANAGER_CREATE,MANAGER_DELETE) values (to_timestamp('01/01/24','DD/MM/RR HH24:MI:SSXFF'),0,3);
Insert into "OFFICE24"."MANAGER_STATISTICS" (REPORT_DATE,MANAGER_CREATE,MANAGER_DELETE) values (to_timestamp('02/01/24','DD/MM/RR HH24:MI:SSXFF'),8,4);
Insert into "OFFICE24"."MANAGER_STATISTICS" (REPORT_DATE,MANAGER_CREATE,MANAGER_DELETE) values (to_timestamp('03/01/24','DD/MM/RR HH24:MI:SSXFF'),7,3);
Insert into "OFFICE24"."MANAGER_STATISTICS" (REPORT_DATE,MANAGER_CREATE,MANAGER_DELETE) values (to_timestamp('04/01/24','DD/MM/RR HH24:MI:SSXFF'),7,4);
Insert into "OFFICE24"."MANAGER_STATISTICS" (REPORT_DATE,MANAGER_CREATE,MANAGER_DELETE) values (to_timestamp('05/01/24','DD/MM/RR HH24:MI:SSXFF'),6,0);
Insert into "OFFICE24"."MANAGER_STATISTICS" (REPORT_DATE,MANAGER_CREATE,MANAGER_DELETE) values (to_timestamp('06/01/24','DD/MM/RR HH24:MI:SSXFF'),1,4);
Insert into "OFFICE24"."MANAGER_STATISTICS" (REPORT_DATE,MANAGER_CREATE,MANAGER_DELETE) values (to_timestamp('07/01/24','DD/MM/RR HH24:MI:SSXFF'),7,0);
Insert into "OFFICE24"."MANAGER_STATISTICS" (REPORT_DATE,MANAGER_CREATE,MANAGER_DELETE) values (to_timestamp('08/01/24','DD/MM/RR HH24:MI:SSXFF'),0,1);
Insert into "OFFICE24"."MANAGER_STATISTICS" (REPORT_DATE,MANAGER_CREATE,MANAGER_DELETE) values (to_timestamp('09/01/24','DD/MM/RR HH24:MI:SSXFF'),0,3);
Insert into "OFFICE24"."MANAGER_STATISTICS" (REPORT_DATE,MANAGER_CREATE,MANAGER_DELETE) values (to_timestamp('10/01/24','DD/MM/RR HH24:MI:SSXFF'),1,0);
Insert into "OFFICE24"."MANAGER_STATISTICS" (REPORT_DATE,MANAGER_CREATE,MANAGER_DELETE) values (to_timestamp('11/01/24','DD/MM/RR HH24:MI:SSXFF'),9,4);
Insert into "OFFICE24"."MANAGER_STATISTICS" (REPORT_DATE,MANAGER_CREATE,MANAGER_DELETE) values (to_timestamp('12/01/24','DD/MM/RR HH24:MI:SSXFF'),0,0);
Insert into "OFFICE24"."MANAGER_STATISTICS" (REPORT_DATE,MANAGER_CREATE,MANAGER_DELETE) values (to_timestamp('13/01/24','DD/MM/RR HH24:MI:SSXFF'),4,2);
Insert into "OFFICE24"."MANAGER_STATISTICS" (REPORT_DATE,MANAGER_CREATE,MANAGER_DELETE) values (to_timestamp('14/01/24','DD/MM/RR HH24:MI:SSXFF'),7,0);
Insert into "OFFICE24"."MANAGER_STATISTICS" (REPORT_DATE,MANAGER_CREATE,MANAGER_DELETE) values (to_timestamp('15/01/24','DD/MM/RR HH24:MI:SSXFF'),3,1);
Insert into "OFFICE24"."MANAGER_STATISTICS" (REPORT_DATE,MANAGER_CREATE,MANAGER_DELETE) values (to_timestamp('16/01/24','DD/MM/RR HH24:MI:SSXFF'),7,2);
Insert into "OFFICE24"."MANAGER_STATISTICS" (REPORT_DATE,MANAGER_CREATE,MANAGER_DELETE) values (to_timestamp('17/01/24','DD/MM/RR HH24:MI:SSXFF'),9,1);
Insert into "OFFICE24"."MANAGER_STATISTICS" (REPORT_DATE,MANAGER_CREATE,MANAGER_DELETE) values (to_timestamp('18/01/24','DD/MM/RR HH24:MI:SSXFF'),7,2);
Insert into "OFFICE24"."MANAGER_STATISTICS" (REPORT_DATE,MANAGER_CREATE,MANAGER_DELETE) values (to_timestamp('19/01/24','DD/MM/RR HH24:MI:SSXFF'),8,2);
Insert into "OFFICE24"."MANAGER_STATISTICS" (REPORT_DATE,MANAGER_CREATE,MANAGER_DELETE) values (to_timestamp('20/01/24','DD/MM/RR HH24:MI:SSXFF'),5,4);
Insert into "OFFICE24"."MANAGER_STATISTICS" (REPORT_DATE,MANAGER_CREATE,MANAGER_DELETE) values (to_timestamp('21/01/24','DD/MM/RR HH24:MI:SSXFF'),9,1);
Insert into "OFFICE24"."MANAGER_STATISTICS" (REPORT_DATE,MANAGER_CREATE,MANAGER_DELETE) values (to_timestamp('22/01/24','DD/MM/RR HH24:MI:SSXFF'),4,1);
Insert into "OFFICE24"."MANAGER_STATISTICS" (REPORT_DATE,MANAGER_CREATE,MANAGER_DELETE) values (to_timestamp('23/01/24','DD/MM/RR HH24:MI:SSXFF'),9,3);
Insert into "OFFICE24"."MANAGER_STATISTICS" (REPORT_DATE,MANAGER_CREATE,MANAGER_DELETE) values (to_timestamp('24/01/24','DD/MM/RR HH24:MI:SSXFF'),5,0);
Insert into "OFFICE24"."MANAGER_STATISTICS" (REPORT_DATE,MANAGER_CREATE,MANAGER_DELETE) values (to_timestamp('25/01/24','DD/MM/RR HH24:MI:SSXFF'),6,4);
Insert into "OFFICE24"."MANAGER_STATISTICS" (REPORT_DATE,MANAGER_CREATE,MANAGER_DELETE) values (to_timestamp('26/01/24','DD/MM/RR HH24:MI:SSXFF'),6,0);
Insert into "OFFICE24"."MANAGER_STATISTICS" (REPORT_DATE,MANAGER_CREATE,MANAGER_DELETE) values (to_timestamp('27/01/24','DD/MM/RR HH24:MI:SSXFF'),0,4);
Insert into "OFFICE24"."MANAGER_STATISTICS" (REPORT_DATE,MANAGER_CREATE,MANAGER_DELETE) values (to_timestamp('28/01/24','DD/MM/RR HH24:MI:SSXFF'),2,2);
Insert into "OFFICE24"."MANAGER_STATISTICS" (REPORT_DATE,MANAGER_CREATE,MANAGER_DELETE) values (to_timestamp('29/01/24','DD/MM/RR HH24:MI:SSXFF'),3,2);
Insert into "OFFICE24"."MANAGER_STATISTICS" (REPORT_DATE,MANAGER_CREATE,MANAGER_DELETE) values (to_timestamp('30/01/24','DD/MM/RR HH24:MI:SSXFF'),9,0);
Insert into "OFFICE24"."MANAGER_STATISTICS" (REPORT_DATE,MANAGER_CREATE,MANAGER_DELETE) values (to_timestamp('31/01/24','DD/MM/RR HH24:MI:SSXFF'),9,2);
Insert into "OFFICE24"."MANAGER_STATISTICS" (REPORT_DATE,MANAGER_CREATE,MANAGER_DELETE) values (to_timestamp('01/02/24','DD/MM/RR HH24:MI:SSXFF'),3,3);
Insert into "OFFICE24"."MANAGER_STATISTICS" (REPORT_DATE,MANAGER_CREATE,MANAGER_DELETE) values (to_timestamp('02/02/24','DD/MM/RR HH24:MI:SSXFF'),3,4);
Insert into "OFFICE24"."MANAGER_STATISTICS" (REPORT_DATE,MANAGER_CREATE,MANAGER_DELETE) values (to_timestamp('03/02/24','DD/MM/RR HH24:MI:SSXFF'),4,3);
Insert into "OFFICE24"."MANAGER_STATISTICS" (REPORT_DATE,MANAGER_CREATE,MANAGER_DELETE) values (to_timestamp('04/02/24','DD/MM/RR HH24:MI:SSXFF'),5,2);
Insert into "OFFICE24"."MANAGER_STATISTICS" (REPORT_DATE,MANAGER_CREATE,MANAGER_DELETE) values (to_timestamp('05/02/24','DD/MM/RR HH24:MI:SSXFF'),2,0);
Insert into "OFFICE24"."MANAGER_STATISTICS" (REPORT_DATE,MANAGER_CREATE,MANAGER_DELETE) values (to_timestamp('06/02/24','DD/MM/RR HH24:MI:SSXFF'),9,3);
Insert into "OFFICE24"."MANAGER_STATISTICS" (REPORT_DATE,MANAGER_CREATE,MANAGER_DELETE) values (to_timestamp('07/02/24','DD/MM/RR HH24:MI:SSXFF'),4,4);
Insert into "OFFICE24"."MANAGER_STATISTICS" (REPORT_DATE,MANAGER_CREATE,MANAGER_DELETE) values (to_timestamp('08/02/24','DD/MM/RR HH24:MI:SSXFF'),6,2);
Insert into "OFFICE24"."MANAGER_STATISTICS" (REPORT_DATE,MANAGER_CREATE,MANAGER_DELETE) values (to_timestamp('09/02/24','DD/MM/RR HH24:MI:SSXFF'),0,0);
Insert into "OFFICE24"."MANAGER_STATISTICS" (REPORT_DATE,MANAGER_CREATE,MANAGER_DELETE) values (to_timestamp('10/02/24','DD/MM/RR HH24:MI:SSXFF'),5,1);
Insert into "OFFICE24"."MANAGER_STATISTICS" (REPORT_DATE,MANAGER_CREATE,MANAGER_DELETE) values (to_timestamp('11/02/24','DD/MM/RR HH24:MI:SSXFF'),0,2);
Insert into "OFFICE24"."MANAGER_STATISTICS" (REPORT_DATE,MANAGER_CREATE,MANAGER_DELETE) values (to_timestamp('12/02/24','DD/MM/RR HH24:MI:SSXFF'),1,0);
Insert into "OFFICE24"."MANAGER_STATISTICS" (REPORT_DATE,MANAGER_CREATE,MANAGER_DELETE) values (to_timestamp('13/02/24','DD/MM/RR HH24:MI:SSXFF'),0,1);
Insert into "OFFICE24"."MANAGER_STATISTICS" (REPORT_DATE,MANAGER_CREATE,MANAGER_DELETE) values (to_timestamp('14/02/24','DD/MM/RR HH24:MI:SSXFF'),7,3);
Insert into "OFFICE24"."MANAGER_STATISTICS" (REPORT_DATE,MANAGER_CREATE,MANAGER_DELETE) values (to_timestamp('15/02/24','DD/MM/RR HH24:MI:SSXFF'),5,4);
Insert into "OFFICE24"."MANAGER_STATISTICS" (REPORT_DATE,MANAGER_CREATE,MANAGER_DELETE) values (to_timestamp('16/02/24','DD/MM/RR HH24:MI:SSXFF'),9,4);
Insert into "OFFICE24"."MANAGER_STATISTICS" (REPORT_DATE,MANAGER_CREATE,MANAGER_DELETE) values (to_timestamp('17/02/24','DD/MM/RR HH24:MI:SSXFF'),5,1);
Insert into "OFFICE24"."MANAGER_STATISTICS" (REPORT_DATE,MANAGER_CREATE,MANAGER_DELETE) values (to_timestamp('18/02/24','DD/MM/RR HH24:MI:SSXFF'),0,4);
Insert into "OFFICE24"."MANAGER_STATISTICS" (REPORT_DATE,MANAGER_CREATE,MANAGER_DELETE) values (to_timestamp('19/02/24','DD/MM/RR HH24:MI:SSXFF'),9,2);
Insert into "OFFICE24"."MANAGER_STATISTICS" (REPORT_DATE,MANAGER_CREATE,MANAGER_DELETE) values (to_timestamp('20/02/24','DD/MM/RR HH24:MI:SSXFF'),2,3);
Insert into "OFFICE24"."MANAGER_STATISTICS" (REPORT_DATE,MANAGER_CREATE,MANAGER_DELETE) values (to_timestamp('21/02/24','DD/MM/RR HH24:MI:SSXFF'),0,3);
Insert into "OFFICE24"."MANAGER_STATISTICS" (REPORT_DATE,MANAGER_CREATE,MANAGER_DELETE) values (to_timestamp('22/02/24','DD/MM/RR HH24:MI:SSXFF'),5,0);
Insert into "OFFICE24"."MANAGER_STATISTICS" (REPORT_DATE,MANAGER_CREATE,MANAGER_DELETE) values (to_timestamp('23/02/24','DD/MM/RR HH24:MI:SSXFF'),9,3);
Insert into "OFFICE24"."MANAGER_STATISTICS" (REPORT_DATE,MANAGER_CREATE,MANAGER_DELETE) values (to_timestamp('24/02/24','DD/MM/RR HH24:MI:SSXFF'),4,1);
Insert into "OFFICE24"."MANAGER_STATISTICS" (REPORT_DATE,MANAGER_CREATE,MANAGER_DELETE) values (to_timestamp('25/02/24','DD/MM/RR HH24:MI:SSXFF'),6,4);
Insert into "OFFICE24"."MANAGER_STATISTICS" (REPORT_DATE,MANAGER_CREATE,MANAGER_DELETE) values (to_timestamp('26/02/24','DD/MM/RR HH24:MI:SSXFF'),9,0);
Insert into "OFFICE24"."MANAGER_STATISTICS" (REPORT_DATE,MANAGER_CREATE,MANAGER_DELETE) values (to_timestamp('27/02/24','DD/MM/RR HH24:MI:SSXFF'),5,0);
Insert into "OFFICE24"."MANAGER_STATISTICS" (REPORT_DATE,MANAGER_CREATE,MANAGER_DELETE) values (to_timestamp('28/02/24','DD/MM/RR HH24:MI:SSXFF'),4,2);
Insert into "OFFICE24"."MANAGER_STATISTICS" (REPORT_DATE,MANAGER_CREATE,MANAGER_DELETE) values (to_timestamp('29/02/24','DD/MM/RR HH24:MI:SSXFF'),8,0);
Insert into "OFFICE24"."MANAGER_STATISTICS" (REPORT_DATE,MANAGER_CREATE,MANAGER_DELETE) values (to_timestamp('01/03/24','DD/MM/RR HH24:MI:SSXFF'),5,0);
Insert into "OFFICE24"."MANAGER_STATISTICS" (REPORT_DATE,MANAGER_CREATE,MANAGER_DELETE) values (to_timestamp('02/03/24','DD/MM/RR HH24:MI:SSXFF'),4,2);
Insert into "OFFICE24"."MANAGER_STATISTICS" (REPORT_DATE,MANAGER_CREATE,MANAGER_DELETE) values (to_timestamp('03/03/24','DD/MM/RR HH24:MI:SSXFF'),4,4);
Insert into "OFFICE24"."MANAGER_STATISTICS" (REPORT_DATE,MANAGER_CREATE,MANAGER_DELETE) values (to_timestamp('04/03/24','DD/MM/RR HH24:MI:SSXFF'),3,0);
Insert into "OFFICE24"."MANAGER_STATISTICS" (REPORT_DATE,MANAGER_CREATE,MANAGER_DELETE) values (to_timestamp('05/03/24','DD/MM/RR HH24:MI:SSXFF'),5,2);
Insert into "OFFICE24"."MANAGER_STATISTICS" (REPORT_DATE,MANAGER_CREATE,MANAGER_DELETE) values (to_timestamp('06/03/24','DD/MM/RR HH24:MI:SSXFF'),3,4);
Insert into "OFFICE24"."MANAGER_STATISTICS" (REPORT_DATE,MANAGER_CREATE,MANAGER_DELETE) values (to_timestamp('07/03/24','DD/MM/RR HH24:MI:SSXFF'),3,0);
Insert into "OFFICE24"."MANAGER_STATISTICS" (REPORT_DATE,MANAGER_CREATE,MANAGER_DELETE) values (to_timestamp('08/03/24','DD/MM/RR HH24:MI:SSXFF'),7,0);
Insert into "OFFICE24"."MANAGER_STATISTICS" (REPORT_DATE,MANAGER_CREATE,MANAGER_DELETE) values (to_timestamp('09/03/24','DD/MM/RR HH24:MI:SSXFF'),4,0);
Insert into "OFFICE24"."MANAGER_STATISTICS" (REPORT_DATE,MANAGER_CREATE,MANAGER_DELETE) values (to_timestamp('10/03/24','DD/MM/RR HH24:MI:SSXFF'),1,3);
Insert into "OFFICE24"."MANAGER_STATISTICS" (REPORT_DATE,MANAGER_CREATE,MANAGER_DELETE) values (to_timestamp('11/03/24','DD/MM/RR HH24:MI:SSXFF'),3,3);
Insert into "OFFICE24"."MANAGER_STATISTICS" (REPORT_DATE,MANAGER_CREATE,MANAGER_DELETE) values (to_timestamp('12/03/24','DD/MM/RR HH24:MI:SSXFF'),1,3);
Insert into "OFFICE24"."MANAGER_STATISTICS" (REPORT_DATE,MANAGER_CREATE,MANAGER_DELETE) values (to_timestamp('13/03/24','DD/MM/RR HH24:MI:SSXFF'),6,0);
Insert into "OFFICE24"."MANAGER_STATISTICS" (REPORT_DATE,MANAGER_CREATE,MANAGER_DELETE) values (to_timestamp('14/03/24','DD/MM/RR HH24:MI:SSXFF'),9,2);
Insert into "OFFICE24"."MANAGER_STATISTICS" (REPORT_DATE,MANAGER_CREATE,MANAGER_DELETE) values (to_timestamp('15/03/24','DD/MM/RR HH24:MI:SSXFF'),2,2);
Insert into "OFFICE24"."MANAGER_STATISTICS" (REPORT_DATE,MANAGER_CREATE,MANAGER_DELETE) values (to_timestamp('16/03/24','DD/MM/RR HH24:MI:SSXFF'),4,3);
Insert into "OFFICE24"."MANAGER_STATISTICS" (REPORT_DATE,MANAGER_CREATE,MANAGER_DELETE) values (to_timestamp('17/03/24','DD/MM/RR HH24:MI:SSXFF'),9,1);
Insert into "OFFICE24"."MANAGER_STATISTICS" (REPORT_DATE,MANAGER_CREATE,MANAGER_DELETE) values (to_timestamp('18/03/24','DD/MM/RR HH24:MI:SSXFF'),0,3);
Insert into "OFFICE24"."MANAGER_STATISTICS" (REPORT_DATE,MANAGER_CREATE,MANAGER_DELETE) values (to_timestamp('19/03/24','DD/MM/RR HH24:MI:SSXFF'),5,2);
Insert into "OFFICE24"."MANAGER_STATISTICS" (REPORT_DATE,MANAGER_CREATE,MANAGER_DELETE) values (to_timestamp('20/03/24','DD/MM/RR HH24:MI:SSXFF'),6,0);
Insert into "OFFICE24"."MANAGER_STATISTICS" (REPORT_DATE,MANAGER_CREATE,MANAGER_DELETE) values (to_timestamp('21/03/24','DD/MM/RR HH24:MI:SSXFF'),5,1);
Insert into "OFFICE24"."MANAGER_STATISTICS" (REPORT_DATE,MANAGER_CREATE,MANAGER_DELETE) values (to_timestamp('22/03/24','DD/MM/RR HH24:MI:SSXFF'),6,4);
Insert into "OFFICE24"."MANAGER_STATISTICS" (REPORT_DATE,MANAGER_CREATE,MANAGER_DELETE) values (to_timestamp('23/03/24','DD/MM/RR HH24:MI:SSXFF'),4,2);
Insert into "OFFICE24"."MANAGER_STATISTICS" (REPORT_DATE,MANAGER_CREATE,MANAGER_DELETE) values (to_timestamp('24/03/24','DD/MM/RR HH24:MI:SSXFF'),0,2);
Insert into "OFFICE24"."MANAGER_STATISTICS" (REPORT_DATE,MANAGER_CREATE,MANAGER_DELETE) values (to_timestamp('25/03/24','DD/MM/RR HH24:MI:SSXFF'),0,3);
Insert into "OFFICE24"."MANAGER_STATISTICS" (REPORT_DATE,MANAGER_CREATE,MANAGER_DELETE) values (to_timestamp('26/03/24','DD/MM/RR HH24:MI:SSXFF'),8,4);
Insert into "OFFICE24"."MANAGER_STATISTICS" (REPORT_DATE,MANAGER_CREATE,MANAGER_DELETE) values (to_timestamp('27/03/24','DD/MM/RR HH24:MI:SSXFF'),1,0);
Insert into "OFFICE24"."MANAGER_STATISTICS" (REPORT_DATE,MANAGER_CREATE,MANAGER_DELETE) values (to_timestamp('28/03/24','DD/MM/RR HH24:MI:SSXFF'),8,0);
Insert into "OFFICE24"."MANAGER_STATISTICS" (REPORT_DATE,MANAGER_CREATE,MANAGER_DELETE) values (to_timestamp('29/03/24','DD/MM/RR HH24:MI:SSXFF'),1,2);
Insert into "OFFICE24"."MANAGER_STATISTICS" (REPORT_DATE,MANAGER_CREATE,MANAGER_DELETE) values (to_timestamp('30/03/24','DD/MM/RR HH24:MI:SSXFF'),9,3);
Insert into "OFFICE24"."MANAGER_STATISTICS" (REPORT_DATE,MANAGER_CREATE,MANAGER_DELETE) values (to_timestamp('31/03/24','DD/MM/RR HH24:MI:SSXFF'),3,3);
Insert into "OFFICE24"."MANAGER_STATISTICS" (REPORT_DATE,MANAGER_CREATE,MANAGER_DELETE) values (to_timestamp('01/04/24','DD/MM/RR HH24:MI:SSXFF'),6,2);
Insert into "OFFICE24"."MANAGER_STATISTICS" (REPORT_DATE,MANAGER_CREATE,MANAGER_DELETE) values (to_timestamp('02/04/24','DD/MM/RR HH24:MI:SSXFF'),8,1);
Insert into "OFFICE24"."MANAGER_STATISTICS" (REPORT_DATE,MANAGER_CREATE,MANAGER_DELETE) values (to_timestamp('03/04/24','DD/MM/RR HH24:MI:SSXFF'),5,4);
Insert into "OFFICE24"."MANAGER_STATISTICS" (REPORT_DATE,MANAGER_CREATE,MANAGER_DELETE) values (to_timestamp('04/04/24','DD/MM/RR HH24:MI:SSXFF'),6,2);
Insert into "OFFICE24"."MANAGER_STATISTICS" (REPORT_DATE,MANAGER_CREATE,MANAGER_DELETE) values (to_timestamp('05/04/24','DD/MM/RR HH24:MI:SSXFF'),2,0);
Insert into "OFFICE24"."MANAGER_STATISTICS" (REPORT_DATE,MANAGER_CREATE,MANAGER_DELETE) values (to_timestamp('06/04/24','DD/MM/RR HH24:MI:SSXFF'),3,3);
Insert into "OFFICE24"."MANAGER_STATISTICS" (REPORT_DATE,MANAGER_CREATE,MANAGER_DELETE) values (to_timestamp('07/04/24','DD/MM/RR HH24:MI:SSXFF'),5,4);
Insert into "OFFICE24"."MANAGER_STATISTICS" (REPORT_DATE,MANAGER_CREATE,MANAGER_DELETE) values (to_timestamp('08/04/24','DD/MM/RR HH24:MI:SSXFF'),1,1);
Insert into "OFFICE24"."MANAGER_STATISTICS" (REPORT_DATE,MANAGER_CREATE,MANAGER_DELETE) values (to_timestamp('09/04/24','DD/MM/RR HH24:MI:SSXFF'),2,3);
Insert into "OFFICE24"."MANAGER_STATISTICS" (REPORT_DATE,MANAGER_CREATE,MANAGER_DELETE) values (to_timestamp('10/04/24','DD/MM/RR HH24:MI:SSXFF'),7,4);
Insert into "OFFICE24"."MANAGER_STATISTICS" (REPORT_DATE,MANAGER_CREATE,MANAGER_DELETE) values (to_timestamp('11/04/24','DD/MM/RR HH24:MI:SSXFF'),2,2);
Insert into "OFFICE24"."MANAGER_STATISTICS" (REPORT_DATE,MANAGER_CREATE,MANAGER_DELETE) values (to_timestamp('12/04/24','DD/MM/RR HH24:MI:SSXFF'),5,1);
Insert into "OFFICE24"."MANAGER_STATISTICS" (REPORT_DATE,MANAGER_CREATE,MANAGER_DELETE) values (to_timestamp('13/04/24','DD/MM/RR HH24:MI:SSXFF'),8,0);
Insert into "OFFICE24"."MANAGER_STATISTICS" (REPORT_DATE,MANAGER_CREATE,MANAGER_DELETE) values (to_timestamp('14/04/24','DD/MM/RR HH24:MI:SSXFF'),8,4);
Insert into "OFFICE24"."MANAGER_STATISTICS" (REPORT_DATE,MANAGER_CREATE,MANAGER_DELETE) values (to_timestamp('15/04/24','DD/MM/RR HH24:MI:SSXFF'),3,4);
Insert into "OFFICE24"."MANAGER_STATISTICS" (REPORT_DATE,MANAGER_CREATE,MANAGER_DELETE) values (to_timestamp('16/04/24','DD/MM/RR HH24:MI:SSXFF'),2,1);
Insert into "OFFICE24"."MANAGER_STATISTICS" (REPORT_DATE,MANAGER_CREATE,MANAGER_DELETE) values (to_timestamp('17/04/24','DD/MM/RR HH24:MI:SSXFF'),5,1);
Insert into "OFFICE24"."MANAGER_STATISTICS" (REPORT_DATE,MANAGER_CREATE,MANAGER_DELETE) values (to_timestamp('18/04/24','DD/MM/RR HH24:MI:SSXFF'),7,1);
Insert into "OFFICE24"."MANAGER_STATISTICS" (REPORT_DATE,MANAGER_CREATE,MANAGER_DELETE) values (to_timestamp('19/04/24','DD/MM/RR HH24:MI:SSXFF'),7,0);
Insert into "OFFICE24"."MANAGER_STATISTICS" (REPORT_DATE,MANAGER_CREATE,MANAGER_DELETE) values (to_timestamp('20/04/24','DD/MM/RR HH24:MI:SSXFF'),8,1);
Insert into "OFFICE24"."MANAGER_STATISTICS" (REPORT_DATE,MANAGER_CREATE,MANAGER_DELETE) values (to_timestamp('21/04/24','DD/MM/RR HH24:MI:SSXFF'),4,1);
Insert into "OFFICE24"."MANAGER_STATISTICS" (REPORT_DATE,MANAGER_CREATE,MANAGER_DELETE) values (to_timestamp('22/04/24','DD/MM/RR HH24:MI:SSXFF'),4,1);
Insert into "OFFICE24"."MANAGER_STATISTICS" (REPORT_DATE,MANAGER_CREATE,MANAGER_DELETE) values (to_timestamp('23/04/24','DD/MM/RR HH24:MI:SSXFF'),6,1);
Insert into "OFFICE24"."MANAGER_STATISTICS" (REPORT_DATE,MANAGER_CREATE,MANAGER_DELETE) values (to_timestamp('24/04/24','DD/MM/RR HH24:MI:SSXFF'),3,0);
Insert into "OFFICE24"."MANAGER_STATISTICS" (REPORT_DATE,MANAGER_CREATE,MANAGER_DELETE) values (to_timestamp('25/04/24','DD/MM/RR HH24:MI:SSXFF'),8,4);
Insert into "OFFICE24"."MANAGER_STATISTICS" (REPORT_DATE,MANAGER_CREATE,MANAGER_DELETE) values (to_timestamp('26/04/24','DD/MM/RR HH24:MI:SSXFF'),2,1);
Insert into "OFFICE24"."MANAGER_STATISTICS" (REPORT_DATE,MANAGER_CREATE,MANAGER_DELETE) values (to_timestamp('27/04/24','DD/MM/RR HH24:MI:SSXFF'),1,4);
Insert into "OFFICE24"."MANAGER_STATISTICS" (REPORT_DATE,MANAGER_CREATE,MANAGER_DELETE) values (to_timestamp('28/04/24','DD/MM/RR HH24:MI:SSXFF'),0,2);
Insert into "OFFICE24"."MANAGER_STATISTICS" (REPORT_DATE,MANAGER_CREATE,MANAGER_DELETE) values (to_timestamp('29/04/24','DD/MM/RR HH24:MI:SSXFF'),4,3);
Insert into "OFFICE24"."MANAGER_STATISTICS" (REPORT_DATE,MANAGER_CREATE,MANAGER_DELETE) values (to_timestamp('30/04/24','DD/MM/RR HH24:MI:SSXFF'),3,4);
Insert into "OFFICE24"."MANAGER_STATISTICS" (REPORT_DATE,MANAGER_CREATE,MANAGER_DELETE) values (to_timestamp('01/05/24','DD/MM/RR HH24:MI:SSXFF'),8,4);
Insert into "OFFICE24"."MANAGER_STATISTICS" (REPORT_DATE,MANAGER_CREATE,MANAGER_DELETE) values (to_timestamp('02/05/24','DD/MM/RR HH24:MI:SSXFF'),8,4);
Insert into "OFFICE24"."MANAGER_STATISTICS" (REPORT_DATE,MANAGER_CREATE,MANAGER_DELETE) values (to_timestamp('03/05/24','DD/MM/RR HH24:MI:SSXFF'),3,0);
Insert into "OFFICE24"."MANAGER_STATISTICS" (REPORT_DATE,MANAGER_CREATE,MANAGER_DELETE) values (to_timestamp('04/05/24','DD/MM/RR HH24:MI:SSXFF'),0,1);
Insert into "OFFICE24"."MANAGER_STATISTICS" (REPORT_DATE,MANAGER_CREATE,MANAGER_DELETE) values (to_timestamp('05/05/24','DD/MM/RR HH24:MI:SSXFF'),9,0);
Insert into "OFFICE24"."MANAGER_STATISTICS" (REPORT_DATE,MANAGER_CREATE,MANAGER_DELETE) values (to_timestamp('06/05/24','DD/MM/RR HH24:MI:SSXFF'),5,3);
Insert into "OFFICE24"."MANAGER_STATISTICS" (REPORT_DATE,MANAGER_CREATE,MANAGER_DELETE) values (to_timestamp('07/05/24','DD/MM/RR HH24:MI:SSXFF'),0,1);
Insert into "OFFICE24"."MANAGER_STATISTICS" (REPORT_DATE,MANAGER_CREATE,MANAGER_DELETE) values (to_timestamp('08/05/24','DD/MM/RR HH24:MI:SSXFF'),1,4);
Insert into "OFFICE24"."MANAGER_STATISTICS" (REPORT_DATE,MANAGER_CREATE,MANAGER_DELETE) values (to_timestamp('09/05/24','DD/MM/RR HH24:MI:SSXFF'),6,4);
Insert into "OFFICE24"."MANAGER_STATISTICS" (REPORT_DATE,MANAGER_CREATE,MANAGER_DELETE) values (to_timestamp('10/05/24','DD/MM/RR HH24:MI:SSXFF'),2,3);
Insert into "OFFICE24"."MANAGER_STATISTICS" (REPORT_DATE,MANAGER_CREATE,MANAGER_DELETE) values (to_timestamp('11/05/24','DD/MM/RR HH24:MI:SSXFF'),9,0);
Insert into "OFFICE24"."MANAGER_STATISTICS" (REPORT_DATE,MANAGER_CREATE,MANAGER_DELETE) values (to_timestamp('12/05/24','DD/MM/RR HH24:MI:SSXFF'),1,2);
Insert into "OFFICE24"."MANAGER_STATISTICS" (REPORT_DATE,MANAGER_CREATE,MANAGER_DELETE) values (to_timestamp('13/05/24','DD/MM/RR HH24:MI:SSXFF'),7,1);
Insert into "OFFICE24"."MANAGER_STATISTICS" (REPORT_DATE,MANAGER_CREATE,MANAGER_DELETE) values (to_timestamp('14/05/24','DD/MM/RR HH24:MI:SSXFF'),8,0);
Insert into "OFFICE24"."MANAGER_STATISTICS" (REPORT_DATE,MANAGER_CREATE,MANAGER_DELETE) values (to_timestamp('15/05/24','DD/MM/RR HH24:MI:SSXFF'),9,0);
Insert into "OFFICE24"."MANAGER_STATISTICS" (REPORT_DATE,MANAGER_CREATE,MANAGER_DELETE) values (to_timestamp('16/05/24','DD/MM/RR HH24:MI:SSXFF'),1,2);
Insert into "OFFICE24"."MANAGER_STATISTICS" (REPORT_DATE,MANAGER_CREATE,MANAGER_DELETE) values (to_timestamp('17/05/24','DD/MM/RR HH24:MI:SSXFF'),0,3);
Insert into "OFFICE24"."MANAGER_STATISTICS" (REPORT_DATE,MANAGER_CREATE,MANAGER_DELETE) values (to_timestamp('18/05/24','DD/MM/RR HH24:MI:SSXFF'),2,4);
Insert into "OFFICE24"."MANAGER_STATISTICS" (REPORT_DATE,MANAGER_CREATE,MANAGER_DELETE) values (to_timestamp('19/05/24','DD/MM/RR HH24:MI:SSXFF'),4,2);
Insert into "OFFICE24"."MANAGER_STATISTICS" (REPORT_DATE,MANAGER_CREATE,MANAGER_DELETE) values (to_timestamp('20/05/24','DD/MM/RR HH24:MI:SSXFF'),6,3);
Insert into "OFFICE24"."MANAGER_STATISTICS" (REPORT_DATE,MANAGER_CREATE,MANAGER_DELETE) values (to_timestamp('21/05/24','DD/MM/RR HH24:MI:SSXFF'),2,4);
Insert into "OFFICE24"."MANAGER_STATISTICS" (REPORT_DATE,MANAGER_CREATE,MANAGER_DELETE) values (to_timestamp('22/05/24','DD/MM/RR HH24:MI:SSXFF'),7,4);
Insert into "OFFICE24"."MANAGER_STATISTICS" (REPORT_DATE,MANAGER_CREATE,MANAGER_DELETE) values (to_timestamp('23/05/24','DD/MM/RR HH24:MI:SSXFF'),1,2);
Insert into "OFFICE24"."MANAGER_STATISTICS" (REPORT_DATE,MANAGER_CREATE,MANAGER_DELETE) values (to_timestamp('24/05/24','DD/MM/RR HH24:MI:SSXFF'),1,3);
Insert into "OFFICE24"."MANAGER_STATISTICS" (REPORT_DATE,MANAGER_CREATE,MANAGER_DELETE) values (to_timestamp('25/05/24','DD/MM/RR HH24:MI:SSXFF'),7,1);
Insert into "OFFICE24"."MANAGER_STATISTICS" (REPORT_DATE,MANAGER_CREATE,MANAGER_DELETE) values (to_timestamp('26/05/24','DD/MM/RR HH24:MI:SSXFF'),1,1);
Insert into "OFFICE24"."MANAGER_STATISTICS" (REPORT_DATE,MANAGER_CREATE,MANAGER_DELETE) values (to_timestamp('27/05/24','DD/MM/RR HH24:MI:SSXFF'),6,2);
Insert into "OFFICE24"."MANAGER_STATISTICS" (REPORT_DATE,MANAGER_CREATE,MANAGER_DELETE) values (to_timestamp('28/05/24','DD/MM/RR HH24:MI:SSXFF'),3,2);
Insert into "OFFICE24"."MANAGER_STATISTICS" (REPORT_DATE,MANAGER_CREATE,MANAGER_DELETE) values (to_timestamp('29/05/24','DD/MM/RR HH24:MI:SSXFF'),2,3);
Insert into "OFFICE24"."MANAGER_STATISTICS" (REPORT_DATE,MANAGER_CREATE,MANAGER_DELETE) values (to_timestamp('30/05/24','DD/MM/RR HH24:MI:SSXFF'),9,1);
Insert into "OFFICE24"."MANAGER_STATISTICS" (REPORT_DATE,MANAGER_CREATE,MANAGER_DELETE) values (to_timestamp('31/05/24','DD/MM/RR HH24:MI:SSXFF'),1,0);
Insert into "OFFICE24"."MANAGER_STATISTICS" (REPORT_DATE,MANAGER_CREATE,MANAGER_DELETE) values (to_timestamp('01/06/24','DD/MM/RR HH24:MI:SSXFF'),8,0);
Insert into "OFFICE24"."MANAGER_STATISTICS" (REPORT_DATE,MANAGER_CREATE,MANAGER_DELETE) values (to_timestamp('02/06/24','DD/MM/RR HH24:MI:SSXFF'),7,4);
Insert into "OFFICE24"."MANAGER_STATISTICS" (REPORT_DATE,MANAGER_CREATE,MANAGER_DELETE) values (to_timestamp('03/06/24','DD/MM/RR HH24:MI:SSXFF'),5,2);
Insert into "OFFICE24"."MANAGER_STATISTICS" (REPORT_DATE,MANAGER_CREATE,MANAGER_DELETE) values (to_timestamp('04/06/24','DD/MM/RR HH24:MI:SSXFF'),7,4);
Insert into "OFFICE24"."MANAGER_STATISTICS" (REPORT_DATE,MANAGER_CREATE,MANAGER_DELETE) values (to_timestamp('05/06/24','DD/MM/RR HH24:MI:SSXFF'),5,4);
Insert into "OFFICE24"."MANAGER_STATISTICS" (REPORT_DATE,MANAGER_CREATE,MANAGER_DELETE) values (to_timestamp('06/06/24','DD/MM/RR HH24:MI:SSXFF'),8,0);
Insert into "OFFICE24"."MANAGER_STATISTICS" (REPORT_DATE,MANAGER_CREATE,MANAGER_DELETE) values (to_timestamp('07/06/24','DD/MM/RR HH24:MI:SSXFF'),6,0);
Insert into "OFFICE24"."MANAGER_STATISTICS" (REPORT_DATE,MANAGER_CREATE,MANAGER_DELETE) values (to_timestamp('08/06/24','DD/MM/RR HH24:MI:SSXFF'),4,1);
Insert into "OFFICE24"."MANAGER_STATISTICS" (REPORT_DATE,MANAGER_CREATE,MANAGER_DELETE) values (to_timestamp('09/06/24','DD/MM/RR HH24:MI:SSXFF'),2,2);
Insert into "OFFICE24"."MANAGER_STATISTICS" (REPORT_DATE,MANAGER_CREATE,MANAGER_DELETE) values (to_timestamp('10/06/24','DD/MM/RR HH24:MI:SSXFF'),6,0);
Insert into "OFFICE24"."MANAGER_STATISTICS" (REPORT_DATE,MANAGER_CREATE,MANAGER_DELETE) values (to_timestamp('11/06/24','DD/MM/RR HH24:MI:SSXFF'),4,3);
Insert into "OFFICE24"."MANAGER_STATISTICS" (REPORT_DATE,MANAGER_CREATE,MANAGER_DELETE) values (to_timestamp('12/06/24','DD/MM/RR HH24:MI:SSXFF'),5,2);
Insert into "OFFICE24"."MANAGER_STATISTICS" (REPORT_DATE,MANAGER_CREATE,MANAGER_DELETE) values (to_timestamp('13/06/24','DD/MM/RR HH24:MI:SSXFF'),1,1);
Insert into "OFFICE24"."MANAGER_STATISTICS" (REPORT_DATE,MANAGER_CREATE,MANAGER_DELETE) values (to_timestamp('14/06/24','DD/MM/RR HH24:MI:SSXFF'),4,0);
Insert into "OFFICE24"."MANAGER_STATISTICS" (REPORT_DATE,MANAGER_CREATE,MANAGER_DELETE) values (to_timestamp('15/06/24','DD/MM/RR HH24:MI:SSXFF'),2,3);
Insert into "OFFICE24"."MANAGER_STATISTICS" (REPORT_DATE,MANAGER_CREATE,MANAGER_DELETE) values (to_timestamp('16/06/24','DD/MM/RR HH24:MI:SSXFF'),5,2);
Insert into "OFFICE24"."MANAGER_STATISTICS" (REPORT_DATE,MANAGER_CREATE,MANAGER_DELETE) values (to_timestamp('17/06/24','DD/MM/RR HH24:MI:SSXFF'),6,0);
Insert into "OFFICE24"."MANAGER_STATISTICS" (REPORT_DATE,MANAGER_CREATE,MANAGER_DELETE) values (to_timestamp('18/06/24','DD/MM/RR HH24:MI:SSXFF'),7,1);
Insert into "OFFICE24"."MANAGER_STATISTICS" (REPORT_DATE,MANAGER_CREATE,MANAGER_DELETE) values (to_timestamp('19/06/24','DD/MM/RR HH24:MI:SSXFF'),5,4);
Insert into "OFFICE24"."MANAGER_STATISTICS" (REPORT_DATE,MANAGER_CREATE,MANAGER_DELETE) values (to_timestamp('20/06/24','DD/MM/RR HH24:MI:SSXFF'),3,3);
Insert into "OFFICE24"."MANAGER_STATISTICS" (REPORT_DATE,MANAGER_CREATE,MANAGER_DELETE) values (to_timestamp('21/06/24','DD/MM/RR HH24:MI:SSXFF'),7,3);
Insert into "OFFICE24"."MANAGER_STATISTICS" (REPORT_DATE,MANAGER_CREATE,MANAGER_DELETE) values (to_timestamp('22/06/24','DD/MM/RR HH24:MI:SSXFF'),3,4);
Insert into "OFFICE24"."MANAGER_STATISTICS" (REPORT_DATE,MANAGER_CREATE,MANAGER_DELETE) values (to_timestamp('23/06/24','DD/MM/RR HH24:MI:SSXFF'),4,0);
Insert into "OFFICE24"."MANAGER_STATISTICS" (REPORT_DATE,MANAGER_CREATE,MANAGER_DELETE) values (to_timestamp('24/06/24','DD/MM/RR HH24:MI:SSXFF'),7,3);
Insert into "OFFICE24"."MANAGER_STATISTICS" (REPORT_DATE,MANAGER_CREATE,MANAGER_DELETE) values (to_timestamp('25/06/24','DD/MM/RR HH24:MI:SSXFF'),1,4);
Insert into "OFFICE24"."MANAGER_STATISTICS" (REPORT_DATE,MANAGER_CREATE,MANAGER_DELETE) values (to_timestamp('26/06/24','DD/MM/RR HH24:MI:SSXFF'),8,1);
Insert into "OFFICE24"."MANAGER_STATISTICS" (REPORT_DATE,MANAGER_CREATE,MANAGER_DELETE) values (to_timestamp('27/06/24','DD/MM/RR HH24:MI:SSXFF'),0,3);
Insert into "OFFICE24"."MANAGER_STATISTICS" (REPORT_DATE,MANAGER_CREATE,MANAGER_DELETE) values (to_timestamp('28/06/24','DD/MM/RR HH24:MI:SSXFF'),6,0);
Insert into "OFFICE24"."MANAGER_STATISTICS" (REPORT_DATE,MANAGER_CREATE,MANAGER_DELETE) values (to_timestamp('29/06/24','DD/MM/RR HH24:MI:SSXFF'),3,0);
Insert into "OFFICE24"."MANAGER_STATISTICS" (REPORT_DATE,MANAGER_CREATE,MANAGER_DELETE) values (to_timestamp('30/06/24','DD/MM/RR HH24:MI:SSXFF'),9,4);
Insert into "OFFICE24"."MANAGER_STATISTICS" (REPORT_DATE,MANAGER_CREATE,MANAGER_DELETE) values (to_timestamp('01/07/24','DD/MM/RR HH24:MI:SSXFF'),2,1);
Insert into "OFFICE24"."MANAGER_STATISTICS" (REPORT_DATE,MANAGER_CREATE,MANAGER_DELETE) values (to_timestamp('02/07/24','DD/MM/RR HH24:MI:SSXFF'),4,1);
Insert into "OFFICE24"."MANAGER_STATISTICS" (REPORT_DATE,MANAGER_CREATE,MANAGER_DELETE) values (to_timestamp('03/07/24','DD/MM/RR HH24:MI:SSXFF'),9,2);
Insert into "OFFICE24"."MANAGER_STATISTICS" (REPORT_DATE,MANAGER_CREATE,MANAGER_DELETE) values (to_timestamp('04/07/24','DD/MM/RR HH24:MI:SSXFF'),3,0);
Insert into "OFFICE24"."MANAGER_STATISTICS" (REPORT_DATE,MANAGER_CREATE,MANAGER_DELETE) values (to_timestamp('05/07/24','DD/MM/RR HH24:MI:SSXFF'),8,3);
Insert into "OFFICE24"."MANAGER_STATISTICS" (REPORT_DATE,MANAGER_CREATE,MANAGER_DELETE) values (to_timestamp('06/07/24','DD/MM/RR HH24:MI:SSXFF'),0,4);
Insert into "OFFICE24"."MANAGER_STATISTICS" (REPORT_DATE,MANAGER_CREATE,MANAGER_DELETE) values (to_timestamp('07/07/24','DD/MM/RR HH24:MI:SSXFF'),1,0);
Insert into "OFFICE24"."MANAGER_STATISTICS" (REPORT_DATE,MANAGER_CREATE,MANAGER_DELETE) values (to_timestamp('08/07/24','DD/MM/RR HH24:MI:SSXFF'),8,4);
Insert into "OFFICE24"."MANAGER_STATISTICS" (REPORT_DATE,MANAGER_CREATE,MANAGER_DELETE) values (to_timestamp('09/07/24','DD/MM/RR HH24:MI:SSXFF'),8,1);
Insert into "OFFICE24"."MANAGER_STATISTICS" (REPORT_DATE,MANAGER_CREATE,MANAGER_DELETE) values (to_timestamp('10/07/24','DD/MM/RR HH24:MI:SSXFF'),1,1);
Insert into "OFFICE24"."MANAGER_STATISTICS" (REPORT_DATE,MANAGER_CREATE,MANAGER_DELETE) values (to_timestamp('11/07/24','DD/MM/RR HH24:MI:SSXFF'),2,1);
Insert into "OFFICE24"."MANAGER_STATISTICS" (REPORT_DATE,MANAGER_CREATE,MANAGER_DELETE) values (to_timestamp('12/07/24','DD/MM/RR HH24:MI:SSXFF'),4,1);
Insert into "OFFICE24"."MANAGER_STATISTICS" (REPORT_DATE,MANAGER_CREATE,MANAGER_DELETE) values (to_timestamp('13/07/24','DD/MM/RR HH24:MI:SSXFF'),3,1);
Insert into "OFFICE24"."MANAGER_STATISTICS" (REPORT_DATE,MANAGER_CREATE,MANAGER_DELETE) values (to_timestamp('14/07/24','DD/MM/RR HH24:MI:SSXFF'),6,0);
Insert into "OFFICE24"."MANAGER_STATISTICS" (REPORT_DATE,MANAGER_CREATE,MANAGER_DELETE) values (to_timestamp('15/07/24','DD/MM/RR HH24:MI:SSXFF'),1,3);
Insert into "OFFICE24"."MANAGER_STATISTICS" (REPORT_DATE,MANAGER_CREATE,MANAGER_DELETE) values (to_timestamp('16/07/24','DD/MM/RR HH24:MI:SSXFF'),2,3);
Insert into "OFFICE24"."MANAGER_STATISTICS" (REPORT_DATE,MANAGER_CREATE,MANAGER_DELETE) values (to_timestamp('17/07/24','DD/MM/RR HH24:MI:SSXFF'),1,3);
Insert into "OFFICE24"."MANAGER_STATISTICS" (REPORT_DATE,MANAGER_CREATE,MANAGER_DELETE) values (to_timestamp('18/07/24','DD/MM/RR HH24:MI:SSXFF'),9,3);
Insert into "OFFICE24"."MANAGER_STATISTICS" (REPORT_DATE,MANAGER_CREATE,MANAGER_DELETE) values (to_timestamp('19/07/24','DD/MM/RR HH24:MI:SSXFF'),1,3);
Insert into "OFFICE24"."MANAGER_STATISTICS" (REPORT_DATE,MANAGER_CREATE,MANAGER_DELETE) values (to_timestamp('20/07/24','DD/MM/RR HH24:MI:SSXFF'),9,1);
Insert into "OFFICE24"."MANAGER_STATISTICS" (REPORT_DATE,MANAGER_CREATE,MANAGER_DELETE) values (to_timestamp('21/07/24','DD/MM/RR HH24:MI:SSXFF'),9,3);
Insert into "OFFICE24"."MANAGER_STATISTICS" (REPORT_DATE,MANAGER_CREATE,MANAGER_DELETE) values (to_timestamp('22/07/24','DD/MM/RR HH24:MI:SSXFF'),5,1);
Insert into "OFFICE24"."MANAGER_STATISTICS" (REPORT_DATE,MANAGER_CREATE,MANAGER_DELETE) values (to_timestamp('23/07/24','DD/MM/RR HH24:MI:SSXFF'),9,3);
Insert into "OFFICE24"."MANAGER_STATISTICS" (REPORT_DATE,MANAGER_CREATE,MANAGER_DELETE) values (to_timestamp('24/07/24','DD/MM/RR HH24:MI:SSXFF'),1,4);
Insert into "OFFICE24"."MANAGER_STATISTICS" (REPORT_DATE,MANAGER_CREATE,MANAGER_DELETE) values (to_timestamp('25/07/24','DD/MM/RR HH24:MI:SSXFF'),0,3);
Insert into "OFFICE24"."MANAGER_STATISTICS" (REPORT_DATE,MANAGER_CREATE,MANAGER_DELETE) values (to_timestamp('26/07/24','DD/MM/RR HH24:MI:SSXFF'),4,3);
Insert into "OFFICE24"."MANAGER_STATISTICS" (REPORT_DATE,MANAGER_CREATE,MANAGER_DELETE) values (to_timestamp('27/07/24','DD/MM/RR HH24:MI:SSXFF'),3,1);
Insert into "OFFICE24"."MANAGER_STATISTICS" (REPORT_DATE,MANAGER_CREATE,MANAGER_DELETE) values (to_timestamp('28/07/24','DD/MM/RR HH24:MI:SSXFF'),2,2);
Insert into "OFFICE24"."MANAGER_STATISTICS" (REPORT_DATE,MANAGER_CREATE,MANAGER_DELETE) values (to_timestamp('29/07/24','DD/MM/RR HH24:MI:SSXFF'),5,0);
Insert into "OFFICE24"."MANAGER_STATISTICS" (REPORT_DATE,MANAGER_CREATE,MANAGER_DELETE) values (to_timestamp('30/07/24','DD/MM/RR HH24:MI:SSXFF'),3,0);
Insert into "OFFICE24"."MANAGER_STATISTICS" (REPORT_DATE,MANAGER_CREATE,MANAGER_DELETE) values (to_timestamp('31/07/24','DD/MM/RR HH24:MI:SSXFF'),2,3);
Insert into "OFFICE24"."MANAGER_STATISTICS" (REPORT_DATE,MANAGER_CREATE,MANAGER_DELETE) values (to_timestamp('14/08/24','DD/MM/RR HH24:MI:SSXFF'),1,1);
Insert into "OFFICE24"."OFFICE_STATISTICS" (REPORT_DATE,OFFICE_CREATE,OFFICE_DELETE) values (to_timestamp('15/08/24','DD/MM/RR HH24:MI:SSXFF'),20,12);
Insert into "OFFICE24"."OFFICE_STATISTICS" (REPORT_DATE,OFFICE_CREATE,OFFICE_DELETE) values (to_timestamp('08/08/24','DD/MM/RR HH24:MI:SSXFF'),100,1);
Insert into "OFFICE24"."OFFICE_STATISTICS" (REPORT_DATE,OFFICE_CREATE,OFFICE_DELETE) values (to_timestamp('01/01/24','DD/MM/RR HH24:MI:SSXFF'),13,0);
Insert into "OFFICE24"."OFFICE_STATISTICS" (REPORT_DATE,OFFICE_CREATE,OFFICE_DELETE) values (to_timestamp('02/01/24','DD/MM/RR HH24:MI:SSXFF'),7,0);
Insert into "OFFICE24"."OFFICE_STATISTICS" (REPORT_DATE,OFFICE_CREATE,OFFICE_DELETE) values (to_timestamp('03/01/24','DD/MM/RR HH24:MI:SSXFF'),10,2);
Insert into "OFFICE24"."OFFICE_STATISTICS" (REPORT_DATE,OFFICE_CREATE,OFFICE_DELETE) values (to_timestamp('04/01/24','DD/MM/RR HH24:MI:SSXFF'),11,6);
Insert into "OFFICE24"."OFFICE_STATISTICS" (REPORT_DATE,OFFICE_CREATE,OFFICE_DELETE) values (to_timestamp('05/01/24','DD/MM/RR HH24:MI:SSXFF'),1,6);
Insert into "OFFICE24"."OFFICE_STATISTICS" (REPORT_DATE,OFFICE_CREATE,OFFICE_DELETE) values (to_timestamp('06/01/24','DD/MM/RR HH24:MI:SSXFF'),1,5);
Insert into "OFFICE24"."OFFICE_STATISTICS" (REPORT_DATE,OFFICE_CREATE,OFFICE_DELETE) values (to_timestamp('07/01/24','DD/MM/RR HH24:MI:SSXFF'),9,1);
Insert into "OFFICE24"."OFFICE_STATISTICS" (REPORT_DATE,OFFICE_CREATE,OFFICE_DELETE) values (to_timestamp('08/01/24','DD/MM/RR HH24:MI:SSXFF'),13,4);
Insert into "OFFICE24"."OFFICE_STATISTICS" (REPORT_DATE,OFFICE_CREATE,OFFICE_DELETE) values (to_timestamp('09/01/24','DD/MM/RR HH24:MI:SSXFF'),5,3);
Insert into "OFFICE24"."OFFICE_STATISTICS" (REPORT_DATE,OFFICE_CREATE,OFFICE_DELETE) values (to_timestamp('10/01/24','DD/MM/RR HH24:MI:SSXFF'),14,0);
Insert into "OFFICE24"."OFFICE_STATISTICS" (REPORT_DATE,OFFICE_CREATE,OFFICE_DELETE) values (to_timestamp('11/01/24','DD/MM/RR HH24:MI:SSXFF'),9,4);
Insert into "OFFICE24"."OFFICE_STATISTICS" (REPORT_DATE,OFFICE_CREATE,OFFICE_DELETE) values (to_timestamp('12/01/24','DD/MM/RR HH24:MI:SSXFF'),1,3);
Insert into "OFFICE24"."OFFICE_STATISTICS" (REPORT_DATE,OFFICE_CREATE,OFFICE_DELETE) values (to_timestamp('13/01/24','DD/MM/RR HH24:MI:SSXFF'),5,5);
Insert into "OFFICE24"."OFFICE_STATISTICS" (REPORT_DATE,OFFICE_CREATE,OFFICE_DELETE) values (to_timestamp('14/01/24','DD/MM/RR HH24:MI:SSXFF'),11,2);
Insert into "OFFICE24"."OFFICE_STATISTICS" (REPORT_DATE,OFFICE_CREATE,OFFICE_DELETE) values (to_timestamp('15/01/24','DD/MM/RR HH24:MI:SSXFF'),13,3);
Insert into "OFFICE24"."OFFICE_STATISTICS" (REPORT_DATE,OFFICE_CREATE,OFFICE_DELETE) values (to_timestamp('16/01/24','DD/MM/RR HH24:MI:SSXFF'),5,7);
Insert into "OFFICE24"."OFFICE_STATISTICS" (REPORT_DATE,OFFICE_CREATE,OFFICE_DELETE) values (to_timestamp('17/01/24','DD/MM/RR HH24:MI:SSXFF'),5,3);
Insert into "OFFICE24"."OFFICE_STATISTICS" (REPORT_DATE,OFFICE_CREATE,OFFICE_DELETE) values (to_timestamp('18/01/24','DD/MM/RR HH24:MI:SSXFF'),11,2);
Insert into "OFFICE24"."OFFICE_STATISTICS" (REPORT_DATE,OFFICE_CREATE,OFFICE_DELETE) values (to_timestamp('19/01/24','DD/MM/RR HH24:MI:SSXFF'),9,5);
Insert into "OFFICE24"."OFFICE_STATISTICS" (REPORT_DATE,OFFICE_CREATE,OFFICE_DELETE) values (to_timestamp('20/01/24','DD/MM/RR HH24:MI:SSXFF'),8,1);
Insert into "OFFICE24"."OFFICE_STATISTICS" (REPORT_DATE,OFFICE_CREATE,OFFICE_DELETE) values (to_timestamp('21/01/24','DD/MM/RR HH24:MI:SSXFF'),12,1);
Insert into "OFFICE24"."OFFICE_STATISTICS" (REPORT_DATE,OFFICE_CREATE,OFFICE_DELETE) values (to_timestamp('22/01/24','DD/MM/RR HH24:MI:SSXFF'),6,0);
Insert into "OFFICE24"."OFFICE_STATISTICS" (REPORT_DATE,OFFICE_CREATE,OFFICE_DELETE) values (to_timestamp('23/01/24','DD/MM/RR HH24:MI:SSXFF'),11,2);
Insert into "OFFICE24"."OFFICE_STATISTICS" (REPORT_DATE,OFFICE_CREATE,OFFICE_DELETE) values (to_timestamp('24/01/24','DD/MM/RR HH24:MI:SSXFF'),14,4);
Insert into "OFFICE24"."OFFICE_STATISTICS" (REPORT_DATE,OFFICE_CREATE,OFFICE_DELETE) values (to_timestamp('25/01/24','DD/MM/RR HH24:MI:SSXFF'),0,3);
Insert into "OFFICE24"."OFFICE_STATISTICS" (REPORT_DATE,OFFICE_CREATE,OFFICE_DELETE) values (to_timestamp('26/01/24','DD/MM/RR HH24:MI:SSXFF'),1,7);
Insert into "OFFICE24"."OFFICE_STATISTICS" (REPORT_DATE,OFFICE_CREATE,OFFICE_DELETE) values (to_timestamp('27/01/24','DD/MM/RR HH24:MI:SSXFF'),10,3);
Insert into "OFFICE24"."OFFICE_STATISTICS" (REPORT_DATE,OFFICE_CREATE,OFFICE_DELETE) values (to_timestamp('28/01/24','DD/MM/RR HH24:MI:SSXFF'),1,1);
Insert into "OFFICE24"."OFFICE_STATISTICS" (REPORT_DATE,OFFICE_CREATE,OFFICE_DELETE) values (to_timestamp('29/01/24','DD/MM/RR HH24:MI:SSXFF'),10,1);
Insert into "OFFICE24"."OFFICE_STATISTICS" (REPORT_DATE,OFFICE_CREATE,OFFICE_DELETE) values (to_timestamp('30/01/24','DD/MM/RR HH24:MI:SSXFF'),4,4);
Insert into "OFFICE24"."OFFICE_STATISTICS" (REPORT_DATE,OFFICE_CREATE,OFFICE_DELETE) values (to_timestamp('31/01/24','DD/MM/RR HH24:MI:SSXFF'),12,0);
Insert into "OFFICE24"."OFFICE_STATISTICS" (REPORT_DATE,OFFICE_CREATE,OFFICE_DELETE) values (to_timestamp('01/02/24','DD/MM/RR HH24:MI:SSXFF'),11,3);
Insert into "OFFICE24"."OFFICE_STATISTICS" (REPORT_DATE,OFFICE_CREATE,OFFICE_DELETE) values (to_timestamp('02/02/24','DD/MM/RR HH24:MI:SSXFF'),5,7);
Insert into "OFFICE24"."OFFICE_STATISTICS" (REPORT_DATE,OFFICE_CREATE,OFFICE_DELETE) values (to_timestamp('03/02/24','DD/MM/RR HH24:MI:SSXFF'),0,2);
Insert into "OFFICE24"."OFFICE_STATISTICS" (REPORT_DATE,OFFICE_CREATE,OFFICE_DELETE) values (to_timestamp('04/02/24','DD/MM/RR HH24:MI:SSXFF'),12,3);
Insert into "OFFICE24"."OFFICE_STATISTICS" (REPORT_DATE,OFFICE_CREATE,OFFICE_DELETE) values (to_timestamp('05/02/24','DD/MM/RR HH24:MI:SSXFF'),11,1);
Insert into "OFFICE24"."OFFICE_STATISTICS" (REPORT_DATE,OFFICE_CREATE,OFFICE_DELETE) values (to_timestamp('06/02/24','DD/MM/RR HH24:MI:SSXFF'),9,2);
Insert into "OFFICE24"."OFFICE_STATISTICS" (REPORT_DATE,OFFICE_CREATE,OFFICE_DELETE) values (to_timestamp('07/02/24','DD/MM/RR HH24:MI:SSXFF'),1,3);
Insert into "OFFICE24"."OFFICE_STATISTICS" (REPORT_DATE,OFFICE_CREATE,OFFICE_DELETE) values (to_timestamp('08/02/24','DD/MM/RR HH24:MI:SSXFF'),12,0);
Insert into "OFFICE24"."OFFICE_STATISTICS" (REPORT_DATE,OFFICE_CREATE,OFFICE_DELETE) values (to_timestamp('09/02/24','DD/MM/RR HH24:MI:SSXFF'),1,2);
Insert into "OFFICE24"."OFFICE_STATISTICS" (REPORT_DATE,OFFICE_CREATE,OFFICE_DELETE) values (to_timestamp('10/02/24','DD/MM/RR HH24:MI:SSXFF'),1,6);
Insert into "OFFICE24"."OFFICE_STATISTICS" (REPORT_DATE,OFFICE_CREATE,OFFICE_DELETE) values (to_timestamp('11/02/24','DD/MM/RR HH24:MI:SSXFF'),4,4);
Insert into "OFFICE24"."OFFICE_STATISTICS" (REPORT_DATE,OFFICE_CREATE,OFFICE_DELETE) values (to_timestamp('12/02/24','DD/MM/RR HH24:MI:SSXFF'),13,3);
Insert into "OFFICE24"."OFFICE_STATISTICS" (REPORT_DATE,OFFICE_CREATE,OFFICE_DELETE) values (to_timestamp('13/02/24','DD/MM/RR HH24:MI:SSXFF'),1,0);
Insert into "OFFICE24"."OFFICE_STATISTICS" (REPORT_DATE,OFFICE_CREATE,OFFICE_DELETE) values (to_timestamp('14/02/24','DD/MM/RR HH24:MI:SSXFF'),10,0);
Insert into "OFFICE24"."OFFICE_STATISTICS" (REPORT_DATE,OFFICE_CREATE,OFFICE_DELETE) values (to_timestamp('15/02/24','DD/MM/RR HH24:MI:SSXFF'),13,3);
Insert into "OFFICE24"."OFFICE_STATISTICS" (REPORT_DATE,OFFICE_CREATE,OFFICE_DELETE) values (to_timestamp('16/02/24','DD/MM/RR HH24:MI:SSXFF'),11,2);
Insert into "OFFICE24"."OFFICE_STATISTICS" (REPORT_DATE,OFFICE_CREATE,OFFICE_DELETE) values (to_timestamp('17/02/24','DD/MM/RR HH24:MI:SSXFF'),10,1);
Insert into "OFFICE24"."OFFICE_STATISTICS" (REPORT_DATE,OFFICE_CREATE,OFFICE_DELETE) values (to_timestamp('18/02/24','DD/MM/RR HH24:MI:SSXFF'),1,3);
Insert into "OFFICE24"."OFFICE_STATISTICS" (REPORT_DATE,OFFICE_CREATE,OFFICE_DELETE) values (to_timestamp('19/02/24','DD/MM/RR HH24:MI:SSXFF'),4,4);
Insert into "OFFICE24"."OFFICE_STATISTICS" (REPORT_DATE,OFFICE_CREATE,OFFICE_DELETE) values (to_timestamp('20/02/24','DD/MM/RR HH24:MI:SSXFF'),12,5);
Insert into "OFFICE24"."OFFICE_STATISTICS" (REPORT_DATE,OFFICE_CREATE,OFFICE_DELETE) values (to_timestamp('21/02/24','DD/MM/RR HH24:MI:SSXFF'),11,4);
Insert into "OFFICE24"."OFFICE_STATISTICS" (REPORT_DATE,OFFICE_CREATE,OFFICE_DELETE) values (to_timestamp('22/02/24','DD/MM/RR HH24:MI:SSXFF'),12,1);
Insert into "OFFICE24"."OFFICE_STATISTICS" (REPORT_DATE,OFFICE_CREATE,OFFICE_DELETE) values (to_timestamp('23/02/24','DD/MM/RR HH24:MI:SSXFF'),5,4);
Insert into "OFFICE24"."OFFICE_STATISTICS" (REPORT_DATE,OFFICE_CREATE,OFFICE_DELETE) values (to_timestamp('24/02/24','DD/MM/RR HH24:MI:SSXFF'),6,1);
Insert into "OFFICE24"."OFFICE_STATISTICS" (REPORT_DATE,OFFICE_CREATE,OFFICE_DELETE) values (to_timestamp('25/02/24','DD/MM/RR HH24:MI:SSXFF'),8,6);
Insert into "OFFICE24"."OFFICE_STATISTICS" (REPORT_DATE,OFFICE_CREATE,OFFICE_DELETE) values (to_timestamp('26/02/24','DD/MM/RR HH24:MI:SSXFF'),1,4);
Insert into "OFFICE24"."OFFICE_STATISTICS" (REPORT_DATE,OFFICE_CREATE,OFFICE_DELETE) values (to_timestamp('27/02/24','DD/MM/RR HH24:MI:SSXFF'),2,5);
Insert into "OFFICE24"."OFFICE_STATISTICS" (REPORT_DATE,OFFICE_CREATE,OFFICE_DELETE) values (to_timestamp('28/02/24','DD/MM/RR HH24:MI:SSXFF'),7,6);
Insert into "OFFICE24"."OFFICE_STATISTICS" (REPORT_DATE,OFFICE_CREATE,OFFICE_DELETE) values (to_timestamp('29/02/24','DD/MM/RR HH24:MI:SSXFF'),7,0);
Insert into "OFFICE24"."OFFICE_STATISTICS" (REPORT_DATE,OFFICE_CREATE,OFFICE_DELETE) values (to_timestamp('01/03/24','DD/MM/RR HH24:MI:SSXFF'),0,7);
Insert into "OFFICE24"."OFFICE_STATISTICS" (REPORT_DATE,OFFICE_CREATE,OFFICE_DELETE) values (to_timestamp('02/03/24','DD/MM/RR HH24:MI:SSXFF'),11,4);
Insert into "OFFICE24"."OFFICE_STATISTICS" (REPORT_DATE,OFFICE_CREATE,OFFICE_DELETE) values (to_timestamp('03/03/24','DD/MM/RR HH24:MI:SSXFF'),12,3);
Insert into "OFFICE24"."OFFICE_STATISTICS" (REPORT_DATE,OFFICE_CREATE,OFFICE_DELETE) values (to_timestamp('04/03/24','DD/MM/RR HH24:MI:SSXFF'),4,5);
Insert into "OFFICE24"."OFFICE_STATISTICS" (REPORT_DATE,OFFICE_CREATE,OFFICE_DELETE) values (to_timestamp('05/03/24','DD/MM/RR HH24:MI:SSXFF'),11,3);
Insert into "OFFICE24"."OFFICE_STATISTICS" (REPORT_DATE,OFFICE_CREATE,OFFICE_DELETE) values (to_timestamp('06/03/24','DD/MM/RR HH24:MI:SSXFF'),14,5);
Insert into "OFFICE24"."OFFICE_STATISTICS" (REPORT_DATE,OFFICE_CREATE,OFFICE_DELETE) values (to_timestamp('07/03/24','DD/MM/RR HH24:MI:SSXFF'),11,6);
Insert into "OFFICE24"."OFFICE_STATISTICS" (REPORT_DATE,OFFICE_CREATE,OFFICE_DELETE) values (to_timestamp('08/03/24','DD/MM/RR HH24:MI:SSXFF'),14,7);
Insert into "OFFICE24"."OFFICE_STATISTICS" (REPORT_DATE,OFFICE_CREATE,OFFICE_DELETE) values (to_timestamp('09/03/24','DD/MM/RR HH24:MI:SSXFF'),14,5);
Insert into "OFFICE24"."OFFICE_STATISTICS" (REPORT_DATE,OFFICE_CREATE,OFFICE_DELETE) values (to_timestamp('10/03/24','DD/MM/RR HH24:MI:SSXFF'),1,2);
Insert into "OFFICE24"."OFFICE_STATISTICS" (REPORT_DATE,OFFICE_CREATE,OFFICE_DELETE) values (to_timestamp('11/03/24','DD/MM/RR HH24:MI:SSXFF'),9,5);
Insert into "OFFICE24"."OFFICE_STATISTICS" (REPORT_DATE,OFFICE_CREATE,OFFICE_DELETE) values (to_timestamp('12/03/24','DD/MM/RR HH24:MI:SSXFF'),13,6);
Insert into "OFFICE24"."OFFICE_STATISTICS" (REPORT_DATE,OFFICE_CREATE,OFFICE_DELETE) values (to_timestamp('13/03/24','DD/MM/RR HH24:MI:SSXFF'),10,0);
Insert into "OFFICE24"."OFFICE_STATISTICS" (REPORT_DATE,OFFICE_CREATE,OFFICE_DELETE) values (to_timestamp('14/03/24','DD/MM/RR HH24:MI:SSXFF'),2,2);
Insert into "OFFICE24"."OFFICE_STATISTICS" (REPORT_DATE,OFFICE_CREATE,OFFICE_DELETE) values (to_timestamp('15/03/24','DD/MM/RR HH24:MI:SSXFF'),2,1);
Insert into "OFFICE24"."OFFICE_STATISTICS" (REPORT_DATE,OFFICE_CREATE,OFFICE_DELETE) values (to_timestamp('16/03/24','DD/MM/RR HH24:MI:SSXFF'),3,0);
Insert into "OFFICE24"."OFFICE_STATISTICS" (REPORT_DATE,OFFICE_CREATE,OFFICE_DELETE) values (to_timestamp('17/03/24','DD/MM/RR HH24:MI:SSXFF'),5,0);
Insert into "OFFICE24"."OFFICE_STATISTICS" (REPORT_DATE,OFFICE_CREATE,OFFICE_DELETE) values (to_timestamp('18/03/24','DD/MM/RR HH24:MI:SSXFF'),1,5);
Insert into "OFFICE24"."OFFICE_STATISTICS" (REPORT_DATE,OFFICE_CREATE,OFFICE_DELETE) values (to_timestamp('19/03/24','DD/MM/RR HH24:MI:SSXFF'),2,0);
Insert into "OFFICE24"."OFFICE_STATISTICS" (REPORT_DATE,OFFICE_CREATE,OFFICE_DELETE) values (to_timestamp('20/03/24','DD/MM/RR HH24:MI:SSXFF'),4,4);
Insert into "OFFICE24"."OFFICE_STATISTICS" (REPORT_DATE,OFFICE_CREATE,OFFICE_DELETE) values (to_timestamp('21/03/24','DD/MM/RR HH24:MI:SSXFF'),8,2);
Insert into "OFFICE24"."OFFICE_STATISTICS" (REPORT_DATE,OFFICE_CREATE,OFFICE_DELETE) values (to_timestamp('22/03/24','DD/MM/RR HH24:MI:SSXFF'),3,1);
Insert into "OFFICE24"."OFFICE_STATISTICS" (REPORT_DATE,OFFICE_CREATE,OFFICE_DELETE) values (to_timestamp('23/03/24','DD/MM/RR HH24:MI:SSXFF'),0,4);
Insert into "OFFICE24"."OFFICE_STATISTICS" (REPORT_DATE,OFFICE_CREATE,OFFICE_DELETE) values (to_timestamp('24/03/24','DD/MM/RR HH24:MI:SSXFF'),11,0);
Insert into "OFFICE24"."OFFICE_STATISTICS" (REPORT_DATE,OFFICE_CREATE,OFFICE_DELETE) values (to_timestamp('25/03/24','DD/MM/RR HH24:MI:SSXFF'),3,2);
Insert into "OFFICE24"."OFFICE_STATISTICS" (REPORT_DATE,OFFICE_CREATE,OFFICE_DELETE) values (to_timestamp('26/03/24','DD/MM/RR HH24:MI:SSXFF'),14,1);
Insert into "OFFICE24"."OFFICE_STATISTICS" (REPORT_DATE,OFFICE_CREATE,OFFICE_DELETE) values (to_timestamp('27/03/24','DD/MM/RR HH24:MI:SSXFF'),8,3);
Insert into "OFFICE24"."OFFICE_STATISTICS" (REPORT_DATE,OFFICE_CREATE,OFFICE_DELETE) values (to_timestamp('28/03/24','DD/MM/RR HH24:MI:SSXFF'),13,5);
Insert into "OFFICE24"."OFFICE_STATISTICS" (REPORT_DATE,OFFICE_CREATE,OFFICE_DELETE) values (to_timestamp('29/03/24','DD/MM/RR HH24:MI:SSXFF'),0,7);
Insert into "OFFICE24"."OFFICE_STATISTICS" (REPORT_DATE,OFFICE_CREATE,OFFICE_DELETE) values (to_timestamp('30/03/24','DD/MM/RR HH24:MI:SSXFF'),12,7);
Insert into "OFFICE24"."OFFICE_STATISTICS" (REPORT_DATE,OFFICE_CREATE,OFFICE_DELETE) values (to_timestamp('31/03/24','DD/MM/RR HH24:MI:SSXFF'),9,4);
Insert into "OFFICE24"."OFFICE_STATISTICS" (REPORT_DATE,OFFICE_CREATE,OFFICE_DELETE) values (to_timestamp('01/04/24','DD/MM/RR HH24:MI:SSXFF'),11,1);
Insert into "OFFICE24"."OFFICE_STATISTICS" (REPORT_DATE,OFFICE_CREATE,OFFICE_DELETE) values (to_timestamp('02/04/24','DD/MM/RR HH24:MI:SSXFF'),6,0);
Insert into "OFFICE24"."OFFICE_STATISTICS" (REPORT_DATE,OFFICE_CREATE,OFFICE_DELETE) values (to_timestamp('03/04/24','DD/MM/RR HH24:MI:SSXFF'),4,7);
Insert into "OFFICE24"."OFFICE_STATISTICS" (REPORT_DATE,OFFICE_CREATE,OFFICE_DELETE) values (to_timestamp('04/04/24','DD/MM/RR HH24:MI:SSXFF'),13,2);
Insert into "OFFICE24"."OFFICE_STATISTICS" (REPORT_DATE,OFFICE_CREATE,OFFICE_DELETE) values (to_timestamp('05/04/24','DD/MM/RR HH24:MI:SSXFF'),7,4);
Insert into "OFFICE24"."OFFICE_STATISTICS" (REPORT_DATE,OFFICE_CREATE,OFFICE_DELETE) values (to_timestamp('06/04/24','DD/MM/RR HH24:MI:SSXFF'),0,2);
Insert into "OFFICE24"."OFFICE_STATISTICS" (REPORT_DATE,OFFICE_CREATE,OFFICE_DELETE) values (to_timestamp('07/04/24','DD/MM/RR HH24:MI:SSXFF'),6,5);
Insert into "OFFICE24"."OFFICE_STATISTICS" (REPORT_DATE,OFFICE_CREATE,OFFICE_DELETE) values (to_timestamp('08/04/24','DD/MM/RR HH24:MI:SSXFF'),4,5);
Insert into "OFFICE24"."OFFICE_STATISTICS" (REPORT_DATE,OFFICE_CREATE,OFFICE_DELETE) values (to_timestamp('09/04/24','DD/MM/RR HH24:MI:SSXFF'),12,7);
Insert into "OFFICE24"."OFFICE_STATISTICS" (REPORT_DATE,OFFICE_CREATE,OFFICE_DELETE) values (to_timestamp('10/04/24','DD/MM/RR HH24:MI:SSXFF'),5,1);
Insert into "OFFICE24"."OFFICE_STATISTICS" (REPORT_DATE,OFFICE_CREATE,OFFICE_DELETE) values (to_timestamp('11/04/24','DD/MM/RR HH24:MI:SSXFF'),6,6);
Insert into "OFFICE24"."OFFICE_STATISTICS" (REPORT_DATE,OFFICE_CREATE,OFFICE_DELETE) values (to_timestamp('12/04/24','DD/MM/RR HH24:MI:SSXFF'),9,0);
Insert into "OFFICE24"."OFFICE_STATISTICS" (REPORT_DATE,OFFICE_CREATE,OFFICE_DELETE) values (to_timestamp('13/04/24','DD/MM/RR HH24:MI:SSXFF'),11,3);
Insert into "OFFICE24"."OFFICE_STATISTICS" (REPORT_DATE,OFFICE_CREATE,OFFICE_DELETE) values (to_timestamp('14/04/24','DD/MM/RR HH24:MI:SSXFF'),14,7);
Insert into "OFFICE24"."OFFICE_STATISTICS" (REPORT_DATE,OFFICE_CREATE,OFFICE_DELETE) values (to_timestamp('15/04/24','DD/MM/RR HH24:MI:SSXFF'),9,6);
Insert into "OFFICE24"."OFFICE_STATISTICS" (REPORT_DATE,OFFICE_CREATE,OFFICE_DELETE) values (to_timestamp('16/04/24','DD/MM/RR HH24:MI:SSXFF'),8,0);
Insert into "OFFICE24"."OFFICE_STATISTICS" (REPORT_DATE,OFFICE_CREATE,OFFICE_DELETE) values (to_timestamp('17/04/24','DD/MM/RR HH24:MI:SSXFF'),11,0);
Insert into "OFFICE24"."OFFICE_STATISTICS" (REPORT_DATE,OFFICE_CREATE,OFFICE_DELETE) values (to_timestamp('18/04/24','DD/MM/RR HH24:MI:SSXFF'),5,4);
Insert into "OFFICE24"."OFFICE_STATISTICS" (REPORT_DATE,OFFICE_CREATE,OFFICE_DELETE) values (to_timestamp('19/04/24','DD/MM/RR HH24:MI:SSXFF'),1,7);
Insert into "OFFICE24"."OFFICE_STATISTICS" (REPORT_DATE,OFFICE_CREATE,OFFICE_DELETE) values (to_timestamp('20/04/24','DD/MM/RR HH24:MI:SSXFF'),12,2);
Insert into "OFFICE24"."OFFICE_STATISTICS" (REPORT_DATE,OFFICE_CREATE,OFFICE_DELETE) values (to_timestamp('21/04/24','DD/MM/RR HH24:MI:SSXFF'),9,2);
Insert into "OFFICE24"."OFFICE_STATISTICS" (REPORT_DATE,OFFICE_CREATE,OFFICE_DELETE) values (to_timestamp('22/04/24','DD/MM/RR HH24:MI:SSXFF'),9,3);
Insert into "OFFICE24"."OFFICE_STATISTICS" (REPORT_DATE,OFFICE_CREATE,OFFICE_DELETE) values (to_timestamp('23/04/24','DD/MM/RR HH24:MI:SSXFF'),12,6);
Insert into "OFFICE24"."OFFICE_STATISTICS" (REPORT_DATE,OFFICE_CREATE,OFFICE_DELETE) values (to_timestamp('24/04/24','DD/MM/RR HH24:MI:SSXFF'),1,5);
Insert into "OFFICE24"."OFFICE_STATISTICS" (REPORT_DATE,OFFICE_CREATE,OFFICE_DELETE) values (to_timestamp('25/04/24','DD/MM/RR HH24:MI:SSXFF'),9,3);
Insert into "OFFICE24"."OFFICE_STATISTICS" (REPORT_DATE,OFFICE_CREATE,OFFICE_DELETE) values (to_timestamp('26/04/24','DD/MM/RR HH24:MI:SSXFF'),1,1);
Insert into "OFFICE24"."OFFICE_STATISTICS" (REPORT_DATE,OFFICE_CREATE,OFFICE_DELETE) values (to_timestamp('27/04/24','DD/MM/RR HH24:MI:SSXFF'),11,1);
Insert into "OFFICE24"."OFFICE_STATISTICS" (REPORT_DATE,OFFICE_CREATE,OFFICE_DELETE) values (to_timestamp('28/04/24','DD/MM/RR HH24:MI:SSXFF'),8,4);
Insert into "OFFICE24"."OFFICE_STATISTICS" (REPORT_DATE,OFFICE_CREATE,OFFICE_DELETE) values (to_timestamp('29/04/24','DD/MM/RR HH24:MI:SSXFF'),8,3);
Insert into "OFFICE24"."OFFICE_STATISTICS" (REPORT_DATE,OFFICE_CREATE,OFFICE_DELETE) values (to_timestamp('30/04/24','DD/MM/RR HH24:MI:SSXFF'),14,7);
Insert into "OFFICE24"."OFFICE_STATISTICS" (REPORT_DATE,OFFICE_CREATE,OFFICE_DELETE) values (to_timestamp('01/05/24','DD/MM/RR HH24:MI:SSXFF'),10,3);
Insert into "OFFICE24"."OFFICE_STATISTICS" (REPORT_DATE,OFFICE_CREATE,OFFICE_DELETE) values (to_timestamp('02/05/24','DD/MM/RR HH24:MI:SSXFF'),5,2);
Insert into "OFFICE24"."OFFICE_STATISTICS" (REPORT_DATE,OFFICE_CREATE,OFFICE_DELETE) values (to_timestamp('03/05/24','DD/MM/RR HH24:MI:SSXFF'),8,3);
Insert into "OFFICE24"."OFFICE_STATISTICS" (REPORT_DATE,OFFICE_CREATE,OFFICE_DELETE) values (to_timestamp('04/05/24','DD/MM/RR HH24:MI:SSXFF'),12,4);
Insert into "OFFICE24"."OFFICE_STATISTICS" (REPORT_DATE,OFFICE_CREATE,OFFICE_DELETE) values (to_timestamp('05/05/24','DD/MM/RR HH24:MI:SSXFF'),8,1);
Insert into "OFFICE24"."OFFICE_STATISTICS" (REPORT_DATE,OFFICE_CREATE,OFFICE_DELETE) values (to_timestamp('06/05/24','DD/MM/RR HH24:MI:SSXFF'),14,3);
Insert into "OFFICE24"."OFFICE_STATISTICS" (REPORT_DATE,OFFICE_CREATE,OFFICE_DELETE) values (to_timestamp('07/05/24','DD/MM/RR HH24:MI:SSXFF'),2,7);
Insert into "OFFICE24"."OFFICE_STATISTICS" (REPORT_DATE,OFFICE_CREATE,OFFICE_DELETE) values (to_timestamp('08/05/24','DD/MM/RR HH24:MI:SSXFF'),9,1);
Insert into "OFFICE24"."OFFICE_STATISTICS" (REPORT_DATE,OFFICE_CREATE,OFFICE_DELETE) values (to_timestamp('09/05/24','DD/MM/RR HH24:MI:SSXFF'),9,5);
Insert into "OFFICE24"."OFFICE_STATISTICS" (REPORT_DATE,OFFICE_CREATE,OFFICE_DELETE) values (to_timestamp('10/05/24','DD/MM/RR HH24:MI:SSXFF'),12,3);
Insert into "OFFICE24"."OFFICE_STATISTICS" (REPORT_DATE,OFFICE_CREATE,OFFICE_DELETE) values (to_timestamp('11/05/24','DD/MM/RR HH24:MI:SSXFF'),12,0);
Insert into "OFFICE24"."OFFICE_STATISTICS" (REPORT_DATE,OFFICE_CREATE,OFFICE_DELETE) values (to_timestamp('12/05/24','DD/MM/RR HH24:MI:SSXFF'),2,3);
Insert into "OFFICE24"."OFFICE_STATISTICS" (REPORT_DATE,OFFICE_CREATE,OFFICE_DELETE) values (to_timestamp('13/05/24','DD/MM/RR HH24:MI:SSXFF'),0,1);
Insert into "OFFICE24"."OFFICE_STATISTICS" (REPORT_DATE,OFFICE_CREATE,OFFICE_DELETE) values (to_timestamp('14/05/24','DD/MM/RR HH24:MI:SSXFF'),9,2);
Insert into "OFFICE24"."OFFICE_STATISTICS" (REPORT_DATE,OFFICE_CREATE,OFFICE_DELETE) values (to_timestamp('15/05/24','DD/MM/RR HH24:MI:SSXFF'),7,2);
Insert into "OFFICE24"."OFFICE_STATISTICS" (REPORT_DATE,OFFICE_CREATE,OFFICE_DELETE) values (to_timestamp('16/05/24','DD/MM/RR HH24:MI:SSXFF'),6,6);
Insert into "OFFICE24"."OFFICE_STATISTICS" (REPORT_DATE,OFFICE_CREATE,OFFICE_DELETE) values (to_timestamp('17/05/24','DD/MM/RR HH24:MI:SSXFF'),4,1);
Insert into "OFFICE24"."OFFICE_STATISTICS" (REPORT_DATE,OFFICE_CREATE,OFFICE_DELETE) values (to_timestamp('18/05/24','DD/MM/RR HH24:MI:SSXFF'),8,1);
Insert into "OFFICE24"."OFFICE_STATISTICS" (REPORT_DATE,OFFICE_CREATE,OFFICE_DELETE) values (to_timestamp('19/05/24','DD/MM/RR HH24:MI:SSXFF'),9,3);
Insert into "OFFICE24"."OFFICE_STATISTICS" (REPORT_DATE,OFFICE_CREATE,OFFICE_DELETE) values (to_timestamp('20/05/24','DD/MM/RR HH24:MI:SSXFF'),14,3);
Insert into "OFFICE24"."OFFICE_STATISTICS" (REPORT_DATE,OFFICE_CREATE,OFFICE_DELETE) values (to_timestamp('21/05/24','DD/MM/RR HH24:MI:SSXFF'),14,0);
Insert into "OFFICE24"."OFFICE_STATISTICS" (REPORT_DATE,OFFICE_CREATE,OFFICE_DELETE) values (to_timestamp('22/05/24','DD/MM/RR HH24:MI:SSXFF'),3,6);
Insert into "OFFICE24"."OFFICE_STATISTICS" (REPORT_DATE,OFFICE_CREATE,OFFICE_DELETE) values (to_timestamp('23/05/24','DD/MM/RR HH24:MI:SSXFF'),5,5);
Insert into "OFFICE24"."OFFICE_STATISTICS" (REPORT_DATE,OFFICE_CREATE,OFFICE_DELETE) values (to_timestamp('24/05/24','DD/MM/RR HH24:MI:SSXFF'),7,3);
Insert into "OFFICE24"."OFFICE_STATISTICS" (REPORT_DATE,OFFICE_CREATE,OFFICE_DELETE) values (to_timestamp('25/05/24','DD/MM/RR HH24:MI:SSXFF'),14,3);
Insert into "OFFICE24"."OFFICE_STATISTICS" (REPORT_DATE,OFFICE_CREATE,OFFICE_DELETE) values (to_timestamp('26/05/24','DD/MM/RR HH24:MI:SSXFF'),14,3);
Insert into "OFFICE24"."OFFICE_STATISTICS" (REPORT_DATE,OFFICE_CREATE,OFFICE_DELETE) values (to_timestamp('27/05/24','DD/MM/RR HH24:MI:SSXFF'),7,0);
Insert into "OFFICE24"."OFFICE_STATISTICS" (REPORT_DATE,OFFICE_CREATE,OFFICE_DELETE) values (to_timestamp('28/05/24','DD/MM/RR HH24:MI:SSXFF'),4,6);
Insert into "OFFICE24"."OFFICE_STATISTICS" (REPORT_DATE,OFFICE_CREATE,OFFICE_DELETE) values (to_timestamp('29/05/24','DD/MM/RR HH24:MI:SSXFF'),8,0);
Insert into "OFFICE24"."OFFICE_STATISTICS" (REPORT_DATE,OFFICE_CREATE,OFFICE_DELETE) values (to_timestamp('30/05/24','DD/MM/RR HH24:MI:SSXFF'),9,0);
Insert into "OFFICE24"."OFFICE_STATISTICS" (REPORT_DATE,OFFICE_CREATE,OFFICE_DELETE) values (to_timestamp('31/05/24','DD/MM/RR HH24:MI:SSXFF'),11,2);
Insert into "OFFICE24"."OFFICE_STATISTICS" (REPORT_DATE,OFFICE_CREATE,OFFICE_DELETE) values (to_timestamp('01/06/24','DD/MM/RR HH24:MI:SSXFF'),4,7);
Insert into "OFFICE24"."OFFICE_STATISTICS" (REPORT_DATE,OFFICE_CREATE,OFFICE_DELETE) values (to_timestamp('02/06/24','DD/MM/RR HH24:MI:SSXFF'),5,4);
Insert into "OFFICE24"."OFFICE_STATISTICS" (REPORT_DATE,OFFICE_CREATE,OFFICE_DELETE) values (to_timestamp('03/06/24','DD/MM/RR HH24:MI:SSXFF'),10,6);
Insert into "OFFICE24"."OFFICE_STATISTICS" (REPORT_DATE,OFFICE_CREATE,OFFICE_DELETE) values (to_timestamp('04/06/24','DD/MM/RR HH24:MI:SSXFF'),6,4);
Insert into "OFFICE24"."OFFICE_STATISTICS" (REPORT_DATE,OFFICE_CREATE,OFFICE_DELETE) values (to_timestamp('05/06/24','DD/MM/RR HH24:MI:SSXFF'),9,5);
Insert into "OFFICE24"."OFFICE_STATISTICS" (REPORT_DATE,OFFICE_CREATE,OFFICE_DELETE) values (to_timestamp('06/06/24','DD/MM/RR HH24:MI:SSXFF'),11,0);
Insert into "OFFICE24"."OFFICE_STATISTICS" (REPORT_DATE,OFFICE_CREATE,OFFICE_DELETE) values (to_timestamp('07/06/24','DD/MM/RR HH24:MI:SSXFF'),2,1);
Insert into "OFFICE24"."OFFICE_STATISTICS" (REPORT_DATE,OFFICE_CREATE,OFFICE_DELETE) values (to_timestamp('08/06/24','DD/MM/RR HH24:MI:SSXFF'),12,5);
Insert into "OFFICE24"."OFFICE_STATISTICS" (REPORT_DATE,OFFICE_CREATE,OFFICE_DELETE) values (to_timestamp('09/06/24','DD/MM/RR HH24:MI:SSXFF'),11,7);
Insert into "OFFICE24"."OFFICE_STATISTICS" (REPORT_DATE,OFFICE_CREATE,OFFICE_DELETE) values (to_timestamp('10/06/24','DD/MM/RR HH24:MI:SSXFF'),7,4);
Insert into "OFFICE24"."OFFICE_STATISTICS" (REPORT_DATE,OFFICE_CREATE,OFFICE_DELETE) values (to_timestamp('11/06/24','DD/MM/RR HH24:MI:SSXFF'),10,7);
Insert into "OFFICE24"."OFFICE_STATISTICS" (REPORT_DATE,OFFICE_CREATE,OFFICE_DELETE) values (to_timestamp('12/06/24','DD/MM/RR HH24:MI:SSXFF'),7,5);
Insert into "OFFICE24"."OFFICE_STATISTICS" (REPORT_DATE,OFFICE_CREATE,OFFICE_DELETE) values (to_timestamp('13/06/24','DD/MM/RR HH24:MI:SSXFF'),8,6);
Insert into "OFFICE24"."OFFICE_STATISTICS" (REPORT_DATE,OFFICE_CREATE,OFFICE_DELETE) values (to_timestamp('14/06/24','DD/MM/RR HH24:MI:SSXFF'),4,1);
Insert into "OFFICE24"."OFFICE_STATISTICS" (REPORT_DATE,OFFICE_CREATE,OFFICE_DELETE) values (to_timestamp('15/06/24','DD/MM/RR HH24:MI:SSXFF'),4,3);
Insert into "OFFICE24"."OFFICE_STATISTICS" (REPORT_DATE,OFFICE_CREATE,OFFICE_DELETE) values (to_timestamp('16/06/24','DD/MM/RR HH24:MI:SSXFF'),11,2);
Insert into "OFFICE24"."OFFICE_STATISTICS" (REPORT_DATE,OFFICE_CREATE,OFFICE_DELETE) values (to_timestamp('17/06/24','DD/MM/RR HH24:MI:SSXFF'),4,2);
Insert into "OFFICE24"."OFFICE_STATISTICS" (REPORT_DATE,OFFICE_CREATE,OFFICE_DELETE) values (to_timestamp('18/06/24','DD/MM/RR HH24:MI:SSXFF'),10,7);
Insert into "OFFICE24"."OFFICE_STATISTICS" (REPORT_DATE,OFFICE_CREATE,OFFICE_DELETE) values (to_timestamp('19/06/24','DD/MM/RR HH24:MI:SSXFF'),9,6);
Insert into "OFFICE24"."OFFICE_STATISTICS" (REPORT_DATE,OFFICE_CREATE,OFFICE_DELETE) values (to_timestamp('20/06/24','DD/MM/RR HH24:MI:SSXFF'),4,1);
Insert into "OFFICE24"."OFFICE_STATISTICS" (REPORT_DATE,OFFICE_CREATE,OFFICE_DELETE) values (to_timestamp('21/06/24','DD/MM/RR HH24:MI:SSXFF'),0,5);
Insert into "OFFICE24"."OFFICE_STATISTICS" (REPORT_DATE,OFFICE_CREATE,OFFICE_DELETE) values (to_timestamp('22/06/24','DD/MM/RR HH24:MI:SSXFF'),6,1);
Insert into "OFFICE24"."OFFICE_STATISTICS" (REPORT_DATE,OFFICE_CREATE,OFFICE_DELETE) values (to_timestamp('23/06/24','DD/MM/RR HH24:MI:SSXFF'),8,2);
Insert into "OFFICE24"."OFFICE_STATISTICS" (REPORT_DATE,OFFICE_CREATE,OFFICE_DELETE) values (to_timestamp('24/06/24','DD/MM/RR HH24:MI:SSXFF'),11,0);
Insert into "OFFICE24"."OFFICE_STATISTICS" (REPORT_DATE,OFFICE_CREATE,OFFICE_DELETE) values (to_timestamp('25/06/24','DD/MM/RR HH24:MI:SSXFF'),11,0);
Insert into "OFFICE24"."OFFICE_STATISTICS" (REPORT_DATE,OFFICE_CREATE,OFFICE_DELETE) values (to_timestamp('26/06/24','DD/MM/RR HH24:MI:SSXFF'),10,2);
Insert into "OFFICE24"."OFFICE_STATISTICS" (REPORT_DATE,OFFICE_CREATE,OFFICE_DELETE) values (to_timestamp('27/06/24','DD/MM/RR HH24:MI:SSXFF'),0,1);
Insert into "OFFICE24"."OFFICE_STATISTICS" (REPORT_DATE,OFFICE_CREATE,OFFICE_DELETE) values (to_timestamp('28/06/24','DD/MM/RR HH24:MI:SSXFF'),0,6);
Insert into "OFFICE24"."OFFICE_STATISTICS" (REPORT_DATE,OFFICE_CREATE,OFFICE_DELETE) values (to_timestamp('29/06/24','DD/MM/RR HH24:MI:SSXFF'),11,5);
Insert into "OFFICE24"."OFFICE_STATISTICS" (REPORT_DATE,OFFICE_CREATE,OFFICE_DELETE) values (to_timestamp('30/06/24','DD/MM/RR HH24:MI:SSXFF'),11,7);
Insert into "OFFICE24"."OFFICE_STATISTICS" (REPORT_DATE,OFFICE_CREATE,OFFICE_DELETE) values (to_timestamp('01/07/24','DD/MM/RR HH24:MI:SSXFF'),3,1);
Insert into "OFFICE24"."OFFICE_STATISTICS" (REPORT_DATE,OFFICE_CREATE,OFFICE_DELETE) values (to_timestamp('02/07/24','DD/MM/RR HH24:MI:SSXFF'),12,7);
Insert into "OFFICE24"."OFFICE_STATISTICS" (REPORT_DATE,OFFICE_CREATE,OFFICE_DELETE) values (to_timestamp('03/07/24','DD/MM/RR HH24:MI:SSXFF'),14,3);
Insert into "OFFICE24"."OFFICE_STATISTICS" (REPORT_DATE,OFFICE_CREATE,OFFICE_DELETE) values (to_timestamp('04/07/24','DD/MM/RR HH24:MI:SSXFF'),13,6);
Insert into "OFFICE24"."OFFICE_STATISTICS" (REPORT_DATE,OFFICE_CREATE,OFFICE_DELETE) values (to_timestamp('05/07/24','DD/MM/RR HH24:MI:SSXFF'),1,0);
Insert into "OFFICE24"."OFFICE_STATISTICS" (REPORT_DATE,OFFICE_CREATE,OFFICE_DELETE) values (to_timestamp('06/07/24','DD/MM/RR HH24:MI:SSXFF'),11,6);
Insert into "OFFICE24"."OFFICE_STATISTICS" (REPORT_DATE,OFFICE_CREATE,OFFICE_DELETE) values (to_timestamp('07/07/24','DD/MM/RR HH24:MI:SSXFF'),10,7);
Insert into "OFFICE24"."OFFICE_STATISTICS" (REPORT_DATE,OFFICE_CREATE,OFFICE_DELETE) values (to_timestamp('08/07/24','DD/MM/RR HH24:MI:SSXFF'),11,2);
Insert into "OFFICE24"."OFFICE_STATISTICS" (REPORT_DATE,OFFICE_CREATE,OFFICE_DELETE) values (to_timestamp('09/07/24','DD/MM/RR HH24:MI:SSXFF'),4,1);
Insert into "OFFICE24"."OFFICE_STATISTICS" (REPORT_DATE,OFFICE_CREATE,OFFICE_DELETE) values (to_timestamp('10/07/24','DD/MM/RR HH24:MI:SSXFF'),12,2);
Insert into "OFFICE24"."OFFICE_STATISTICS" (REPORT_DATE,OFFICE_CREATE,OFFICE_DELETE) values (to_timestamp('11/07/24','DD/MM/RR HH24:MI:SSXFF'),14,7);
Insert into "OFFICE24"."OFFICE_STATISTICS" (REPORT_DATE,OFFICE_CREATE,OFFICE_DELETE) values (to_timestamp('12/07/24','DD/MM/RR HH24:MI:SSXFF'),8,2);
Insert into "OFFICE24"."OFFICE_STATISTICS" (REPORT_DATE,OFFICE_CREATE,OFFICE_DELETE) values (to_timestamp('13/07/24','DD/MM/RR HH24:MI:SSXFF'),9,6);
Insert into "OFFICE24"."OFFICE_STATISTICS" (REPORT_DATE,OFFICE_CREATE,OFFICE_DELETE) values (to_timestamp('14/07/24','DD/MM/RR HH24:MI:SSXFF'),2,0);
Insert into "OFFICE24"."OFFICE_STATISTICS" (REPORT_DATE,OFFICE_CREATE,OFFICE_DELETE) values (to_timestamp('15/07/24','DD/MM/RR HH24:MI:SSXFF'),0,3);
Insert into "OFFICE24"."OFFICE_STATISTICS" (REPORT_DATE,OFFICE_CREATE,OFFICE_DELETE) values (to_timestamp('16/07/24','DD/MM/RR HH24:MI:SSXFF'),13,6);
Insert into "OFFICE24"."OFFICE_STATISTICS" (REPORT_DATE,OFFICE_CREATE,OFFICE_DELETE) values (to_timestamp('17/07/24','DD/MM/RR HH24:MI:SSXFF'),0,1);
Insert into "OFFICE24"."OFFICE_STATISTICS" (REPORT_DATE,OFFICE_CREATE,OFFICE_DELETE) values (to_timestamp('18/07/24','DD/MM/RR HH24:MI:SSXFF'),1,0);
Insert into "OFFICE24"."OFFICE_STATISTICS" (REPORT_DATE,OFFICE_CREATE,OFFICE_DELETE) values (to_timestamp('19/07/24','DD/MM/RR HH24:MI:SSXFF'),2,2);
Insert into "OFFICE24"."OFFICE_STATISTICS" (REPORT_DATE,OFFICE_CREATE,OFFICE_DELETE) values (to_timestamp('20/07/24','DD/MM/RR HH24:MI:SSXFF'),14,5);
Insert into "OFFICE24"."OFFICE_STATISTICS" (REPORT_DATE,OFFICE_CREATE,OFFICE_DELETE) values (to_timestamp('21/07/24','DD/MM/RR HH24:MI:SSXFF'),6,4);
Insert into "OFFICE24"."OFFICE_STATISTICS" (REPORT_DATE,OFFICE_CREATE,OFFICE_DELETE) values (to_timestamp('22/07/24','DD/MM/RR HH24:MI:SSXFF'),13,3);
Insert into "OFFICE24"."OFFICE_STATISTICS" (REPORT_DATE,OFFICE_CREATE,OFFICE_DELETE) values (to_timestamp('23/07/24','DD/MM/RR HH24:MI:SSXFF'),0,3);
Insert into "OFFICE24"."OFFICE_STATISTICS" (REPORT_DATE,OFFICE_CREATE,OFFICE_DELETE) values (to_timestamp('24/07/24','DD/MM/RR HH24:MI:SSXFF'),9,3);
Insert into "OFFICE24"."OFFICE_STATISTICS" (REPORT_DATE,OFFICE_CREATE,OFFICE_DELETE) values (to_timestamp('25/07/24','DD/MM/RR HH24:MI:SSXFF'),6,6);
Insert into "OFFICE24"."OFFICE_STATISTICS" (REPORT_DATE,OFFICE_CREATE,OFFICE_DELETE) values (to_timestamp('26/07/24','DD/MM/RR HH24:MI:SSXFF'),2,5);
Insert into "OFFICE24"."OFFICE_STATISTICS" (REPORT_DATE,OFFICE_CREATE,OFFICE_DELETE) values (to_timestamp('27/07/24','DD/MM/RR HH24:MI:SSXFF'),9,2);
Insert into "OFFICE24"."OFFICE_STATISTICS" (REPORT_DATE,OFFICE_CREATE,OFFICE_DELETE) values (to_timestamp('28/07/24','DD/MM/RR HH24:MI:SSXFF'),4,6);
Insert into "OFFICE24"."OFFICE_STATISTICS" (REPORT_DATE,OFFICE_CREATE,OFFICE_DELETE) values (to_timestamp('29/07/24','DD/MM/RR HH24:MI:SSXFF'),14,7);
Insert into "OFFICE24"."OFFICE_STATISTICS" (REPORT_DATE,OFFICE_CREATE,OFFICE_DELETE) values (to_timestamp('30/07/24','DD/MM/RR HH24:MI:SSXFF'),0,0);
Insert into "OFFICE24"."OFFICE_STATISTICS" (REPORT_DATE,OFFICE_CREATE,OFFICE_DELETE) values (to_timestamp('31/07/24','DD/MM/RR HH24:MI:SSXFF'),13,6);
Insert into "OFFICE24"."OFFICE_STATISTICS" (REPORT_DATE,OFFICE_CREATE,OFFICE_DELETE) values (to_timestamp('09/08/24','DD/MM/RR HH24:MI:SSXFF'),2,0);
Insert into "OFFICE24"."OFFICE_STATISTICS" (REPORT_DATE,OFFICE_CREATE,OFFICE_DELETE) values (to_timestamp('13/08/24','DD/MM/RR HH24:MI:SSXFF'),1,0);
Insert into "OFFICE24"."OFFICE_STATISTICS" (REPORT_DATE,OFFICE_CREATE,OFFICE_DELETE) values (to_timestamp('14/08/24','DD/MM/RR HH24:MI:SSXFF'),4,3);
Insert into "OFFICE24"."BOOKING_STATISTICS" (REPORT_DATE,BOOKING_CREATE,BOOKING_DELETE) values (to_timestamp('14/08/24','DD/MM/RR HH24:MI:SSXFF'),10,2);
Insert into "OFFICE24"."BOOKING_STATISTICS" (REPORT_DATE,BOOKING_CREATE,BOOKING_DELETE) values (to_timestamp('09/08/24','DD/MM/RR HH24:MI:SSXFF'),2,0);
Insert into "OFFICE24"."BOOKING_STATISTICS" (REPORT_DATE,BOOKING_CREATE,BOOKING_DELETE) values (to_timestamp('10/08/24','DD/MM/RR HH24:MI:SSXFF'),1,1);
Insert into "OFFICE24"."BOOKING_STATISTICS" (REPORT_DATE,BOOKING_CREATE,BOOKING_DELETE) values (to_timestamp('13/08/24','DD/MM/RR HH24:MI:SSXFF'),6,3);
Insert into "OFFICE24"."BOOKING_STATISTICS" (REPORT_DATE,BOOKING_CREATE,BOOKING_DELETE) values (to_timestamp('15/08/24','DD/MM/RR HH24:MI:SSXFF'),103,0);
Insert into "OFFICE24"."BOOKING_STATISTICS" (REPORT_DATE,BOOKING_CREATE,BOOKING_DELETE) values (to_timestamp('08/08/24','DD/MM/RR HH24:MI:SSXFF'),100,3);
Insert into "OFFICE24"."BOOKING_STATISTICS" (REPORT_DATE,BOOKING_CREATE,BOOKING_DELETE) values (to_timestamp('01/01/24','DD/MM/RR HH24:MI:SSXFF'),67,6);
Insert into "OFFICE24"."BOOKING_STATISTICS" (REPORT_DATE,BOOKING_CREATE,BOOKING_DELETE) values (to_timestamp('02/01/24','DD/MM/RR HH24:MI:SSXFF'),27,43);
Insert into "OFFICE24"."BOOKING_STATISTICS" (REPORT_DATE,BOOKING_CREATE,BOOKING_DELETE) values (to_timestamp('03/01/24','DD/MM/RR HH24:MI:SSXFF'),83,46);
Insert into "OFFICE24"."BOOKING_STATISTICS" (REPORT_DATE,BOOKING_CREATE,BOOKING_DELETE) values (to_timestamp('04/01/24','DD/MM/RR HH24:MI:SSXFF'),28,37);
Insert into "OFFICE24"."BOOKING_STATISTICS" (REPORT_DATE,BOOKING_CREATE,BOOKING_DELETE) values (to_timestamp('05/01/24','DD/MM/RR HH24:MI:SSXFF'),98,37);
Insert into "OFFICE24"."BOOKING_STATISTICS" (REPORT_DATE,BOOKING_CREATE,BOOKING_DELETE) values (to_timestamp('06/01/24','DD/MM/RR HH24:MI:SSXFF'),75,36);
Insert into "OFFICE24"."BOOKING_STATISTICS" (REPORT_DATE,BOOKING_CREATE,BOOKING_DELETE) values (to_timestamp('07/01/24','DD/MM/RR HH24:MI:SSXFF'),80,47);
Insert into "OFFICE24"."BOOKING_STATISTICS" (REPORT_DATE,BOOKING_CREATE,BOOKING_DELETE) values (to_timestamp('08/01/24','DD/MM/RR HH24:MI:SSXFF'),40,9);
Insert into "OFFICE24"."BOOKING_STATISTICS" (REPORT_DATE,BOOKING_CREATE,BOOKING_DELETE) values (to_timestamp('09/01/24','DD/MM/RR HH24:MI:SSXFF'),73,2);
Insert into "OFFICE24"."BOOKING_STATISTICS" (REPORT_DATE,BOOKING_CREATE,BOOKING_DELETE) values (to_timestamp('10/01/24','DD/MM/RR HH24:MI:SSXFF'),65,15);
Insert into "OFFICE24"."BOOKING_STATISTICS" (REPORT_DATE,BOOKING_CREATE,BOOKING_DELETE) values (to_timestamp('11/01/24','DD/MM/RR HH24:MI:SSXFF'),81,32);
Insert into "OFFICE24"."BOOKING_STATISTICS" (REPORT_DATE,BOOKING_CREATE,BOOKING_DELETE) values (to_timestamp('12/01/24','DD/MM/RR HH24:MI:SSXFF'),79,9);
Insert into "OFFICE24"."BOOKING_STATISTICS" (REPORT_DATE,BOOKING_CREATE,BOOKING_DELETE) values (to_timestamp('13/01/24','DD/MM/RR HH24:MI:SSXFF'),69,2);
Insert into "OFFICE24"."BOOKING_STATISTICS" (REPORT_DATE,BOOKING_CREATE,BOOKING_DELETE) values (to_timestamp('14/01/24','DD/MM/RR HH24:MI:SSXFF'),15,6);
Insert into "OFFICE24"."BOOKING_STATISTICS" (REPORT_DATE,BOOKING_CREATE,BOOKING_DELETE) values (to_timestamp('15/01/24','DD/MM/RR HH24:MI:SSXFF'),5,5);
Insert into "OFFICE24"."BOOKING_STATISTICS" (REPORT_DATE,BOOKING_CREATE,BOOKING_DELETE) values (to_timestamp('16/01/24','DD/MM/RR HH24:MI:SSXFF'),13,32);
Insert into "OFFICE24"."BOOKING_STATISTICS" (REPORT_DATE,BOOKING_CREATE,BOOKING_DELETE) values (to_timestamp('17/01/24','DD/MM/RR HH24:MI:SSXFF'),79,35);
Insert into "OFFICE24"."BOOKING_STATISTICS" (REPORT_DATE,BOOKING_CREATE,BOOKING_DELETE) values (to_timestamp('18/01/24','DD/MM/RR HH24:MI:SSXFF'),40,36);
Insert into "OFFICE24"."BOOKING_STATISTICS" (REPORT_DATE,BOOKING_CREATE,BOOKING_DELETE) values (to_timestamp('19/01/24','DD/MM/RR HH24:MI:SSXFF'),42,14);
Insert into "OFFICE24"."BOOKING_STATISTICS" (REPORT_DATE,BOOKING_CREATE,BOOKING_DELETE) values (to_timestamp('20/01/24','DD/MM/RR HH24:MI:SSXFF'),18,31);
Insert into "OFFICE24"."BOOKING_STATISTICS" (REPORT_DATE,BOOKING_CREATE,BOOKING_DELETE) values (to_timestamp('21/01/24','DD/MM/RR HH24:MI:SSXFF'),14,9);
Insert into "OFFICE24"."BOOKING_STATISTICS" (REPORT_DATE,BOOKING_CREATE,BOOKING_DELETE) values (to_timestamp('22/01/24','DD/MM/RR HH24:MI:SSXFF'),60,48);
Insert into "OFFICE24"."BOOKING_STATISTICS" (REPORT_DATE,BOOKING_CREATE,BOOKING_DELETE) values (to_timestamp('23/01/24','DD/MM/RR HH24:MI:SSXFF'),67,1);
Insert into "OFFICE24"."BOOKING_STATISTICS" (REPORT_DATE,BOOKING_CREATE,BOOKING_DELETE) values (to_timestamp('24/01/24','DD/MM/RR HH24:MI:SSXFF'),52,2);
Insert into "OFFICE24"."BOOKING_STATISTICS" (REPORT_DATE,BOOKING_CREATE,BOOKING_DELETE) values (to_timestamp('25/01/24','DD/MM/RR HH24:MI:SSXFF'),88,32);
Insert into "OFFICE24"."BOOKING_STATISTICS" (REPORT_DATE,BOOKING_CREATE,BOOKING_DELETE) values (to_timestamp('26/01/24','DD/MM/RR HH24:MI:SSXFF'),29,43);
Insert into "OFFICE24"."BOOKING_STATISTICS" (REPORT_DATE,BOOKING_CREATE,BOOKING_DELETE) values (to_timestamp('27/01/24','DD/MM/RR HH24:MI:SSXFF'),68,35);
Insert into "OFFICE24"."BOOKING_STATISTICS" (REPORT_DATE,BOOKING_CREATE,BOOKING_DELETE) values (to_timestamp('28/01/24','DD/MM/RR HH24:MI:SSXFF'),97,18);
Insert into "OFFICE24"."BOOKING_STATISTICS" (REPORT_DATE,BOOKING_CREATE,BOOKING_DELETE) values (to_timestamp('29/01/24','DD/MM/RR HH24:MI:SSXFF'),18,21);
Insert into "OFFICE24"."BOOKING_STATISTICS" (REPORT_DATE,BOOKING_CREATE,BOOKING_DELETE) values (to_timestamp('30/01/24','DD/MM/RR HH24:MI:SSXFF'),0,44);
Insert into "OFFICE24"."BOOKING_STATISTICS" (REPORT_DATE,BOOKING_CREATE,BOOKING_DELETE) values (to_timestamp('31/01/24','DD/MM/RR HH24:MI:SSXFF'),4,21);
Insert into "OFFICE24"."BOOKING_STATISTICS" (REPORT_DATE,BOOKING_CREATE,BOOKING_DELETE) values (to_timestamp('01/02/24','DD/MM/RR HH24:MI:SSXFF'),38,38);
Insert into "OFFICE24"."BOOKING_STATISTICS" (REPORT_DATE,BOOKING_CREATE,BOOKING_DELETE) values (to_timestamp('02/02/24','DD/MM/RR HH24:MI:SSXFF'),46,8);
Insert into "OFFICE24"."BOOKING_STATISTICS" (REPORT_DATE,BOOKING_CREATE,BOOKING_DELETE) values (to_timestamp('03/02/24','DD/MM/RR HH24:MI:SSXFF'),47,11);
Insert into "OFFICE24"."BOOKING_STATISTICS" (REPORT_DATE,BOOKING_CREATE,BOOKING_DELETE) values (to_timestamp('04/02/24','DD/MM/RR HH24:MI:SSXFF'),25,29);
Insert into "OFFICE24"."BOOKING_STATISTICS" (REPORT_DATE,BOOKING_CREATE,BOOKING_DELETE) values (to_timestamp('05/02/24','DD/MM/RR HH24:MI:SSXFF'),81,43);
Insert into "OFFICE24"."BOOKING_STATISTICS" (REPORT_DATE,BOOKING_CREATE,BOOKING_DELETE) values (to_timestamp('06/02/24','DD/MM/RR HH24:MI:SSXFF'),25,13);
Insert into "OFFICE24"."BOOKING_STATISTICS" (REPORT_DATE,BOOKING_CREATE,BOOKING_DELETE) values (to_timestamp('07/02/24','DD/MM/RR HH24:MI:SSXFF'),28,24);
Insert into "OFFICE24"."BOOKING_STATISTICS" (REPORT_DATE,BOOKING_CREATE,BOOKING_DELETE) values (to_timestamp('08/02/24','DD/MM/RR HH24:MI:SSXFF'),67,15);
Insert into "OFFICE24"."BOOKING_STATISTICS" (REPORT_DATE,BOOKING_CREATE,BOOKING_DELETE) values (to_timestamp('09/02/24','DD/MM/RR HH24:MI:SSXFF'),22,29);
Insert into "OFFICE24"."BOOKING_STATISTICS" (REPORT_DATE,BOOKING_CREATE,BOOKING_DELETE) values (to_timestamp('10/02/24','DD/MM/RR HH24:MI:SSXFF'),70,22);
Insert into "OFFICE24"."BOOKING_STATISTICS" (REPORT_DATE,BOOKING_CREATE,BOOKING_DELETE) values (to_timestamp('11/02/24','DD/MM/RR HH24:MI:SSXFF'),99,36);
Insert into "OFFICE24"."BOOKING_STATISTICS" (REPORT_DATE,BOOKING_CREATE,BOOKING_DELETE) values (to_timestamp('12/02/24','DD/MM/RR HH24:MI:SSXFF'),82,5);
Insert into "OFFICE24"."BOOKING_STATISTICS" (REPORT_DATE,BOOKING_CREATE,BOOKING_DELETE) values (to_timestamp('13/02/24','DD/MM/RR HH24:MI:SSXFF'),2,49);
Insert into "OFFICE24"."BOOKING_STATISTICS" (REPORT_DATE,BOOKING_CREATE,BOOKING_DELETE) values (to_timestamp('14/02/24','DD/MM/RR HH24:MI:SSXFF'),14,20);
Insert into "OFFICE24"."BOOKING_STATISTICS" (REPORT_DATE,BOOKING_CREATE,BOOKING_DELETE) values (to_timestamp('15/02/24','DD/MM/RR HH24:MI:SSXFF'),61,23);
Insert into "OFFICE24"."BOOKING_STATISTICS" (REPORT_DATE,BOOKING_CREATE,BOOKING_DELETE) values (to_timestamp('16/02/24','DD/MM/RR HH24:MI:SSXFF'),72,28);
Insert into "OFFICE24"."BOOKING_STATISTICS" (REPORT_DATE,BOOKING_CREATE,BOOKING_DELETE) values (to_timestamp('17/02/24','DD/MM/RR HH24:MI:SSXFF'),40,30);
Insert into "OFFICE24"."BOOKING_STATISTICS" (REPORT_DATE,BOOKING_CREATE,BOOKING_DELETE) values (to_timestamp('18/02/24','DD/MM/RR HH24:MI:SSXFF'),35,4);
Insert into "OFFICE24"."BOOKING_STATISTICS" (REPORT_DATE,BOOKING_CREATE,BOOKING_DELETE) values (to_timestamp('19/02/24','DD/MM/RR HH24:MI:SSXFF'),19,46);
Insert into "OFFICE24"."BOOKING_STATISTICS" (REPORT_DATE,BOOKING_CREATE,BOOKING_DELETE) values (to_timestamp('20/02/24','DD/MM/RR HH24:MI:SSXFF'),60,16);
Insert into "OFFICE24"."BOOKING_STATISTICS" (REPORT_DATE,BOOKING_CREATE,BOOKING_DELETE) values (to_timestamp('21/02/24','DD/MM/RR HH24:MI:SSXFF'),92,7);
Insert into "OFFICE24"."BOOKING_STATISTICS" (REPORT_DATE,BOOKING_CREATE,BOOKING_DELETE) values (to_timestamp('22/02/24','DD/MM/RR HH24:MI:SSXFF'),91,28);
Insert into "OFFICE24"."BOOKING_STATISTICS" (REPORT_DATE,BOOKING_CREATE,BOOKING_DELETE) values (to_timestamp('23/02/24','DD/MM/RR HH24:MI:SSXFF'),35,17);
Insert into "OFFICE24"."BOOKING_STATISTICS" (REPORT_DATE,BOOKING_CREATE,BOOKING_DELETE) values (to_timestamp('24/02/24','DD/MM/RR HH24:MI:SSXFF'),3,10);
Insert into "OFFICE24"."BOOKING_STATISTICS" (REPORT_DATE,BOOKING_CREATE,BOOKING_DELETE) values (to_timestamp('25/02/24','DD/MM/RR HH24:MI:SSXFF'),95,44);
Insert into "OFFICE24"."BOOKING_STATISTICS" (REPORT_DATE,BOOKING_CREATE,BOOKING_DELETE) values (to_timestamp('26/02/24','DD/MM/RR HH24:MI:SSXFF'),89,49);
Insert into "OFFICE24"."BOOKING_STATISTICS" (REPORT_DATE,BOOKING_CREATE,BOOKING_DELETE) values (to_timestamp('27/02/24','DD/MM/RR HH24:MI:SSXFF'),61,43);
Insert into "OFFICE24"."BOOKING_STATISTICS" (REPORT_DATE,BOOKING_CREATE,BOOKING_DELETE) values (to_timestamp('28/02/24','DD/MM/RR HH24:MI:SSXFF'),54,20);
Insert into "OFFICE24"."BOOKING_STATISTICS" (REPORT_DATE,BOOKING_CREATE,BOOKING_DELETE) values (to_timestamp('29/02/24','DD/MM/RR HH24:MI:SSXFF'),76,30);
Insert into "OFFICE24"."BOOKING_STATISTICS" (REPORT_DATE,BOOKING_CREATE,BOOKING_DELETE) values (to_timestamp('01/03/24','DD/MM/RR HH24:MI:SSXFF'),56,4);
Insert into "OFFICE24"."BOOKING_STATISTICS" (REPORT_DATE,BOOKING_CREATE,BOOKING_DELETE) values (to_timestamp('02/03/24','DD/MM/RR HH24:MI:SSXFF'),68,48);
Insert into "OFFICE24"."BOOKING_STATISTICS" (REPORT_DATE,BOOKING_CREATE,BOOKING_DELETE) values (to_timestamp('03/03/24','DD/MM/RR HH24:MI:SSXFF'),15,10);
Insert into "OFFICE24"."BOOKING_STATISTICS" (REPORT_DATE,BOOKING_CREATE,BOOKING_DELETE) values (to_timestamp('04/03/24','DD/MM/RR HH24:MI:SSXFF'),49,30);
Insert into "OFFICE24"."BOOKING_STATISTICS" (REPORT_DATE,BOOKING_CREATE,BOOKING_DELETE) values (to_timestamp('05/03/24','DD/MM/RR HH24:MI:SSXFF'),34,23);
Insert into "OFFICE24"."BOOKING_STATISTICS" (REPORT_DATE,BOOKING_CREATE,BOOKING_DELETE) values (to_timestamp('06/03/24','DD/MM/RR HH24:MI:SSXFF'),42,14);
Insert into "OFFICE24"."BOOKING_STATISTICS" (REPORT_DATE,BOOKING_CREATE,BOOKING_DELETE) values (to_timestamp('07/03/24','DD/MM/RR HH24:MI:SSXFF'),65,7);
Insert into "OFFICE24"."BOOKING_STATISTICS" (REPORT_DATE,BOOKING_CREATE,BOOKING_DELETE) values (to_timestamp('08/03/24','DD/MM/RR HH24:MI:SSXFF'),72,30);
Insert into "OFFICE24"."BOOKING_STATISTICS" (REPORT_DATE,BOOKING_CREATE,BOOKING_DELETE) values (to_timestamp('09/03/24','DD/MM/RR HH24:MI:SSXFF'),3,17);
Insert into "OFFICE24"."BOOKING_STATISTICS" (REPORT_DATE,BOOKING_CREATE,BOOKING_DELETE) values (to_timestamp('10/03/24','DD/MM/RR HH24:MI:SSXFF'),8,43);
Insert into "OFFICE24"."BOOKING_STATISTICS" (REPORT_DATE,BOOKING_CREATE,BOOKING_DELETE) values (to_timestamp('11/03/24','DD/MM/RR HH24:MI:SSXFF'),32,48);
Insert into "OFFICE24"."BOOKING_STATISTICS" (REPORT_DATE,BOOKING_CREATE,BOOKING_DELETE) values (to_timestamp('12/03/24','DD/MM/RR HH24:MI:SSXFF'),88,1);
Insert into "OFFICE24"."BOOKING_STATISTICS" (REPORT_DATE,BOOKING_CREATE,BOOKING_DELETE) values (to_timestamp('13/03/24','DD/MM/RR HH24:MI:SSXFF'),39,11);
Insert into "OFFICE24"."BOOKING_STATISTICS" (REPORT_DATE,BOOKING_CREATE,BOOKING_DELETE) values (to_timestamp('14/03/24','DD/MM/RR HH24:MI:SSXFF'),33,13);
Insert into "OFFICE24"."BOOKING_STATISTICS" (REPORT_DATE,BOOKING_CREATE,BOOKING_DELETE) values (to_timestamp('15/03/24','DD/MM/RR HH24:MI:SSXFF'),98,8);
Insert into "OFFICE24"."BOOKING_STATISTICS" (REPORT_DATE,BOOKING_CREATE,BOOKING_DELETE) values (to_timestamp('16/03/24','DD/MM/RR HH24:MI:SSXFF'),22,46);
Insert into "OFFICE24"."BOOKING_STATISTICS" (REPORT_DATE,BOOKING_CREATE,BOOKING_DELETE) values (to_timestamp('17/03/24','DD/MM/RR HH24:MI:SSXFF'),17,44);
Insert into "OFFICE24"."BOOKING_STATISTICS" (REPORT_DATE,BOOKING_CREATE,BOOKING_DELETE) values (to_timestamp('18/03/24','DD/MM/RR HH24:MI:SSXFF'),90,38);
Insert into "OFFICE24"."BOOKING_STATISTICS" (REPORT_DATE,BOOKING_CREATE,BOOKING_DELETE) values (to_timestamp('19/03/24','DD/MM/RR HH24:MI:SSXFF'),55,20);
Insert into "OFFICE24"."BOOKING_STATISTICS" (REPORT_DATE,BOOKING_CREATE,BOOKING_DELETE) values (to_timestamp('20/03/24','DD/MM/RR HH24:MI:SSXFF'),75,12);
Insert into "OFFICE24"."BOOKING_STATISTICS" (REPORT_DATE,BOOKING_CREATE,BOOKING_DELETE) values (to_timestamp('21/03/24','DD/MM/RR HH24:MI:SSXFF'),5,38);
Insert into "OFFICE24"."BOOKING_STATISTICS" (REPORT_DATE,BOOKING_CREATE,BOOKING_DELETE) values (to_timestamp('22/03/24','DD/MM/RR HH24:MI:SSXFF'),63,34);
Insert into "OFFICE24"."BOOKING_STATISTICS" (REPORT_DATE,BOOKING_CREATE,BOOKING_DELETE) values (to_timestamp('23/03/24','DD/MM/RR HH24:MI:SSXFF'),36,34);
Insert into "OFFICE24"."BOOKING_STATISTICS" (REPORT_DATE,BOOKING_CREATE,BOOKING_DELETE) values (to_timestamp('24/03/24','DD/MM/RR HH24:MI:SSXFF'),51,46);
Insert into "OFFICE24"."BOOKING_STATISTICS" (REPORT_DATE,BOOKING_CREATE,BOOKING_DELETE) values (to_timestamp('25/03/24','DD/MM/RR HH24:MI:SSXFF'),34,35);
Insert into "OFFICE24"."BOOKING_STATISTICS" (REPORT_DATE,BOOKING_CREATE,BOOKING_DELETE) values (to_timestamp('26/03/24','DD/MM/RR HH24:MI:SSXFF'),73,43);
Insert into "OFFICE24"."BOOKING_STATISTICS" (REPORT_DATE,BOOKING_CREATE,BOOKING_DELETE) values (to_timestamp('27/03/24','DD/MM/RR HH24:MI:SSXFF'),38,32);
Insert into "OFFICE24"."BOOKING_STATISTICS" (REPORT_DATE,BOOKING_CREATE,BOOKING_DELETE) values (to_timestamp('28/03/24','DD/MM/RR HH24:MI:SSXFF'),65,48);
Insert into "OFFICE24"."BOOKING_STATISTICS" (REPORT_DATE,BOOKING_CREATE,BOOKING_DELETE) values (to_timestamp('29/03/24','DD/MM/RR HH24:MI:SSXFF'),33,0);
Insert into "OFFICE24"."BOOKING_STATISTICS" (REPORT_DATE,BOOKING_CREATE,BOOKING_DELETE) values (to_timestamp('30/03/24','DD/MM/RR HH24:MI:SSXFF'),23,7);
Insert into "OFFICE24"."BOOKING_STATISTICS" (REPORT_DATE,BOOKING_CREATE,BOOKING_DELETE) values (to_timestamp('31/03/24','DD/MM/RR HH24:MI:SSXFF'),38,36);
Insert into "OFFICE24"."BOOKING_STATISTICS" (REPORT_DATE,BOOKING_CREATE,BOOKING_DELETE) values (to_timestamp('01/04/24','DD/MM/RR HH24:MI:SSXFF'),53,25);
Insert into "OFFICE24"."BOOKING_STATISTICS" (REPORT_DATE,BOOKING_CREATE,BOOKING_DELETE) values (to_timestamp('02/04/24','DD/MM/RR HH24:MI:SSXFF'),36,16);
Insert into "OFFICE24"."BOOKING_STATISTICS" (REPORT_DATE,BOOKING_CREATE,BOOKING_DELETE) values (to_timestamp('03/04/24','DD/MM/RR HH24:MI:SSXFF'),4,10);
Insert into "OFFICE24"."BOOKING_STATISTICS" (REPORT_DATE,BOOKING_CREATE,BOOKING_DELETE) values (to_timestamp('04/04/24','DD/MM/RR HH24:MI:SSXFF'),57,23);
Insert into "OFFICE24"."BOOKING_STATISTICS" (REPORT_DATE,BOOKING_CREATE,BOOKING_DELETE) values (to_timestamp('05/04/24','DD/MM/RR HH24:MI:SSXFF'),87,4);
Insert into "OFFICE24"."BOOKING_STATISTICS" (REPORT_DATE,BOOKING_CREATE,BOOKING_DELETE) values (to_timestamp('06/04/24','DD/MM/RR HH24:MI:SSXFF'),13,36);
Insert into "OFFICE24"."BOOKING_STATISTICS" (REPORT_DATE,BOOKING_CREATE,BOOKING_DELETE) values (to_timestamp('07/04/24','DD/MM/RR HH24:MI:SSXFF'),55,34);
Insert into "OFFICE24"."BOOKING_STATISTICS" (REPORT_DATE,BOOKING_CREATE,BOOKING_DELETE) values (to_timestamp('08/04/24','DD/MM/RR HH24:MI:SSXFF'),66,19);
Insert into "OFFICE24"."BOOKING_STATISTICS" (REPORT_DATE,BOOKING_CREATE,BOOKING_DELETE) values (to_timestamp('09/04/24','DD/MM/RR HH24:MI:SSXFF'),96,37);
Insert into "OFFICE24"."BOOKING_STATISTICS" (REPORT_DATE,BOOKING_CREATE,BOOKING_DELETE) values (to_timestamp('10/04/24','DD/MM/RR HH24:MI:SSXFF'),94,3);
Insert into "OFFICE24"."BOOKING_STATISTICS" (REPORT_DATE,BOOKING_CREATE,BOOKING_DELETE) values (to_timestamp('11/04/24','DD/MM/RR HH24:MI:SSXFF'),13,18);
Insert into "OFFICE24"."BOOKING_STATISTICS" (REPORT_DATE,BOOKING_CREATE,BOOKING_DELETE) values (to_timestamp('12/04/24','DD/MM/RR HH24:MI:SSXFF'),82,44);
Insert into "OFFICE24"."BOOKING_STATISTICS" (REPORT_DATE,BOOKING_CREATE,BOOKING_DELETE) values (to_timestamp('13/04/24','DD/MM/RR HH24:MI:SSXFF'),88,25);
Insert into "OFFICE24"."BOOKING_STATISTICS" (REPORT_DATE,BOOKING_CREATE,BOOKING_DELETE) values (to_timestamp('14/04/24','DD/MM/RR HH24:MI:SSXFF'),90,7);
Insert into "OFFICE24"."BOOKING_STATISTICS" (REPORT_DATE,BOOKING_CREATE,BOOKING_DELETE) values (to_timestamp('15/04/24','DD/MM/RR HH24:MI:SSXFF'),90,47);
Insert into "OFFICE24"."BOOKING_STATISTICS" (REPORT_DATE,BOOKING_CREATE,BOOKING_DELETE) values (to_timestamp('16/04/24','DD/MM/RR HH24:MI:SSXFF'),14,14);
Insert into "OFFICE24"."BOOKING_STATISTICS" (REPORT_DATE,BOOKING_CREATE,BOOKING_DELETE) values (to_timestamp('17/04/24','DD/MM/RR HH24:MI:SSXFF'),77,21);
Insert into "OFFICE24"."BOOKING_STATISTICS" (REPORT_DATE,BOOKING_CREATE,BOOKING_DELETE) values (to_timestamp('18/04/24','DD/MM/RR HH24:MI:SSXFF'),10,34);
Insert into "OFFICE24"."BOOKING_STATISTICS" (REPORT_DATE,BOOKING_CREATE,BOOKING_DELETE) values (to_timestamp('19/04/24','DD/MM/RR HH24:MI:SSXFF'),89,46);
Insert into "OFFICE24"."BOOKING_STATISTICS" (REPORT_DATE,BOOKING_CREATE,BOOKING_DELETE) values (to_timestamp('20/04/24','DD/MM/RR HH24:MI:SSXFF'),15,19);
Insert into "OFFICE24"."BOOKING_STATISTICS" (REPORT_DATE,BOOKING_CREATE,BOOKING_DELETE) values (to_timestamp('21/04/24','DD/MM/RR HH24:MI:SSXFF'),2,23);
Insert into "OFFICE24"."BOOKING_STATISTICS" (REPORT_DATE,BOOKING_CREATE,BOOKING_DELETE) values (to_timestamp('22/04/24','DD/MM/RR HH24:MI:SSXFF'),43,14);
Insert into "OFFICE24"."BOOKING_STATISTICS" (REPORT_DATE,BOOKING_CREATE,BOOKING_DELETE) values (to_timestamp('23/04/24','DD/MM/RR HH24:MI:SSXFF'),55,2);
Insert into "OFFICE24"."BOOKING_STATISTICS" (REPORT_DATE,BOOKING_CREATE,BOOKING_DELETE) values (to_timestamp('24/04/24','DD/MM/RR HH24:MI:SSXFF'),4,30);
Insert into "OFFICE24"."BOOKING_STATISTICS" (REPORT_DATE,BOOKING_CREATE,BOOKING_DELETE) values (to_timestamp('25/04/24','DD/MM/RR HH24:MI:SSXFF'),70,14);
Insert into "OFFICE24"."BOOKING_STATISTICS" (REPORT_DATE,BOOKING_CREATE,BOOKING_DELETE) values (to_timestamp('26/04/24','DD/MM/RR HH24:MI:SSXFF'),7,18);
Insert into "OFFICE24"."BOOKING_STATISTICS" (REPORT_DATE,BOOKING_CREATE,BOOKING_DELETE) values (to_timestamp('27/04/24','DD/MM/RR HH24:MI:SSXFF'),51,10);
Insert into "OFFICE24"."BOOKING_STATISTICS" (REPORT_DATE,BOOKING_CREATE,BOOKING_DELETE) values (to_timestamp('28/04/24','DD/MM/RR HH24:MI:SSXFF'),60,20);
Insert into "OFFICE24"."BOOKING_STATISTICS" (REPORT_DATE,BOOKING_CREATE,BOOKING_DELETE) values (to_timestamp('29/04/24','DD/MM/RR HH24:MI:SSXFF'),2,13);
Insert into "OFFICE24"."BOOKING_STATISTICS" (REPORT_DATE,BOOKING_CREATE,BOOKING_DELETE) values (to_timestamp('30/04/24','DD/MM/RR HH24:MI:SSXFF'),46,47);
Insert into "OFFICE24"."BOOKING_STATISTICS" (REPORT_DATE,BOOKING_CREATE,BOOKING_DELETE) values (to_timestamp('01/05/24','DD/MM/RR HH24:MI:SSXFF'),15,35);
Insert into "OFFICE24"."BOOKING_STATISTICS" (REPORT_DATE,BOOKING_CREATE,BOOKING_DELETE) values (to_timestamp('02/05/24','DD/MM/RR HH24:MI:SSXFF'),75,32);
Insert into "OFFICE24"."BOOKING_STATISTICS" (REPORT_DATE,BOOKING_CREATE,BOOKING_DELETE) values (to_timestamp('03/05/24','DD/MM/RR HH24:MI:SSXFF'),51,11);
Insert into "OFFICE24"."BOOKING_STATISTICS" (REPORT_DATE,BOOKING_CREATE,BOOKING_DELETE) values (to_timestamp('04/05/24','DD/MM/RR HH24:MI:SSXFF'),41,22);
Insert into "OFFICE24"."BOOKING_STATISTICS" (REPORT_DATE,BOOKING_CREATE,BOOKING_DELETE) values (to_timestamp('05/05/24','DD/MM/RR HH24:MI:SSXFF'),62,41);
Insert into "OFFICE24"."BOOKING_STATISTICS" (REPORT_DATE,BOOKING_CREATE,BOOKING_DELETE) values (to_timestamp('06/05/24','DD/MM/RR HH24:MI:SSXFF'),77,49);
Insert into "OFFICE24"."BOOKING_STATISTICS" (REPORT_DATE,BOOKING_CREATE,BOOKING_DELETE) values (to_timestamp('07/05/24','DD/MM/RR HH24:MI:SSXFF'),22,19);
Insert into "OFFICE24"."BOOKING_STATISTICS" (REPORT_DATE,BOOKING_CREATE,BOOKING_DELETE) values (to_timestamp('08/05/24','DD/MM/RR HH24:MI:SSXFF'),35,34);
Insert into "OFFICE24"."BOOKING_STATISTICS" (REPORT_DATE,BOOKING_CREATE,BOOKING_DELETE) values (to_timestamp('09/05/24','DD/MM/RR HH24:MI:SSXFF'),41,43);
Insert into "OFFICE24"."BOOKING_STATISTICS" (REPORT_DATE,BOOKING_CREATE,BOOKING_DELETE) values (to_timestamp('10/05/24','DD/MM/RR HH24:MI:SSXFF'),49,29);
Insert into "OFFICE24"."BOOKING_STATISTICS" (REPORT_DATE,BOOKING_CREATE,BOOKING_DELETE) values (to_timestamp('11/05/24','DD/MM/RR HH24:MI:SSXFF'),78,49);
Insert into "OFFICE24"."BOOKING_STATISTICS" (REPORT_DATE,BOOKING_CREATE,BOOKING_DELETE) values (to_timestamp('12/05/24','DD/MM/RR HH24:MI:SSXFF'),50,20);
Insert into "OFFICE24"."BOOKING_STATISTICS" (REPORT_DATE,BOOKING_CREATE,BOOKING_DELETE) values (to_timestamp('13/05/24','DD/MM/RR HH24:MI:SSXFF'),15,37);
Insert into "OFFICE24"."BOOKING_STATISTICS" (REPORT_DATE,BOOKING_CREATE,BOOKING_DELETE) values (to_timestamp('14/05/24','DD/MM/RR HH24:MI:SSXFF'),69,39);
Insert into "OFFICE24"."BOOKING_STATISTICS" (REPORT_DATE,BOOKING_CREATE,BOOKING_DELETE) values (to_timestamp('15/05/24','DD/MM/RR HH24:MI:SSXFF'),68,28);
Insert into "OFFICE24"."BOOKING_STATISTICS" (REPORT_DATE,BOOKING_CREATE,BOOKING_DELETE) values (to_timestamp('16/05/24','DD/MM/RR HH24:MI:SSXFF'),64,2);
Insert into "OFFICE24"."BOOKING_STATISTICS" (REPORT_DATE,BOOKING_CREATE,BOOKING_DELETE) values (to_timestamp('17/05/24','DD/MM/RR HH24:MI:SSXFF'),64,45);
Insert into "OFFICE24"."BOOKING_STATISTICS" (REPORT_DATE,BOOKING_CREATE,BOOKING_DELETE) values (to_timestamp('18/05/24','DD/MM/RR HH24:MI:SSXFF'),2,27);
Insert into "OFFICE24"."BOOKING_STATISTICS" (REPORT_DATE,BOOKING_CREATE,BOOKING_DELETE) values (to_timestamp('19/05/24','DD/MM/RR HH24:MI:SSXFF'),71,42);
Insert into "OFFICE24"."BOOKING_STATISTICS" (REPORT_DATE,BOOKING_CREATE,BOOKING_DELETE) values (to_timestamp('20/05/24','DD/MM/RR HH24:MI:SSXFF'),73,8);
Insert into "OFFICE24"."BOOKING_STATISTICS" (REPORT_DATE,BOOKING_CREATE,BOOKING_DELETE) values (to_timestamp('21/05/24','DD/MM/RR HH24:MI:SSXFF'),86,40);
Insert into "OFFICE24"."BOOKING_STATISTICS" (REPORT_DATE,BOOKING_CREATE,BOOKING_DELETE) values (to_timestamp('22/05/24','DD/MM/RR HH24:MI:SSXFF'),61,46);
Insert into "OFFICE24"."BOOKING_STATISTICS" (REPORT_DATE,BOOKING_CREATE,BOOKING_DELETE) values (to_timestamp('23/05/24','DD/MM/RR HH24:MI:SSXFF'),66,21);
Insert into "OFFICE24"."BOOKING_STATISTICS" (REPORT_DATE,BOOKING_CREATE,BOOKING_DELETE) values (to_timestamp('24/05/24','DD/MM/RR HH24:MI:SSXFF'),5,46);
Insert into "OFFICE24"."BOOKING_STATISTICS" (REPORT_DATE,BOOKING_CREATE,BOOKING_DELETE) values (to_timestamp('25/05/24','DD/MM/RR HH24:MI:SSXFF'),7,5);
Insert into "OFFICE24"."BOOKING_STATISTICS" (REPORT_DATE,BOOKING_CREATE,BOOKING_DELETE) values (to_timestamp('26/05/24','DD/MM/RR HH24:MI:SSXFF'),0,40);
Insert into "OFFICE24"."BOOKING_STATISTICS" (REPORT_DATE,BOOKING_CREATE,BOOKING_DELETE) values (to_timestamp('27/05/24','DD/MM/RR HH24:MI:SSXFF'),24,48);
Insert into "OFFICE24"."BOOKING_STATISTICS" (REPORT_DATE,BOOKING_CREATE,BOOKING_DELETE) values (to_timestamp('28/05/24','DD/MM/RR HH24:MI:SSXFF'),37,15);
Insert into "OFFICE24"."BOOKING_STATISTICS" (REPORT_DATE,BOOKING_CREATE,BOOKING_DELETE) values (to_timestamp('29/05/24','DD/MM/RR HH24:MI:SSXFF'),45,22);
Insert into "OFFICE24"."BOOKING_STATISTICS" (REPORT_DATE,BOOKING_CREATE,BOOKING_DELETE) values (to_timestamp('30/05/24','DD/MM/RR HH24:MI:SSXFF'),43,10);
Insert into "OFFICE24"."BOOKING_STATISTICS" (REPORT_DATE,BOOKING_CREATE,BOOKING_DELETE) values (to_timestamp('31/05/24','DD/MM/RR HH24:MI:SSXFF'),81,2);
Insert into "OFFICE24"."BOOKING_STATISTICS" (REPORT_DATE,BOOKING_CREATE,BOOKING_DELETE) values (to_timestamp('01/06/24','DD/MM/RR HH24:MI:SSXFF'),50,13);
Insert into "OFFICE24"."BOOKING_STATISTICS" (REPORT_DATE,BOOKING_CREATE,BOOKING_DELETE) values (to_timestamp('02/06/24','DD/MM/RR HH24:MI:SSXFF'),73,39);
Insert into "OFFICE24"."BOOKING_STATISTICS" (REPORT_DATE,BOOKING_CREATE,BOOKING_DELETE) values (to_timestamp('03/06/24','DD/MM/RR HH24:MI:SSXFF'),53,47);
Insert into "OFFICE24"."BOOKING_STATISTICS" (REPORT_DATE,BOOKING_CREATE,BOOKING_DELETE) values (to_timestamp('04/06/24','DD/MM/RR HH24:MI:SSXFF'),22,4);
Insert into "OFFICE24"."BOOKING_STATISTICS" (REPORT_DATE,BOOKING_CREATE,BOOKING_DELETE) values (to_timestamp('05/06/24','DD/MM/RR HH24:MI:SSXFF'),86,14);
Insert into "OFFICE24"."BOOKING_STATISTICS" (REPORT_DATE,BOOKING_CREATE,BOOKING_DELETE) values (to_timestamp('06/06/24','DD/MM/RR HH24:MI:SSXFF'),67,5);
Insert into "OFFICE24"."BOOKING_STATISTICS" (REPORT_DATE,BOOKING_CREATE,BOOKING_DELETE) values (to_timestamp('07/06/24','DD/MM/RR HH24:MI:SSXFF'),52,22);
Insert into "OFFICE24"."BOOKING_STATISTICS" (REPORT_DATE,BOOKING_CREATE,BOOKING_DELETE) values (to_timestamp('08/06/24','DD/MM/RR HH24:MI:SSXFF'),41,28);
Insert into "OFFICE24"."BOOKING_STATISTICS" (REPORT_DATE,BOOKING_CREATE,BOOKING_DELETE) values (to_timestamp('09/06/24','DD/MM/RR HH24:MI:SSXFF'),34,11);
Insert into "OFFICE24"."BOOKING_STATISTICS" (REPORT_DATE,BOOKING_CREATE,BOOKING_DELETE) values (to_timestamp('10/06/24','DD/MM/RR HH24:MI:SSXFF'),84,35);
Insert into "OFFICE24"."BOOKING_STATISTICS" (REPORT_DATE,BOOKING_CREATE,BOOKING_DELETE) values (to_timestamp('11/06/24','DD/MM/RR HH24:MI:SSXFF'),60,46);
Insert into "OFFICE24"."BOOKING_STATISTICS" (REPORT_DATE,BOOKING_CREATE,BOOKING_DELETE) values (to_timestamp('12/06/24','DD/MM/RR HH24:MI:SSXFF'),55,1);
Insert into "OFFICE24"."BOOKING_STATISTICS" (REPORT_DATE,BOOKING_CREATE,BOOKING_DELETE) values (to_timestamp('13/06/24','DD/MM/RR HH24:MI:SSXFF'),35,5);
Insert into "OFFICE24"."BOOKING_STATISTICS" (REPORT_DATE,BOOKING_CREATE,BOOKING_DELETE) values (to_timestamp('14/06/24','DD/MM/RR HH24:MI:SSXFF'),37,23);
Insert into "OFFICE24"."BOOKING_STATISTICS" (REPORT_DATE,BOOKING_CREATE,BOOKING_DELETE) values (to_timestamp('15/06/24','DD/MM/RR HH24:MI:SSXFF'),75,26);
Insert into "OFFICE24"."BOOKING_STATISTICS" (REPORT_DATE,BOOKING_CREATE,BOOKING_DELETE) values (to_timestamp('16/06/24','DD/MM/RR HH24:MI:SSXFF'),90,11);
Insert into "OFFICE24"."BOOKING_STATISTICS" (REPORT_DATE,BOOKING_CREATE,BOOKING_DELETE) values (to_timestamp('17/06/24','DD/MM/RR HH24:MI:SSXFF'),43,30);
Insert into "OFFICE24"."BOOKING_STATISTICS" (REPORT_DATE,BOOKING_CREATE,BOOKING_DELETE) values (to_timestamp('18/06/24','DD/MM/RR HH24:MI:SSXFF'),60,7);
Insert into "OFFICE24"."BOOKING_STATISTICS" (REPORT_DATE,BOOKING_CREATE,BOOKING_DELETE) values (to_timestamp('19/06/24','DD/MM/RR HH24:MI:SSXFF'),87,44);
Insert into "OFFICE24"."BOOKING_STATISTICS" (REPORT_DATE,BOOKING_CREATE,BOOKING_DELETE) values (to_timestamp('20/06/24','DD/MM/RR HH24:MI:SSXFF'),52,45);
Insert into "OFFICE24"."BOOKING_STATISTICS" (REPORT_DATE,BOOKING_CREATE,BOOKING_DELETE) values (to_timestamp('21/06/24','DD/MM/RR HH24:MI:SSXFF'),21,37);
Insert into "OFFICE24"."BOOKING_STATISTICS" (REPORT_DATE,BOOKING_CREATE,BOOKING_DELETE) values (to_timestamp('22/06/24','DD/MM/RR HH24:MI:SSXFF'),21,26);
Insert into "OFFICE24"."BOOKING_STATISTICS" (REPORT_DATE,BOOKING_CREATE,BOOKING_DELETE) values (to_timestamp('23/06/24','DD/MM/RR HH24:MI:SSXFF'),26,32);
Insert into "OFFICE24"."BOOKING_STATISTICS" (REPORT_DATE,BOOKING_CREATE,BOOKING_DELETE) values (to_timestamp('24/06/24','DD/MM/RR HH24:MI:SSXFF'),54,36);
Insert into "OFFICE24"."BOOKING_STATISTICS" (REPORT_DATE,BOOKING_CREATE,BOOKING_DELETE) values (to_timestamp('25/06/24','DD/MM/RR HH24:MI:SSXFF'),52,15);
Insert into "OFFICE24"."BOOKING_STATISTICS" (REPORT_DATE,BOOKING_CREATE,BOOKING_DELETE) values (to_timestamp('26/06/24','DD/MM/RR HH24:MI:SSXFF'),15,2);
Insert into "OFFICE24"."BOOKING_STATISTICS" (REPORT_DATE,BOOKING_CREATE,BOOKING_DELETE) values (to_timestamp('27/06/24','DD/MM/RR HH24:MI:SSXFF'),14,18);
Insert into "OFFICE24"."BOOKING_STATISTICS" (REPORT_DATE,BOOKING_CREATE,BOOKING_DELETE) values (to_timestamp('28/06/24','DD/MM/RR HH24:MI:SSXFF'),7,42);
Insert into "OFFICE24"."BOOKING_STATISTICS" (REPORT_DATE,BOOKING_CREATE,BOOKING_DELETE) values (to_timestamp('29/06/24','DD/MM/RR HH24:MI:SSXFF'),36,5);
Insert into "OFFICE24"."BOOKING_STATISTICS" (REPORT_DATE,BOOKING_CREATE,BOOKING_DELETE) values (to_timestamp('30/06/24','DD/MM/RR HH24:MI:SSXFF'),25,14);
Insert into "OFFICE24"."BOOKING_STATISTICS" (REPORT_DATE,BOOKING_CREATE,BOOKING_DELETE) values (to_timestamp('01/07/24','DD/MM/RR HH24:MI:SSXFF'),47,6);
Insert into "OFFICE24"."BOOKING_STATISTICS" (REPORT_DATE,BOOKING_CREATE,BOOKING_DELETE) values (to_timestamp('02/07/24','DD/MM/RR HH24:MI:SSXFF'),33,15);
Insert into "OFFICE24"."BOOKING_STATISTICS" (REPORT_DATE,BOOKING_CREATE,BOOKING_DELETE) values (to_timestamp('03/07/24','DD/MM/RR HH24:MI:SSXFF'),89,13);
Insert into "OFFICE24"."BOOKING_STATISTICS" (REPORT_DATE,BOOKING_CREATE,BOOKING_DELETE) values (to_timestamp('04/07/24','DD/MM/RR HH24:MI:SSXFF'),26,19);
Insert into "OFFICE24"."BOOKING_STATISTICS" (REPORT_DATE,BOOKING_CREATE,BOOKING_DELETE) values (to_timestamp('05/07/24','DD/MM/RR HH24:MI:SSXFF'),34,46);
Insert into "OFFICE24"."BOOKING_STATISTICS" (REPORT_DATE,BOOKING_CREATE,BOOKING_DELETE) values (to_timestamp('06/07/24','DD/MM/RR HH24:MI:SSXFF'),47,28);
Insert into "OFFICE24"."BOOKING_STATISTICS" (REPORT_DATE,BOOKING_CREATE,BOOKING_DELETE) values (to_timestamp('07/07/24','DD/MM/RR HH24:MI:SSXFF'),96,3);
Insert into "OFFICE24"."BOOKING_STATISTICS" (REPORT_DATE,BOOKING_CREATE,BOOKING_DELETE) values (to_timestamp('08/07/24','DD/MM/RR HH24:MI:SSXFF'),22,43);
Insert into "OFFICE24"."BOOKING_STATISTICS" (REPORT_DATE,BOOKING_CREATE,BOOKING_DELETE) values (to_timestamp('09/07/24','DD/MM/RR HH24:MI:SSXFF'),59,4);
Insert into "OFFICE24"."BOOKING_STATISTICS" (REPORT_DATE,BOOKING_CREATE,BOOKING_DELETE) values (to_timestamp('10/07/24','DD/MM/RR HH24:MI:SSXFF'),74,43);
Insert into "OFFICE24"."BOOKING_STATISTICS" (REPORT_DATE,BOOKING_CREATE,BOOKING_DELETE) values (to_timestamp('11/07/24','DD/MM/RR HH24:MI:SSXFF'),40,26);
Insert into "OFFICE24"."BOOKING_STATISTICS" (REPORT_DATE,BOOKING_CREATE,BOOKING_DELETE) values (to_timestamp('12/07/24','DD/MM/RR HH24:MI:SSXFF'),51,44);
Insert into "OFFICE24"."BOOKING_STATISTICS" (REPORT_DATE,BOOKING_CREATE,BOOKING_DELETE) values (to_timestamp('13/07/24','DD/MM/RR HH24:MI:SSXFF'),89,48);
Insert into "OFFICE24"."BOOKING_STATISTICS" (REPORT_DATE,BOOKING_CREATE,BOOKING_DELETE) values (to_timestamp('14/07/24','DD/MM/RR HH24:MI:SSXFF'),9,40);
Insert into "OFFICE24"."BOOKING_STATISTICS" (REPORT_DATE,BOOKING_CREATE,BOOKING_DELETE) values (to_timestamp('15/07/24','DD/MM/RR HH24:MI:SSXFF'),71,43);
Insert into "OFFICE24"."BOOKING_STATISTICS" (REPORT_DATE,BOOKING_CREATE,BOOKING_DELETE) values (to_timestamp('16/07/24','DD/MM/RR HH24:MI:SSXFF'),44,17);
Insert into "OFFICE24"."BOOKING_STATISTICS" (REPORT_DATE,BOOKING_CREATE,BOOKING_DELETE) values (to_timestamp('17/07/24','DD/MM/RR HH24:MI:SSXFF'),2,42);
Insert into "OFFICE24"."BOOKING_STATISTICS" (REPORT_DATE,BOOKING_CREATE,BOOKING_DELETE) values (to_timestamp('18/07/24','DD/MM/RR HH24:MI:SSXFF'),21,5);
Insert into "OFFICE24"."BOOKING_STATISTICS" (REPORT_DATE,BOOKING_CREATE,BOOKING_DELETE) values (to_timestamp('19/07/24','DD/MM/RR HH24:MI:SSXFF'),2,24);
Insert into "OFFICE24"."BOOKING_STATISTICS" (REPORT_DATE,BOOKING_CREATE,BOOKING_DELETE) values (to_timestamp('20/07/24','DD/MM/RR HH24:MI:SSXFF'),92,30);
Insert into "OFFICE24"."BOOKING_STATISTICS" (REPORT_DATE,BOOKING_CREATE,BOOKING_DELETE) values (to_timestamp('21/07/24','DD/MM/RR HH24:MI:SSXFF'),59,1);
Insert into "OFFICE24"."BOOKING_STATISTICS" (REPORT_DATE,BOOKING_CREATE,BOOKING_DELETE) values (to_timestamp('22/07/24','DD/MM/RR HH24:MI:SSXFF'),28,24);
Insert into "OFFICE24"."BOOKING_STATISTICS" (REPORT_DATE,BOOKING_CREATE,BOOKING_DELETE) values (to_timestamp('23/07/24','DD/MM/RR HH24:MI:SSXFF'),36,19);
Insert into "OFFICE24"."BOOKING_STATISTICS" (REPORT_DATE,BOOKING_CREATE,BOOKING_DELETE) values (to_timestamp('24/07/24','DD/MM/RR HH24:MI:SSXFF'),92,36);
Insert into "OFFICE24"."BOOKING_STATISTICS" (REPORT_DATE,BOOKING_CREATE,BOOKING_DELETE) values (to_timestamp('25/07/24','DD/MM/RR HH24:MI:SSXFF'),45,41);
Insert into "OFFICE24"."BOOKING_STATISTICS" (REPORT_DATE,BOOKING_CREATE,BOOKING_DELETE) values (to_timestamp('26/07/24','DD/MM/RR HH24:MI:SSXFF'),73,38);
Insert into "OFFICE24"."BOOKING_STATISTICS" (REPORT_DATE,BOOKING_CREATE,BOOKING_DELETE) values (to_timestamp('27/07/24','DD/MM/RR HH24:MI:SSXFF'),63,38);
Insert into "OFFICE24"."BOOKING_STATISTICS" (REPORT_DATE,BOOKING_CREATE,BOOKING_DELETE) values (to_timestamp('28/07/24','DD/MM/RR HH24:MI:SSXFF'),18,18);
Insert into "OFFICE24"."BOOKING_STATISTICS" (REPORT_DATE,BOOKING_CREATE,BOOKING_DELETE) values (to_timestamp('29/07/24','DD/MM/RR HH24:MI:SSXFF'),10,21);
Insert into "OFFICE24"."BOOKING_STATISTICS" (REPORT_DATE,BOOKING_CREATE,BOOKING_DELETE) values (to_timestamp('30/07/24','DD/MM/RR HH24:MI:SSXFF'),10,30);
Insert into "OFFICE24"."BOOKING_STATISTICS" (REPORT_DATE,BOOKING_CREATE,BOOKING_DELETE) values (to_timestamp('31/07/24','DD/MM/RR HH24:MI:SSXFF'),14,35);
Insert into "OFFICE24"."BOOKING_STATISTICS" (REPORT_DATE,BOOKING_CREATE,BOOKING_DELETE) values (to_timestamp('11/08/24','DD/MM/RR HH24:MI:SSXFF'),1,1);
Insert into "OFFICE24"."BOOKING_STATISTICS" (REPORT_DATE,BOOKING_CREATE,BOOKING_DELETE) values (to_timestamp('12/08/24','DD/MM/RR HH24:MI:SSXFF'),1,1);
Insert into "OFFICE24"."SALES_STATISTICS" (REPORT_DATE,SALES_CREATE,SALES_DELETE) values (to_timestamp('01/01/24','DD/MM/RR HH24:MI:SSXFF'),47933,5903);
Insert into "OFFICE24"."SALES_STATISTICS" (REPORT_DATE,SALES_CREATE,SALES_DELETE) values (to_timestamp('02/01/24','DD/MM/RR HH24:MI:SSXFF'),49625,24982);
Insert into "OFFICE24"."SALES_STATISTICS" (REPORT_DATE,SALES_CREATE,SALES_DELETE) values (to_timestamp('03/01/24','DD/MM/RR HH24:MI:SSXFF'),44368,20000);
Insert into "OFFICE24"."SALES_STATISTICS" (REPORT_DATE,SALES_CREATE,SALES_DELETE) values (to_timestamp('04/01/24','DD/MM/RR HH24:MI:SSXFF'),15802,21811);
Insert into "OFFICE24"."SALES_STATISTICS" (REPORT_DATE,SALES_CREATE,SALES_DELETE) values (to_timestamp('05/01/24','DD/MM/RR HH24:MI:SSXFF'),44797,11335);
Insert into "OFFICE24"."SALES_STATISTICS" (REPORT_DATE,SALES_CREATE,SALES_DELETE) values (to_timestamp('06/01/24','DD/MM/RR HH24:MI:SSXFF'),24181,18192);
Insert into "OFFICE24"."SALES_STATISTICS" (REPORT_DATE,SALES_CREATE,SALES_DELETE) values (to_timestamp('07/01/24','DD/MM/RR HH24:MI:SSXFF'),19824,18330);
Insert into "OFFICE24"."SALES_STATISTICS" (REPORT_DATE,SALES_CREATE,SALES_DELETE) values (to_timestamp('08/01/24','DD/MM/RR HH24:MI:SSXFF'),45619,17068);
Insert into "OFFICE24"."SALES_STATISTICS" (REPORT_DATE,SALES_CREATE,SALES_DELETE) values (to_timestamp('09/01/24','DD/MM/RR HH24:MI:SSXFF'),46525,12487);
Insert into "OFFICE24"."SALES_STATISTICS" (REPORT_DATE,SALES_CREATE,SALES_DELETE) values (to_timestamp('10/01/24','DD/MM/RR HH24:MI:SSXFF'),15164,14540);
Insert into "OFFICE24"."SALES_STATISTICS" (REPORT_DATE,SALES_CREATE,SALES_DELETE) values (to_timestamp('11/01/24','DD/MM/RR HH24:MI:SSXFF'),13228,6776);
Insert into "OFFICE24"."SALES_STATISTICS" (REPORT_DATE,SALES_CREATE,SALES_DELETE) values (to_timestamp('12/01/24','DD/MM/RR HH24:MI:SSXFF'),16614,9175);
Insert into "OFFICE24"."SALES_STATISTICS" (REPORT_DATE,SALES_CREATE,SALES_DELETE) values (to_timestamp('13/01/24','DD/MM/RR HH24:MI:SSXFF'),38665,19079);
Insert into "OFFICE24"."SALES_STATISTICS" (REPORT_DATE,SALES_CREATE,SALES_DELETE) values (to_timestamp('14/01/24','DD/MM/RR HH24:MI:SSXFF'),33819,23661);
Insert into "OFFICE24"."SALES_STATISTICS" (REPORT_DATE,SALES_CREATE,SALES_DELETE) values (to_timestamp('15/01/24','DD/MM/RR HH24:MI:SSXFF'),33025,16510);
Insert into "OFFICE24"."SALES_STATISTICS" (REPORT_DATE,SALES_CREATE,SALES_DELETE) values (to_timestamp('16/01/24','DD/MM/RR HH24:MI:SSXFF'),25020,17947);
Insert into "OFFICE24"."SALES_STATISTICS" (REPORT_DATE,SALES_CREATE,SALES_DELETE) values (to_timestamp('17/01/24','DD/MM/RR HH24:MI:SSXFF'),10430,24795);
Insert into "OFFICE24"."SALES_STATISTICS" (REPORT_DATE,SALES_CREATE,SALES_DELETE) values (to_timestamp('18/01/24','DD/MM/RR HH24:MI:SSXFF'),29893,20948);
Insert into "OFFICE24"."SALES_STATISTICS" (REPORT_DATE,SALES_CREATE,SALES_DELETE) values (to_timestamp('19/01/24','DD/MM/RR HH24:MI:SSXFF'),17840,14115);
Insert into "OFFICE24"."SALES_STATISTICS" (REPORT_DATE,SALES_CREATE,SALES_DELETE) values (to_timestamp('20/01/24','DD/MM/RR HH24:MI:SSXFF'),22414,21113);
Insert into "OFFICE24"."SALES_STATISTICS" (REPORT_DATE,SALES_CREATE,SALES_DELETE) values (to_timestamp('21/01/24','DD/MM/RR HH24:MI:SSXFF'),31371,11790);
Insert into "OFFICE24"."SALES_STATISTICS" (REPORT_DATE,SALES_CREATE,SALES_DELETE) values (to_timestamp('22/01/24','DD/MM/RR HH24:MI:SSXFF'),29510,19193);
Insert into "OFFICE24"."SALES_STATISTICS" (REPORT_DATE,SALES_CREATE,SALES_DELETE) values (to_timestamp('23/01/24','DD/MM/RR HH24:MI:SSXFF'),21433,20939);
Insert into "OFFICE24"."SALES_STATISTICS" (REPORT_DATE,SALES_CREATE,SALES_DELETE) values (to_timestamp('24/01/24','DD/MM/RR HH24:MI:SSXFF'),38486,7345);
Insert into "OFFICE24"."SALES_STATISTICS" (REPORT_DATE,SALES_CREATE,SALES_DELETE) values (to_timestamp('25/01/24','DD/MM/RR HH24:MI:SSXFF'),14233,22324);
Insert into "OFFICE24"."SALES_STATISTICS" (REPORT_DATE,SALES_CREATE,SALES_DELETE) values (to_timestamp('26/01/24','DD/MM/RR HH24:MI:SSXFF'),21039,9201);
Insert into "OFFICE24"."SALES_STATISTICS" (REPORT_DATE,SALES_CREATE,SALES_DELETE) values (to_timestamp('27/01/24','DD/MM/RR HH24:MI:SSXFF'),29933,5458);
Insert into "OFFICE24"."SALES_STATISTICS" (REPORT_DATE,SALES_CREATE,SALES_DELETE) values (to_timestamp('28/01/24','DD/MM/RR HH24:MI:SSXFF'),43884,18299);
Insert into "OFFICE24"."SALES_STATISTICS" (REPORT_DATE,SALES_CREATE,SALES_DELETE) values (to_timestamp('29/01/24','DD/MM/RR HH24:MI:SSXFF'),39964,16722);
Insert into "OFFICE24"."SALES_STATISTICS" (REPORT_DATE,SALES_CREATE,SALES_DELETE) values (to_timestamp('30/01/24','DD/MM/RR HH24:MI:SSXFF'),47287,13697);
Insert into "OFFICE24"."SALES_STATISTICS" (REPORT_DATE,SALES_CREATE,SALES_DELETE) values (to_timestamp('31/01/24','DD/MM/RR HH24:MI:SSXFF'),23022,15411);
Insert into "OFFICE24"."SALES_STATISTICS" (REPORT_DATE,SALES_CREATE,SALES_DELETE) values (to_timestamp('01/02/24','DD/MM/RR HH24:MI:SSXFF'),29517,22614);
Insert into "OFFICE24"."SALES_STATISTICS" (REPORT_DATE,SALES_CREATE,SALES_DELETE) values (to_timestamp('02/02/24','DD/MM/RR HH24:MI:SSXFF'),22261,22037);
Insert into "OFFICE24"."SALES_STATISTICS" (REPORT_DATE,SALES_CREATE,SALES_DELETE) values (to_timestamp('03/02/24','DD/MM/RR HH24:MI:SSXFF'),28280,13832);
Insert into "OFFICE24"."SALES_STATISTICS" (REPORT_DATE,SALES_CREATE,SALES_DELETE) values (to_timestamp('04/02/24','DD/MM/RR HH24:MI:SSXFF'),14892,9016);
Insert into "OFFICE24"."SALES_STATISTICS" (REPORT_DATE,SALES_CREATE,SALES_DELETE) values (to_timestamp('05/02/24','DD/MM/RR HH24:MI:SSXFF'),26364,13948);
Insert into "OFFICE24"."SALES_STATISTICS" (REPORT_DATE,SALES_CREATE,SALES_DELETE) values (to_timestamp('06/02/24','DD/MM/RR HH24:MI:SSXFF'),38556,17337);
Insert into "OFFICE24"."SALES_STATISTICS" (REPORT_DATE,SALES_CREATE,SALES_DELETE) values (to_timestamp('07/02/24','DD/MM/RR HH24:MI:SSXFF'),17469,12331);
Insert into "OFFICE24"."SALES_STATISTICS" (REPORT_DATE,SALES_CREATE,SALES_DELETE) values (to_timestamp('08/02/24','DD/MM/RR HH24:MI:SSXFF'),45432,22550);
Insert into "OFFICE24"."SALES_STATISTICS" (REPORT_DATE,SALES_CREATE,SALES_DELETE) values (to_timestamp('09/02/24','DD/MM/RR HH24:MI:SSXFF'),23041,21449);
Insert into "OFFICE24"."SALES_STATISTICS" (REPORT_DATE,SALES_CREATE,SALES_DELETE) values (to_timestamp('10/02/24','DD/MM/RR HH24:MI:SSXFF'),32807,22429);
Insert into "OFFICE24"."SALES_STATISTICS" (REPORT_DATE,SALES_CREATE,SALES_DELETE) values (to_timestamp('11/02/24','DD/MM/RR HH24:MI:SSXFF'),15726,6479);
Insert into "OFFICE24"."SALES_STATISTICS" (REPORT_DATE,SALES_CREATE,SALES_DELETE) values (to_timestamp('12/02/24','DD/MM/RR HH24:MI:SSXFF'),33939,9452);
Insert into "OFFICE24"."SALES_STATISTICS" (REPORT_DATE,SALES_CREATE,SALES_DELETE) values (to_timestamp('13/02/24','DD/MM/RR HH24:MI:SSXFF'),22493,20197);
Insert into "OFFICE24"."SALES_STATISTICS" (REPORT_DATE,SALES_CREATE,SALES_DELETE) values (to_timestamp('14/02/24','DD/MM/RR HH24:MI:SSXFF'),33035,13590);
Insert into "OFFICE24"."SALES_STATISTICS" (REPORT_DATE,SALES_CREATE,SALES_DELETE) values (to_timestamp('15/02/24','DD/MM/RR HH24:MI:SSXFF'),19290,15431);
Insert into "OFFICE24"."SALES_STATISTICS" (REPORT_DATE,SALES_CREATE,SALES_DELETE) values (to_timestamp('16/02/24','DD/MM/RR HH24:MI:SSXFF'),49053,20965);
Insert into "OFFICE24"."SALES_STATISTICS" (REPORT_DATE,SALES_CREATE,SALES_DELETE) values (to_timestamp('17/02/24','DD/MM/RR HH24:MI:SSXFF'),37455,21816);
Insert into "OFFICE24"."SALES_STATISTICS" (REPORT_DATE,SALES_CREATE,SALES_DELETE) values (to_timestamp('18/02/24','DD/MM/RR HH24:MI:SSXFF'),17655,23895);
Insert into "OFFICE24"."SALES_STATISTICS" (REPORT_DATE,SALES_CREATE,SALES_DELETE) values (to_timestamp('19/02/24','DD/MM/RR HH24:MI:SSXFF'),16052,13163);
Insert into "OFFICE24"."SALES_STATISTICS" (REPORT_DATE,SALES_CREATE,SALES_DELETE) values (to_timestamp('20/02/24','DD/MM/RR HH24:MI:SSXFF'),49913,7425);
Insert into "OFFICE24"."SALES_STATISTICS" (REPORT_DATE,SALES_CREATE,SALES_DELETE) values (to_timestamp('21/02/24','DD/MM/RR HH24:MI:SSXFF'),32588,21395);
Insert into "OFFICE24"."SALES_STATISTICS" (REPORT_DATE,SALES_CREATE,SALES_DELETE) values (to_timestamp('22/02/24','DD/MM/RR HH24:MI:SSXFF'),29325,14254);
Insert into "OFFICE24"."SALES_STATISTICS" (REPORT_DATE,SALES_CREATE,SALES_DELETE) values (to_timestamp('23/02/24','DD/MM/RR HH24:MI:SSXFF'),33066,12682);
Insert into "OFFICE24"."SALES_STATISTICS" (REPORT_DATE,SALES_CREATE,SALES_DELETE) values (to_timestamp('24/02/24','DD/MM/RR HH24:MI:SSXFF'),46018,8463);
Insert into "OFFICE24"."SALES_STATISTICS" (REPORT_DATE,SALES_CREATE,SALES_DELETE) values (to_timestamp('25/02/24','DD/MM/RR HH24:MI:SSXFF'),29498,11386);
Insert into "OFFICE24"."SALES_STATISTICS" (REPORT_DATE,SALES_CREATE,SALES_DELETE) values (to_timestamp('26/02/24','DD/MM/RR HH24:MI:SSXFF'),28303,6506);
Insert into "OFFICE24"."SALES_STATISTICS" (REPORT_DATE,SALES_CREATE,SALES_DELETE) values (to_timestamp('27/02/24','DD/MM/RR HH24:MI:SSXFF'),30353,23480);
Insert into "OFFICE24"."SALES_STATISTICS" (REPORT_DATE,SALES_CREATE,SALES_DELETE) values (to_timestamp('28/02/24','DD/MM/RR HH24:MI:SSXFF'),39727,21005);
Insert into "OFFICE24"."SALES_STATISTICS" (REPORT_DATE,SALES_CREATE,SALES_DELETE) values (to_timestamp('29/02/24','DD/MM/RR HH24:MI:SSXFF'),35624,22648);
Insert into "OFFICE24"."SALES_STATISTICS" (REPORT_DATE,SALES_CREATE,SALES_DELETE) values (to_timestamp('01/03/24','DD/MM/RR HH24:MI:SSXFF'),21255,18785);
Insert into "OFFICE24"."SALES_STATISTICS" (REPORT_DATE,SALES_CREATE,SALES_DELETE) values (to_timestamp('02/03/24','DD/MM/RR HH24:MI:SSXFF'),48527,6973);
Insert into "OFFICE24"."SALES_STATISTICS" (REPORT_DATE,SALES_CREATE,SALES_DELETE) values (to_timestamp('03/03/24','DD/MM/RR HH24:MI:SSXFF'),49965,6909);
Insert into "OFFICE24"."SALES_STATISTICS" (REPORT_DATE,SALES_CREATE,SALES_DELETE) values (to_timestamp('04/03/24','DD/MM/RR HH24:MI:SSXFF'),21530,23106);
Insert into "OFFICE24"."SALES_STATISTICS" (REPORT_DATE,SALES_CREATE,SALES_DELETE) values (to_timestamp('05/03/24','DD/MM/RR HH24:MI:SSXFF'),32466,11760);
Insert into "OFFICE24"."SALES_STATISTICS" (REPORT_DATE,SALES_CREATE,SALES_DELETE) values (to_timestamp('06/03/24','DD/MM/RR HH24:MI:SSXFF'),40988,22672);
Insert into "OFFICE24"."SALES_STATISTICS" (REPORT_DATE,SALES_CREATE,SALES_DELETE) values (to_timestamp('07/03/24','DD/MM/RR HH24:MI:SSXFF'),49951,22815);
Insert into "OFFICE24"."SALES_STATISTICS" (REPORT_DATE,SALES_CREATE,SALES_DELETE) values (to_timestamp('08/03/24','DD/MM/RR HH24:MI:SSXFF'),35689,6066);
Insert into "OFFICE24"."SALES_STATISTICS" (REPORT_DATE,SALES_CREATE,SALES_DELETE) values (to_timestamp('09/03/24','DD/MM/RR HH24:MI:SSXFF'),23368,19396);
Insert into "OFFICE24"."SALES_STATISTICS" (REPORT_DATE,SALES_CREATE,SALES_DELETE) values (to_timestamp('10/03/24','DD/MM/RR HH24:MI:SSXFF'),28324,14979);
Insert into "OFFICE24"."SALES_STATISTICS" (REPORT_DATE,SALES_CREATE,SALES_DELETE) values (to_timestamp('11/03/24','DD/MM/RR HH24:MI:SSXFF'),25831,20996);
Insert into "OFFICE24"."SALES_STATISTICS" (REPORT_DATE,SALES_CREATE,SALES_DELETE) values (to_timestamp('12/03/24','DD/MM/RR HH24:MI:SSXFF'),13167,5669);
Insert into "OFFICE24"."SALES_STATISTICS" (REPORT_DATE,SALES_CREATE,SALES_DELETE) values (to_timestamp('13/03/24','DD/MM/RR HH24:MI:SSXFF'),30194,19822);
Insert into "OFFICE24"."SALES_STATISTICS" (REPORT_DATE,SALES_CREATE,SALES_DELETE) values (to_timestamp('14/03/24','DD/MM/RR HH24:MI:SSXFF'),27824,19390);
Insert into "OFFICE24"."SALES_STATISTICS" (REPORT_DATE,SALES_CREATE,SALES_DELETE) values (to_timestamp('15/03/24','DD/MM/RR HH24:MI:SSXFF'),33942,11539);
Insert into "OFFICE24"."SALES_STATISTICS" (REPORT_DATE,SALES_CREATE,SALES_DELETE) values (to_timestamp('16/03/24','DD/MM/RR HH24:MI:SSXFF'),38929,14455);
Insert into "OFFICE24"."SALES_STATISTICS" (REPORT_DATE,SALES_CREATE,SALES_DELETE) values (to_timestamp('17/03/24','DD/MM/RR HH24:MI:SSXFF'),35362,7289);
Insert into "OFFICE24"."SALES_STATISTICS" (REPORT_DATE,SALES_CREATE,SALES_DELETE) values (to_timestamp('18/03/24','DD/MM/RR HH24:MI:SSXFF'),30272,24939);
Insert into "OFFICE24"."SALES_STATISTICS" (REPORT_DATE,SALES_CREATE,SALES_DELETE) values (to_timestamp('19/03/24','DD/MM/RR HH24:MI:SSXFF'),18670,22059);
Insert into "OFFICE24"."SALES_STATISTICS" (REPORT_DATE,SALES_CREATE,SALES_DELETE) values (to_timestamp('20/03/24','DD/MM/RR HH24:MI:SSXFF'),39003,5895);
Insert into "OFFICE24"."SALES_STATISTICS" (REPORT_DATE,SALES_CREATE,SALES_DELETE) values (to_timestamp('21/03/24','DD/MM/RR HH24:MI:SSXFF'),42031,12027);
Insert into "OFFICE24"."SALES_STATISTICS" (REPORT_DATE,SALES_CREATE,SALES_DELETE) values (to_timestamp('22/03/24','DD/MM/RR HH24:MI:SSXFF'),20711,22985);
Insert into "OFFICE24"."SALES_STATISTICS" (REPORT_DATE,SALES_CREATE,SALES_DELETE) values (to_timestamp('23/03/24','DD/MM/RR HH24:MI:SSXFF'),12557,7594);
Insert into "OFFICE24"."SALES_STATISTICS" (REPORT_DATE,SALES_CREATE,SALES_DELETE) values (to_timestamp('24/03/24','DD/MM/RR HH24:MI:SSXFF'),24905,20835);
Insert into "OFFICE24"."SALES_STATISTICS" (REPORT_DATE,SALES_CREATE,SALES_DELETE) values (to_timestamp('25/03/24','DD/MM/RR HH24:MI:SSXFF'),41806,24339);
Insert into "OFFICE24"."SALES_STATISTICS" (REPORT_DATE,SALES_CREATE,SALES_DELETE) values (to_timestamp('26/03/24','DD/MM/RR HH24:MI:SSXFF'),26919,7779);
Insert into "OFFICE24"."SALES_STATISTICS" (REPORT_DATE,SALES_CREATE,SALES_DELETE) values (to_timestamp('27/03/24','DD/MM/RR HH24:MI:SSXFF'),34002,19395);
Insert into "OFFICE24"."SALES_STATISTICS" (REPORT_DATE,SALES_CREATE,SALES_DELETE) values (to_timestamp('28/03/24','DD/MM/RR HH24:MI:SSXFF'),46635,20724);
Insert into "OFFICE24"."SALES_STATISTICS" (REPORT_DATE,SALES_CREATE,SALES_DELETE) values (to_timestamp('29/03/24','DD/MM/RR HH24:MI:SSXFF'),27216,13175);
Insert into "OFFICE24"."SALES_STATISTICS" (REPORT_DATE,SALES_CREATE,SALES_DELETE) values (to_timestamp('30/03/24','DD/MM/RR HH24:MI:SSXFF'),42727,16954);
Insert into "OFFICE24"."SALES_STATISTICS" (REPORT_DATE,SALES_CREATE,SALES_DELETE) values (to_timestamp('31/03/24','DD/MM/RR HH24:MI:SSXFF'),26899,5230);
Insert into "OFFICE24"."SALES_STATISTICS" (REPORT_DATE,SALES_CREATE,SALES_DELETE) values (to_timestamp('01/04/24','DD/MM/RR HH24:MI:SSXFF'),25124,8914);
Insert into "OFFICE24"."SALES_STATISTICS" (REPORT_DATE,SALES_CREATE,SALES_DELETE) values (to_timestamp('02/04/24','DD/MM/RR HH24:MI:SSXFF'),28101,10630);
Insert into "OFFICE24"."SALES_STATISTICS" (REPORT_DATE,SALES_CREATE,SALES_DELETE) values (to_timestamp('03/04/24','DD/MM/RR HH24:MI:SSXFF'),45224,9310);
Insert into "OFFICE24"."SALES_STATISTICS" (REPORT_DATE,SALES_CREATE,SALES_DELETE) values (to_timestamp('04/04/24','DD/MM/RR HH24:MI:SSXFF'),39748,12346);
Insert into "OFFICE24"."SALES_STATISTICS" (REPORT_DATE,SALES_CREATE,SALES_DELETE) values (to_timestamp('05/04/24','DD/MM/RR HH24:MI:SSXFF'),13924,7699);
Insert into "OFFICE24"."SALES_STATISTICS" (REPORT_DATE,SALES_CREATE,SALES_DELETE) values (to_timestamp('06/04/24','DD/MM/RR HH24:MI:SSXFF'),12846,19517);
Insert into "OFFICE24"."SALES_STATISTICS" (REPORT_DATE,SALES_CREATE,SALES_DELETE) values (to_timestamp('07/04/24','DD/MM/RR HH24:MI:SSXFF'),25928,14194);
Insert into "OFFICE24"."SALES_STATISTICS" (REPORT_DATE,SALES_CREATE,SALES_DELETE) values (to_timestamp('08/04/24','DD/MM/RR HH24:MI:SSXFF'),47180,14036);
Insert into "OFFICE24"."SALES_STATISTICS" (REPORT_DATE,SALES_CREATE,SALES_DELETE) values (to_timestamp('09/04/24','DD/MM/RR HH24:MI:SSXFF'),43010,11000);
Insert into "OFFICE24"."SALES_STATISTICS" (REPORT_DATE,SALES_CREATE,SALES_DELETE) values (to_timestamp('10/04/24','DD/MM/RR HH24:MI:SSXFF'),38323,22371);
Insert into "OFFICE24"."SALES_STATISTICS" (REPORT_DATE,SALES_CREATE,SALES_DELETE) values (to_timestamp('11/04/24','DD/MM/RR HH24:MI:SSXFF'),44340,8972);
Insert into "OFFICE24"."SALES_STATISTICS" (REPORT_DATE,SALES_CREATE,SALES_DELETE) values (to_timestamp('12/04/24','DD/MM/RR HH24:MI:SSXFF'),11871,17782);
Insert into "OFFICE24"."SALES_STATISTICS" (REPORT_DATE,SALES_CREATE,SALES_DELETE) values (to_timestamp('13/04/24','DD/MM/RR HH24:MI:SSXFF'),20361,6289);
Insert into "OFFICE24"."SALES_STATISTICS" (REPORT_DATE,SALES_CREATE,SALES_DELETE) values (to_timestamp('14/04/24','DD/MM/RR HH24:MI:SSXFF'),30930,11499);
Insert into "OFFICE24"."SALES_STATISTICS" (REPORT_DATE,SALES_CREATE,SALES_DELETE) values (to_timestamp('15/04/24','DD/MM/RR HH24:MI:SSXFF'),33787,17784);
Insert into "OFFICE24"."SALES_STATISTICS" (REPORT_DATE,SALES_CREATE,SALES_DELETE) values (to_timestamp('16/04/24','DD/MM/RR HH24:MI:SSXFF'),44578,7063);
Insert into "OFFICE24"."SALES_STATISTICS" (REPORT_DATE,SALES_CREATE,SALES_DELETE) values (to_timestamp('17/04/24','DD/MM/RR HH24:MI:SSXFF'),19621,10066);
Insert into "OFFICE24"."SALES_STATISTICS" (REPORT_DATE,SALES_CREATE,SALES_DELETE) values (to_timestamp('18/04/24','DD/MM/RR HH24:MI:SSXFF'),35315,7967);
Insert into "OFFICE24"."SALES_STATISTICS" (REPORT_DATE,SALES_CREATE,SALES_DELETE) values (to_timestamp('19/04/24','DD/MM/RR HH24:MI:SSXFF'),14592,21152);
Insert into "OFFICE24"."SALES_STATISTICS" (REPORT_DATE,SALES_CREATE,SALES_DELETE) values (to_timestamp('20/04/24','DD/MM/RR HH24:MI:SSXFF'),29881,14414);
Insert into "OFFICE24"."SALES_STATISTICS" (REPORT_DATE,SALES_CREATE,SALES_DELETE) values (to_timestamp('21/04/24','DD/MM/RR HH24:MI:SSXFF'),47071,22326);
Insert into "OFFICE24"."SALES_STATISTICS" (REPORT_DATE,SALES_CREATE,SALES_DELETE) values (to_timestamp('22/04/24','DD/MM/RR HH24:MI:SSXFF'),37713,21423);
Insert into "OFFICE24"."SALES_STATISTICS" (REPORT_DATE,SALES_CREATE,SALES_DELETE) values (to_timestamp('23/04/24','DD/MM/RR HH24:MI:SSXFF'),33948,15591);
Insert into "OFFICE24"."SALES_STATISTICS" (REPORT_DATE,SALES_CREATE,SALES_DELETE) values (to_timestamp('24/04/24','DD/MM/RR HH24:MI:SSXFF'),16864,19822);
Insert into "OFFICE24"."SALES_STATISTICS" (REPORT_DATE,SALES_CREATE,SALES_DELETE) values (to_timestamp('25/04/24','DD/MM/RR HH24:MI:SSXFF'),13450,7769);
Insert into "OFFICE24"."SALES_STATISTICS" (REPORT_DATE,SALES_CREATE,SALES_DELETE) values (to_timestamp('26/04/24','DD/MM/RR HH24:MI:SSXFF'),21094,18534);
Insert into "OFFICE24"."SALES_STATISTICS" (REPORT_DATE,SALES_CREATE,SALES_DELETE) values (to_timestamp('27/04/24','DD/MM/RR HH24:MI:SSXFF'),41853,14385);
Insert into "OFFICE24"."SALES_STATISTICS" (REPORT_DATE,SALES_CREATE,SALES_DELETE) values (to_timestamp('28/04/24','DD/MM/RR HH24:MI:SSXFF'),36025,17742);
Insert into "OFFICE24"."SALES_STATISTICS" (REPORT_DATE,SALES_CREATE,SALES_DELETE) values (to_timestamp('29/04/24','DD/MM/RR HH24:MI:SSXFF'),20408,24516);
Insert into "OFFICE24"."SALES_STATISTICS" (REPORT_DATE,SALES_CREATE,SALES_DELETE) values (to_timestamp('30/04/24','DD/MM/RR HH24:MI:SSXFF'),34259,14506);
Insert into "OFFICE24"."SALES_STATISTICS" (REPORT_DATE,SALES_CREATE,SALES_DELETE) values (to_timestamp('01/05/24','DD/MM/RR HH24:MI:SSXFF'),44190,17163);
Insert into "OFFICE24"."SALES_STATISTICS" (REPORT_DATE,SALES_CREATE,SALES_DELETE) values (to_timestamp('02/05/24','DD/MM/RR HH24:MI:SSXFF'),28820,11772);
Insert into "OFFICE24"."SALES_STATISTICS" (REPORT_DATE,SALES_CREATE,SALES_DELETE) values (to_timestamp('03/05/24','DD/MM/RR HH24:MI:SSXFF'),25531,19081);
Insert into "OFFICE24"."SALES_STATISTICS" (REPORT_DATE,SALES_CREATE,SALES_DELETE) values (to_timestamp('04/05/24','DD/MM/RR HH24:MI:SSXFF'),44971,15260);
Insert into "OFFICE24"."SALES_STATISTICS" (REPORT_DATE,SALES_CREATE,SALES_DELETE) values (to_timestamp('05/05/24','DD/MM/RR HH24:MI:SSXFF'),20694,13530);
Insert into "OFFICE24"."SALES_STATISTICS" (REPORT_DATE,SALES_CREATE,SALES_DELETE) values (to_timestamp('06/05/24','DD/MM/RR HH24:MI:SSXFF'),46903,20040);
Insert into "OFFICE24"."SALES_STATISTICS" (REPORT_DATE,SALES_CREATE,SALES_DELETE) values (to_timestamp('07/05/24','DD/MM/RR HH24:MI:SSXFF'),16653,13018);
Insert into "OFFICE24"."SALES_STATISTICS" (REPORT_DATE,SALES_CREATE,SALES_DELETE) values (to_timestamp('08/05/24','DD/MM/RR HH24:MI:SSXFF'),37591,14144);
Insert into "OFFICE24"."SALES_STATISTICS" (REPORT_DATE,SALES_CREATE,SALES_DELETE) values (to_timestamp('09/05/24','DD/MM/RR HH24:MI:SSXFF'),39128,9368);
Insert into "OFFICE24"."SALES_STATISTICS" (REPORT_DATE,SALES_CREATE,SALES_DELETE) values (to_timestamp('10/05/24','DD/MM/RR HH24:MI:SSXFF'),25210,11905);
Insert into "OFFICE24"."SALES_STATISTICS" (REPORT_DATE,SALES_CREATE,SALES_DELETE) values (to_timestamp('11/05/24','DD/MM/RR HH24:MI:SSXFF'),18118,21012);
Insert into "OFFICE24"."SALES_STATISTICS" (REPORT_DATE,SALES_CREATE,SALES_DELETE) values (to_timestamp('12/05/24','DD/MM/RR HH24:MI:SSXFF'),10067,12820);
Insert into "OFFICE24"."SALES_STATISTICS" (REPORT_DATE,SALES_CREATE,SALES_DELETE) values (to_timestamp('13/05/24','DD/MM/RR HH24:MI:SSXFF'),14339,15301);
Insert into "OFFICE24"."SALES_STATISTICS" (REPORT_DATE,SALES_CREATE,SALES_DELETE) values (to_timestamp('14/05/24','DD/MM/RR HH24:MI:SSXFF'),39612,15014);
Insert into "OFFICE24"."SALES_STATISTICS" (REPORT_DATE,SALES_CREATE,SALES_DELETE) values (to_timestamp('15/05/24','DD/MM/RR HH24:MI:SSXFF'),19164,9787);
Insert into "OFFICE24"."SALES_STATISTICS" (REPORT_DATE,SALES_CREATE,SALES_DELETE) values (to_timestamp('16/05/24','DD/MM/RR HH24:MI:SSXFF'),34948,24391);
Insert into "OFFICE24"."SALES_STATISTICS" (REPORT_DATE,SALES_CREATE,SALES_DELETE) values (to_timestamp('17/05/24','DD/MM/RR HH24:MI:SSXFF'),26633,24350);
Insert into "OFFICE24"."SALES_STATISTICS" (REPORT_DATE,SALES_CREATE,SALES_DELETE) values (to_timestamp('18/05/24','DD/MM/RR HH24:MI:SSXFF'),42375,11301);
Insert into "OFFICE24"."SALES_STATISTICS" (REPORT_DATE,SALES_CREATE,SALES_DELETE) values (to_timestamp('19/05/24','DD/MM/RR HH24:MI:SSXFF'),32815,16342);
Insert into "OFFICE24"."SALES_STATISTICS" (REPORT_DATE,SALES_CREATE,SALES_DELETE) values (to_timestamp('20/05/24','DD/MM/RR HH24:MI:SSXFF'),23368,22321);
Insert into "OFFICE24"."SALES_STATISTICS" (REPORT_DATE,SALES_CREATE,SALES_DELETE) values (to_timestamp('21/05/24','DD/MM/RR HH24:MI:SSXFF'),48244,6883);
Insert into "OFFICE24"."SALES_STATISTICS" (REPORT_DATE,SALES_CREATE,SALES_DELETE) values (to_timestamp('22/05/24','DD/MM/RR HH24:MI:SSXFF'),29727,10052);
Insert into "OFFICE24"."SALES_STATISTICS" (REPORT_DATE,SALES_CREATE,SALES_DELETE) values (to_timestamp('23/05/24','DD/MM/RR HH24:MI:SSXFF'),31576,24343);
Insert into "OFFICE24"."SALES_STATISTICS" (REPORT_DATE,SALES_CREATE,SALES_DELETE) values (to_timestamp('24/05/24','DD/MM/RR HH24:MI:SSXFF'),15357,15491);
Insert into "OFFICE24"."SALES_STATISTICS" (REPORT_DATE,SALES_CREATE,SALES_DELETE) values (to_timestamp('25/05/24','DD/MM/RR HH24:MI:SSXFF'),37506,5617);
Insert into "OFFICE24"."SALES_STATISTICS" (REPORT_DATE,SALES_CREATE,SALES_DELETE) values (to_timestamp('26/05/24','DD/MM/RR HH24:MI:SSXFF'),49297,14263);
Insert into "OFFICE24"."SALES_STATISTICS" (REPORT_DATE,SALES_CREATE,SALES_DELETE) values (to_timestamp('27/05/24','DD/MM/RR HH24:MI:SSXFF'),41058,17163);
Insert into "OFFICE24"."SALES_STATISTICS" (REPORT_DATE,SALES_CREATE,SALES_DELETE) values (to_timestamp('28/05/24','DD/MM/RR HH24:MI:SSXFF'),44653,24265);
Insert into "OFFICE24"."SALES_STATISTICS" (REPORT_DATE,SALES_CREATE,SALES_DELETE) values (to_timestamp('29/05/24','DD/MM/RR HH24:MI:SSXFF'),14931,9216);
Insert into "OFFICE24"."SALES_STATISTICS" (REPORT_DATE,SALES_CREATE,SALES_DELETE) values (to_timestamp('30/05/24','DD/MM/RR HH24:MI:SSXFF'),43575,17348);
Insert into "OFFICE24"."SALES_STATISTICS" (REPORT_DATE,SALES_CREATE,SALES_DELETE) values (to_timestamp('31/05/24','DD/MM/RR HH24:MI:SSXFF'),47737,14959);
Insert into "OFFICE24"."SALES_STATISTICS" (REPORT_DATE,SALES_CREATE,SALES_DELETE) values (to_timestamp('01/06/24','DD/MM/RR HH24:MI:SSXFF'),29303,18664);
Insert into "OFFICE24"."SALES_STATISTICS" (REPORT_DATE,SALES_CREATE,SALES_DELETE) values (to_timestamp('02/06/24','DD/MM/RR HH24:MI:SSXFF'),25762,19639);
Insert into "OFFICE24"."SALES_STATISTICS" (REPORT_DATE,SALES_CREATE,SALES_DELETE) values (to_timestamp('03/06/24','DD/MM/RR HH24:MI:SSXFF'),12684,19734);
Insert into "OFFICE24"."SALES_STATISTICS" (REPORT_DATE,SALES_CREATE,SALES_DELETE) values (to_timestamp('04/06/24','DD/MM/RR HH24:MI:SSXFF'),48722,5479);
Insert into "OFFICE24"."SALES_STATISTICS" (REPORT_DATE,SALES_CREATE,SALES_DELETE) values (to_timestamp('05/06/24','DD/MM/RR HH24:MI:SSXFF'),22933,18686);
Insert into "OFFICE24"."SALES_STATISTICS" (REPORT_DATE,SALES_CREATE,SALES_DELETE) values (to_timestamp('06/06/24','DD/MM/RR HH24:MI:SSXFF'),22504,22468);
Insert into "OFFICE24"."SALES_STATISTICS" (REPORT_DATE,SALES_CREATE,SALES_DELETE) values (to_timestamp('07/06/24','DD/MM/RR HH24:MI:SSXFF'),33916,19847);
Insert into "OFFICE24"."SALES_STATISTICS" (REPORT_DATE,SALES_CREATE,SALES_DELETE) values (to_timestamp('08/06/24','DD/MM/RR HH24:MI:SSXFF'),40712,7712);
Insert into "OFFICE24"."SALES_STATISTICS" (REPORT_DATE,SALES_CREATE,SALES_DELETE) values (to_timestamp('09/06/24','DD/MM/RR HH24:MI:SSXFF'),46623,20923);
Insert into "OFFICE24"."SALES_STATISTICS" (REPORT_DATE,SALES_CREATE,SALES_DELETE) values (to_timestamp('10/06/24','DD/MM/RR HH24:MI:SSXFF'),31839,19454);
Insert into "OFFICE24"."SALES_STATISTICS" (REPORT_DATE,SALES_CREATE,SALES_DELETE) values (to_timestamp('11/06/24','DD/MM/RR HH24:MI:SSXFF'),48557,5111);
Insert into "OFFICE24"."SALES_STATISTICS" (REPORT_DATE,SALES_CREATE,SALES_DELETE) values (to_timestamp('12/06/24','DD/MM/RR HH24:MI:SSXFF'),43902,14800);
Insert into "OFFICE24"."SALES_STATISTICS" (REPORT_DATE,SALES_CREATE,SALES_DELETE) values (to_timestamp('13/06/24','DD/MM/RR HH24:MI:SSXFF'),47313,15782);
Insert into "OFFICE24"."SALES_STATISTICS" (REPORT_DATE,SALES_CREATE,SALES_DELETE) values (to_timestamp('14/06/24','DD/MM/RR HH24:MI:SSXFF'),17133,17975);
Insert into "OFFICE24"."SALES_STATISTICS" (REPORT_DATE,SALES_CREATE,SALES_DELETE) values (to_timestamp('15/06/24','DD/MM/RR HH24:MI:SSXFF'),47299,15276);
Insert into "OFFICE24"."SALES_STATISTICS" (REPORT_DATE,SALES_CREATE,SALES_DELETE) values (to_timestamp('16/06/24','DD/MM/RR HH24:MI:SSXFF'),12605,21335);
Insert into "OFFICE24"."SALES_STATISTICS" (REPORT_DATE,SALES_CREATE,SALES_DELETE) values (to_timestamp('17/06/24','DD/MM/RR HH24:MI:SSXFF'),31972,12003);
Insert into "OFFICE24"."SALES_STATISTICS" (REPORT_DATE,SALES_CREATE,SALES_DELETE) values (to_timestamp('18/06/24','DD/MM/RR HH24:MI:SSXFF'),43046,16205);
Insert into "OFFICE24"."SALES_STATISTICS" (REPORT_DATE,SALES_CREATE,SALES_DELETE) values (to_timestamp('19/06/24','DD/MM/RR HH24:MI:SSXFF'),49573,15149);
Insert into "OFFICE24"."SALES_STATISTICS" (REPORT_DATE,SALES_CREATE,SALES_DELETE) values (to_timestamp('20/06/24','DD/MM/RR HH24:MI:SSXFF'),49646,14145);
Insert into "OFFICE24"."SALES_STATISTICS" (REPORT_DATE,SALES_CREATE,SALES_DELETE) values (to_timestamp('21/06/24','DD/MM/RR HH24:MI:SSXFF'),18356,5005);
Insert into "OFFICE24"."SALES_STATISTICS" (REPORT_DATE,SALES_CREATE,SALES_DELETE) values (to_timestamp('22/06/24','DD/MM/RR HH24:MI:SSXFF'),46173,16606);
Insert into "OFFICE24"."SALES_STATISTICS" (REPORT_DATE,SALES_CREATE,SALES_DELETE) values (to_timestamp('23/06/24','DD/MM/RR HH24:MI:SSXFF'),18222,15885);
Insert into "OFFICE24"."SALES_STATISTICS" (REPORT_DATE,SALES_CREATE,SALES_DELETE) values (to_timestamp('24/06/24','DD/MM/RR HH24:MI:SSXFF'),39753,20638);
Insert into "OFFICE24"."SALES_STATISTICS" (REPORT_DATE,SALES_CREATE,SALES_DELETE) values (to_timestamp('25/06/24','DD/MM/RR HH24:MI:SSXFF'),40377,18385);
Insert into "OFFICE24"."SALES_STATISTICS" (REPORT_DATE,SALES_CREATE,SALES_DELETE) values (to_timestamp('26/06/24','DD/MM/RR HH24:MI:SSXFF'),47341,21066);
Insert into "OFFICE24"."SALES_STATISTICS" (REPORT_DATE,SALES_CREATE,SALES_DELETE) values (to_timestamp('27/06/24','DD/MM/RR HH24:MI:SSXFF'),34919,20819);
Insert into "OFFICE24"."SALES_STATISTICS" (REPORT_DATE,SALES_CREATE,SALES_DELETE) values (to_timestamp('28/06/24','DD/MM/RR HH24:MI:SSXFF'),49521,13308);
Insert into "OFFICE24"."SALES_STATISTICS" (REPORT_DATE,SALES_CREATE,SALES_DELETE) values (to_timestamp('29/06/24','DD/MM/RR HH24:MI:SSXFF'),18894,16448);
Insert into "OFFICE24"."SALES_STATISTICS" (REPORT_DATE,SALES_CREATE,SALES_DELETE) values (to_timestamp('30/06/24','DD/MM/RR HH24:MI:SSXFF'),25230,24992);
Insert into "OFFICE24"."SALES_STATISTICS" (REPORT_DATE,SALES_CREATE,SALES_DELETE) values (to_timestamp('01/07/24','DD/MM/RR HH24:MI:SSXFF'),20021,5663);
Insert into "OFFICE24"."SALES_STATISTICS" (REPORT_DATE,SALES_CREATE,SALES_DELETE) values (to_timestamp('02/07/24','DD/MM/RR HH24:MI:SSXFF'),43631,22452);
Insert into "OFFICE24"."SALES_STATISTICS" (REPORT_DATE,SALES_CREATE,SALES_DELETE) values (to_timestamp('03/07/24','DD/MM/RR HH24:MI:SSXFF'),11381,7775);
Insert into "OFFICE24"."SALES_STATISTICS" (REPORT_DATE,SALES_CREATE,SALES_DELETE) values (to_timestamp('04/07/24','DD/MM/RR HH24:MI:SSXFF'),27349,16744);
Insert into "OFFICE24"."SALES_STATISTICS" (REPORT_DATE,SALES_CREATE,SALES_DELETE) values (to_timestamp('05/07/24','DD/MM/RR HH24:MI:SSXFF'),19993,20179);
Insert into "OFFICE24"."SALES_STATISTICS" (REPORT_DATE,SALES_CREATE,SALES_DELETE) values (to_timestamp('06/07/24','DD/MM/RR HH24:MI:SSXFF'),33716,7489);
Insert into "OFFICE24"."SALES_STATISTICS" (REPORT_DATE,SALES_CREATE,SALES_DELETE) values (to_timestamp('07/07/24','DD/MM/RR HH24:MI:SSXFF'),41857,14006);
Insert into "OFFICE24"."SALES_STATISTICS" (REPORT_DATE,SALES_CREATE,SALES_DELETE) values (to_timestamp('08/07/24','DD/MM/RR HH24:MI:SSXFF'),22122,8389);
Insert into "OFFICE24"."SALES_STATISTICS" (REPORT_DATE,SALES_CREATE,SALES_DELETE) values (to_timestamp('09/07/24','DD/MM/RR HH24:MI:SSXFF'),31993,16827);
Insert into "OFFICE24"."SALES_STATISTICS" (REPORT_DATE,SALES_CREATE,SALES_DELETE) values (to_timestamp('10/07/24','DD/MM/RR HH24:MI:SSXFF'),20878,18845);
Insert into "OFFICE24"."SALES_STATISTICS" (REPORT_DATE,SALES_CREATE,SALES_DELETE) values (to_timestamp('11/07/24','DD/MM/RR HH24:MI:SSXFF'),18336,7237);
Insert into "OFFICE24"."SALES_STATISTICS" (REPORT_DATE,SALES_CREATE,SALES_DELETE) values (to_timestamp('12/07/24','DD/MM/RR HH24:MI:SSXFF'),28084,16109);
Insert into "OFFICE24"."SALES_STATISTICS" (REPORT_DATE,SALES_CREATE,SALES_DELETE) values (to_timestamp('13/07/24','DD/MM/RR HH24:MI:SSXFF'),22192,6063);
Insert into "OFFICE24"."SALES_STATISTICS" (REPORT_DATE,SALES_CREATE,SALES_DELETE) values (to_timestamp('14/07/24','DD/MM/RR HH24:MI:SSXFF'),19289,20433);
Insert into "OFFICE24"."SALES_STATISTICS" (REPORT_DATE,SALES_CREATE,SALES_DELETE) values (to_timestamp('15/07/24','DD/MM/RR HH24:MI:SSXFF'),46904,9138);
Insert into "OFFICE24"."SALES_STATISTICS" (REPORT_DATE,SALES_CREATE,SALES_DELETE) values (to_timestamp('16/07/24','DD/MM/RR HH24:MI:SSXFF'),32395,9797);
Insert into "OFFICE24"."SALES_STATISTICS" (REPORT_DATE,SALES_CREATE,SALES_DELETE) values (to_timestamp('17/07/24','DD/MM/RR HH24:MI:SSXFF'),31626,21639);
Insert into "OFFICE24"."SALES_STATISTICS" (REPORT_DATE,SALES_CREATE,SALES_DELETE) values (to_timestamp('18/07/24','DD/MM/RR HH24:MI:SSXFF'),23196,9868);
Insert into "OFFICE24"."SALES_STATISTICS" (REPORT_DATE,SALES_CREATE,SALES_DELETE) values (to_timestamp('19/07/24','DD/MM/RR HH24:MI:SSXFF'),15561,11761);
Insert into "OFFICE24"."SALES_STATISTICS" (REPORT_DATE,SALES_CREATE,SALES_DELETE) values (to_timestamp('20/07/24','DD/MM/RR HH24:MI:SSXFF'),16702,14108);
Insert into "OFFICE24"."SALES_STATISTICS" (REPORT_DATE,SALES_CREATE,SALES_DELETE) values (to_timestamp('21/07/24','DD/MM/RR HH24:MI:SSXFF'),22128,11734);
Insert into "OFFICE24"."SALES_STATISTICS" (REPORT_DATE,SALES_CREATE,SALES_DELETE) values (to_timestamp('22/07/24','DD/MM/RR HH24:MI:SSXFF'),46256,16117);
Insert into "OFFICE24"."SALES_STATISTICS" (REPORT_DATE,SALES_CREATE,SALES_DELETE) values (to_timestamp('23/07/24','DD/MM/RR HH24:MI:SSXFF'),14784,9732);
Insert into "OFFICE24"."SALES_STATISTICS" (REPORT_DATE,SALES_CREATE,SALES_DELETE) values (to_timestamp('24/07/24','DD/MM/RR HH24:MI:SSXFF'),48912,8456);
Insert into "OFFICE24"."SALES_STATISTICS" (REPORT_DATE,SALES_CREATE,SALES_DELETE) values (to_timestamp('25/07/24','DD/MM/RR HH24:MI:SSXFF'),25295,10199);
Insert into "OFFICE24"."SALES_STATISTICS" (REPORT_DATE,SALES_CREATE,SALES_DELETE) values (to_timestamp('26/07/24','DD/MM/RR HH24:MI:SSXFF'),14308,13615);
Insert into "OFFICE24"."SALES_STATISTICS" (REPORT_DATE,SALES_CREATE,SALES_DELETE) values (to_timestamp('27/07/24','DD/MM/RR HH24:MI:SSXFF'),37372,21657);
Insert into "OFFICE24"."SALES_STATISTICS" (REPORT_DATE,SALES_CREATE,SALES_DELETE) values (to_timestamp('28/07/24','DD/MM/RR HH24:MI:SSXFF'),32203,16106);
Insert into "OFFICE24"."SALES_STATISTICS" (REPORT_DATE,SALES_CREATE,SALES_DELETE) values (to_timestamp('29/07/24','DD/MM/RR HH24:MI:SSXFF'),13454,6460);
Insert into "OFFICE24"."SALES_STATISTICS" (REPORT_DATE,SALES_CREATE,SALES_DELETE) values (to_timestamp('30/07/24','DD/MM/RR HH24:MI:SSXFF'),35771,24143);
Insert into "OFFICE24"."SALES_STATISTICS" (REPORT_DATE,SALES_CREATE,SALES_DELETE) values (to_timestamp('31/07/24','DD/MM/RR HH24:MI:SSXFF'),23827,24872);
Insert into "OFFICE24"."SALES_STATISTICS" (REPORT_DATE,SALES_CREATE,SALES_DELETE) values (to_timestamp('15/08/24','DD/MM/RR HH24:MI:SSXFF'),7003544,0);
Insert into "OFFICE24"."REVIEW_STATISTICS" (REPORT_DATE,REVIEW_CREATE,REVIEW_DELETE) values (to_timestamp('15/08/24','DD/MM/RR HH24:MI:SSXFF'),195,0);
Insert into "OFFICE24"."REVIEW_STATISTICS" (REPORT_DATE,REVIEW_CREATE,REVIEW_DELETE) values (to_timestamp('08/08/24','DD/MM/RR HH24:MI:SSXFF'),100,43);
Insert into "OFFICE24"."REVIEW_STATISTICS" (REPORT_DATE,REVIEW_CREATE,REVIEW_DELETE) values (to_timestamp('01/01/24','DD/MM/RR HH24:MI:SSXFF'),9,2);
Insert into "OFFICE24"."REVIEW_STATISTICS" (REPORT_DATE,REVIEW_CREATE,REVIEW_DELETE) values (to_timestamp('02/01/24','DD/MM/RR HH24:MI:SSXFF'),2,4);
Insert into "OFFICE24"."REVIEW_STATISTICS" (REPORT_DATE,REVIEW_CREATE,REVIEW_DELETE) values (to_timestamp('03/01/24','DD/MM/RR HH24:MI:SSXFF'),4,4);
Insert into "OFFICE24"."REVIEW_STATISTICS" (REPORT_DATE,REVIEW_CREATE,REVIEW_DELETE) values (to_timestamp('04/01/24','DD/MM/RR HH24:MI:SSXFF'),2,4);
Insert into "OFFICE24"."REVIEW_STATISTICS" (REPORT_DATE,REVIEW_CREATE,REVIEW_DELETE) values (to_timestamp('05/01/24','DD/MM/RR HH24:MI:SSXFF'),3,0);
Insert into "OFFICE24"."REVIEW_STATISTICS" (REPORT_DATE,REVIEW_CREATE,REVIEW_DELETE) values (to_timestamp('06/01/24','DD/MM/RR HH24:MI:SSXFF'),3,4);
Insert into "OFFICE24"."REVIEW_STATISTICS" (REPORT_DATE,REVIEW_CREATE,REVIEW_DELETE) values (to_timestamp('07/01/24','DD/MM/RR HH24:MI:SSXFF'),4,3);
Insert into "OFFICE24"."REVIEW_STATISTICS" (REPORT_DATE,REVIEW_CREATE,REVIEW_DELETE) values (to_timestamp('08/01/24','DD/MM/RR HH24:MI:SSXFF'),9,3);
Insert into "OFFICE24"."REVIEW_STATISTICS" (REPORT_DATE,REVIEW_CREATE,REVIEW_DELETE) values (to_timestamp('09/01/24','DD/MM/RR HH24:MI:SSXFF'),9,4);
Insert into "OFFICE24"."REVIEW_STATISTICS" (REPORT_DATE,REVIEW_CREATE,REVIEW_DELETE) values (to_timestamp('10/01/24','DD/MM/RR HH24:MI:SSXFF'),7,2);
Insert into "OFFICE24"."REVIEW_STATISTICS" (REPORT_DATE,REVIEW_CREATE,REVIEW_DELETE) values (to_timestamp('11/01/24','DD/MM/RR HH24:MI:SSXFF'),9,1);
Insert into "OFFICE24"."REVIEW_STATISTICS" (REPORT_DATE,REVIEW_CREATE,REVIEW_DELETE) values (to_timestamp('12/01/24','DD/MM/RR HH24:MI:SSXFF'),3,0);
Insert into "OFFICE24"."REVIEW_STATISTICS" (REPORT_DATE,REVIEW_CREATE,REVIEW_DELETE) values (to_timestamp('13/01/24','DD/MM/RR HH24:MI:SSXFF'),9,1);
Insert into "OFFICE24"."REVIEW_STATISTICS" (REPORT_DATE,REVIEW_CREATE,REVIEW_DELETE) values (to_timestamp('14/01/24','DD/MM/RR HH24:MI:SSXFF'),9,3);
Insert into "OFFICE24"."REVIEW_STATISTICS" (REPORT_DATE,REVIEW_CREATE,REVIEW_DELETE) values (to_timestamp('15/01/24','DD/MM/RR HH24:MI:SSXFF'),6,1);
Insert into "OFFICE24"."REVIEW_STATISTICS" (REPORT_DATE,REVIEW_CREATE,REVIEW_DELETE) values (to_timestamp('16/01/24','DD/MM/RR HH24:MI:SSXFF'),7,3);
Insert into "OFFICE24"."REVIEW_STATISTICS" (REPORT_DATE,REVIEW_CREATE,REVIEW_DELETE) values (to_timestamp('17/01/24','DD/MM/RR HH24:MI:SSXFF'),2,3);
Insert into "OFFICE24"."REVIEW_STATISTICS" (REPORT_DATE,REVIEW_CREATE,REVIEW_DELETE) values (to_timestamp('18/01/24','DD/MM/RR HH24:MI:SSXFF'),2,4);
Insert into "OFFICE24"."REVIEW_STATISTICS" (REPORT_DATE,REVIEW_CREATE,REVIEW_DELETE) values (to_timestamp('19/01/24','DD/MM/RR HH24:MI:SSXFF'),7,1);
Insert into "OFFICE24"."REVIEW_STATISTICS" (REPORT_DATE,REVIEW_CREATE,REVIEW_DELETE) values (to_timestamp('20/01/24','DD/MM/RR HH24:MI:SSXFF'),8,4);
Insert into "OFFICE24"."REVIEW_STATISTICS" (REPORT_DATE,REVIEW_CREATE,REVIEW_DELETE) values (to_timestamp('21/01/24','DD/MM/RR HH24:MI:SSXFF'),2,4);
Insert into "OFFICE24"."REVIEW_STATISTICS" (REPORT_DATE,REVIEW_CREATE,REVIEW_DELETE) values (to_timestamp('22/01/24','DD/MM/RR HH24:MI:SSXFF'),9,3);
Insert into "OFFICE24"."REVIEW_STATISTICS" (REPORT_DATE,REVIEW_CREATE,REVIEW_DELETE) values (to_timestamp('23/01/24','DD/MM/RR HH24:MI:SSXFF'),7,0);
Insert into "OFFICE24"."REVIEW_STATISTICS" (REPORT_DATE,REVIEW_CREATE,REVIEW_DELETE) values (to_timestamp('24/01/24','DD/MM/RR HH24:MI:SSXFF'),3,2);
Insert into "OFFICE24"."REVIEW_STATISTICS" (REPORT_DATE,REVIEW_CREATE,REVIEW_DELETE) values (to_timestamp('25/01/24','DD/MM/RR HH24:MI:SSXFF'),1,3);
Insert into "OFFICE24"."REVIEW_STATISTICS" (REPORT_DATE,REVIEW_CREATE,REVIEW_DELETE) values (to_timestamp('26/01/24','DD/MM/RR HH24:MI:SSXFF'),1,0);
Insert into "OFFICE24"."REVIEW_STATISTICS" (REPORT_DATE,REVIEW_CREATE,REVIEW_DELETE) values (to_timestamp('27/01/24','DD/MM/RR HH24:MI:SSXFF'),7,4);
Insert into "OFFICE24"."REVIEW_STATISTICS" (REPORT_DATE,REVIEW_CREATE,REVIEW_DELETE) values (to_timestamp('28/01/24','DD/MM/RR HH24:MI:SSXFF'),0,4);
Insert into "OFFICE24"."REVIEW_STATISTICS" (REPORT_DATE,REVIEW_CREATE,REVIEW_DELETE) values (to_timestamp('29/01/24','DD/MM/RR HH24:MI:SSXFF'),9,0);
Insert into "OFFICE24"."REVIEW_STATISTICS" (REPORT_DATE,REVIEW_CREATE,REVIEW_DELETE) values (to_timestamp('30/01/24','DD/MM/RR HH24:MI:SSXFF'),5,0);
Insert into "OFFICE24"."REVIEW_STATISTICS" (REPORT_DATE,REVIEW_CREATE,REVIEW_DELETE) values (to_timestamp('31/01/24','DD/MM/RR HH24:MI:SSXFF'),1,0);
Insert into "OFFICE24"."REVIEW_STATISTICS" (REPORT_DATE,REVIEW_CREATE,REVIEW_DELETE) values (to_timestamp('01/02/24','DD/MM/RR HH24:MI:SSXFF'),7,2);
Insert into "OFFICE24"."REVIEW_STATISTICS" (REPORT_DATE,REVIEW_CREATE,REVIEW_DELETE) values (to_timestamp('02/02/24','DD/MM/RR HH24:MI:SSXFF'),7,3);
Insert into "OFFICE24"."REVIEW_STATISTICS" (REPORT_DATE,REVIEW_CREATE,REVIEW_DELETE) values (to_timestamp('03/02/24','DD/MM/RR HH24:MI:SSXFF'),9,0);
Insert into "OFFICE24"."REVIEW_STATISTICS" (REPORT_DATE,REVIEW_CREATE,REVIEW_DELETE) values (to_timestamp('04/02/24','DD/MM/RR HH24:MI:SSXFF'),8,3);
Insert into "OFFICE24"."REVIEW_STATISTICS" (REPORT_DATE,REVIEW_CREATE,REVIEW_DELETE) values (to_timestamp('05/02/24','DD/MM/RR HH24:MI:SSXFF'),7,0);
Insert into "OFFICE24"."REVIEW_STATISTICS" (REPORT_DATE,REVIEW_CREATE,REVIEW_DELETE) values (to_timestamp('06/02/24','DD/MM/RR HH24:MI:SSXFF'),8,3);
Insert into "OFFICE24"."REVIEW_STATISTICS" (REPORT_DATE,REVIEW_CREATE,REVIEW_DELETE) values (to_timestamp('07/02/24','DD/MM/RR HH24:MI:SSXFF'),2,3);
Insert into "OFFICE24"."REVIEW_STATISTICS" (REPORT_DATE,REVIEW_CREATE,REVIEW_DELETE) values (to_timestamp('08/02/24','DD/MM/RR HH24:MI:SSXFF'),4,3);
Insert into "OFFICE24"."REVIEW_STATISTICS" (REPORT_DATE,REVIEW_CREATE,REVIEW_DELETE) values (to_timestamp('09/02/24','DD/MM/RR HH24:MI:SSXFF'),5,0);
Insert into "OFFICE24"."REVIEW_STATISTICS" (REPORT_DATE,REVIEW_CREATE,REVIEW_DELETE) values (to_timestamp('10/02/24','DD/MM/RR HH24:MI:SSXFF'),0,0);
Insert into "OFFICE24"."REVIEW_STATISTICS" (REPORT_DATE,REVIEW_CREATE,REVIEW_DELETE) values (to_timestamp('11/02/24','DD/MM/RR HH24:MI:SSXFF'),7,2);
Insert into "OFFICE24"."REVIEW_STATISTICS" (REPORT_DATE,REVIEW_CREATE,REVIEW_DELETE) values (to_timestamp('12/02/24','DD/MM/RR HH24:MI:SSXFF'),1,4);
Insert into "OFFICE24"."REVIEW_STATISTICS" (REPORT_DATE,REVIEW_CREATE,REVIEW_DELETE) values (to_timestamp('13/02/24','DD/MM/RR HH24:MI:SSXFF'),6,0);
Insert into "OFFICE24"."REVIEW_STATISTICS" (REPORT_DATE,REVIEW_CREATE,REVIEW_DELETE) values (to_timestamp('14/02/24','DD/MM/RR HH24:MI:SSXFF'),8,4);
Insert into "OFFICE24"."REVIEW_STATISTICS" (REPORT_DATE,REVIEW_CREATE,REVIEW_DELETE) values (to_timestamp('15/02/24','DD/MM/RR HH24:MI:SSXFF'),0,4);
Insert into "OFFICE24"."REVIEW_STATISTICS" (REPORT_DATE,REVIEW_CREATE,REVIEW_DELETE) values (to_timestamp('16/02/24','DD/MM/RR HH24:MI:SSXFF'),2,2);
Insert into "OFFICE24"."REVIEW_STATISTICS" (REPORT_DATE,REVIEW_CREATE,REVIEW_DELETE) values (to_timestamp('17/02/24','DD/MM/RR HH24:MI:SSXFF'),4,4);
Insert into "OFFICE24"."REVIEW_STATISTICS" (REPORT_DATE,REVIEW_CREATE,REVIEW_DELETE) values (to_timestamp('18/02/24','DD/MM/RR HH24:MI:SSXFF'),5,4);
Insert into "OFFICE24"."REVIEW_STATISTICS" (REPORT_DATE,REVIEW_CREATE,REVIEW_DELETE) values (to_timestamp('19/02/24','DD/MM/RR HH24:MI:SSXFF'),9,2);
Insert into "OFFICE24"."REVIEW_STATISTICS" (REPORT_DATE,REVIEW_CREATE,REVIEW_DELETE) values (to_timestamp('20/02/24','DD/MM/RR HH24:MI:SSXFF'),9,0);
Insert into "OFFICE24"."REVIEW_STATISTICS" (REPORT_DATE,REVIEW_CREATE,REVIEW_DELETE) values (to_timestamp('21/02/24','DD/MM/RR HH24:MI:SSXFF'),6,0);
Insert into "OFFICE24"."REVIEW_STATISTICS" (REPORT_DATE,REVIEW_CREATE,REVIEW_DELETE) values (to_timestamp('22/02/24','DD/MM/RR HH24:MI:SSXFF'),3,1);
Insert into "OFFICE24"."REVIEW_STATISTICS" (REPORT_DATE,REVIEW_CREATE,REVIEW_DELETE) values (to_timestamp('23/02/24','DD/MM/RR HH24:MI:SSXFF'),7,0);
Insert into "OFFICE24"."REVIEW_STATISTICS" (REPORT_DATE,REVIEW_CREATE,REVIEW_DELETE) values (to_timestamp('24/02/24','DD/MM/RR HH24:MI:SSXFF'),6,2);
Insert into "OFFICE24"."REVIEW_STATISTICS" (REPORT_DATE,REVIEW_CREATE,REVIEW_DELETE) values (to_timestamp('25/02/24','DD/MM/RR HH24:MI:SSXFF'),9,4);
Insert into "OFFICE24"."REVIEW_STATISTICS" (REPORT_DATE,REVIEW_CREATE,REVIEW_DELETE) values (to_timestamp('26/02/24','DD/MM/RR HH24:MI:SSXFF'),1,1);
Insert into "OFFICE24"."REVIEW_STATISTICS" (REPORT_DATE,REVIEW_CREATE,REVIEW_DELETE) values (to_timestamp('27/02/24','DD/MM/RR HH24:MI:SSXFF'),4,1);
Insert into "OFFICE24"."REVIEW_STATISTICS" (REPORT_DATE,REVIEW_CREATE,REVIEW_DELETE) values (to_timestamp('28/02/24','DD/MM/RR HH24:MI:SSXFF'),8,1);
Insert into "OFFICE24"."REVIEW_STATISTICS" (REPORT_DATE,REVIEW_CREATE,REVIEW_DELETE) values (to_timestamp('29/02/24','DD/MM/RR HH24:MI:SSXFF'),6,2);
Insert into "OFFICE24"."REVIEW_STATISTICS" (REPORT_DATE,REVIEW_CREATE,REVIEW_DELETE) values (to_timestamp('01/03/24','DD/MM/RR HH24:MI:SSXFF'),4,0);
Insert into "OFFICE24"."REVIEW_STATISTICS" (REPORT_DATE,REVIEW_CREATE,REVIEW_DELETE) values (to_timestamp('02/03/24','DD/MM/RR HH24:MI:SSXFF'),9,0);
Insert into "OFFICE24"."REVIEW_STATISTICS" (REPORT_DATE,REVIEW_CREATE,REVIEW_DELETE) values (to_timestamp('03/03/24','DD/MM/RR HH24:MI:SSXFF'),3,1);
Insert into "OFFICE24"."REVIEW_STATISTICS" (REPORT_DATE,REVIEW_CREATE,REVIEW_DELETE) values (to_timestamp('04/03/24','DD/MM/RR HH24:MI:SSXFF'),0,2);
Insert into "OFFICE24"."REVIEW_STATISTICS" (REPORT_DATE,REVIEW_CREATE,REVIEW_DELETE) values (to_timestamp('05/03/24','DD/MM/RR HH24:MI:SSXFF'),6,0);
Insert into "OFFICE24"."REVIEW_STATISTICS" (REPORT_DATE,REVIEW_CREATE,REVIEW_DELETE) values (to_timestamp('06/03/24','DD/MM/RR HH24:MI:SSXFF'),2,1);
Insert into "OFFICE24"."REVIEW_STATISTICS" (REPORT_DATE,REVIEW_CREATE,REVIEW_DELETE) values (to_timestamp('07/03/24','DD/MM/RR HH24:MI:SSXFF'),7,1);
Insert into "OFFICE24"."REVIEW_STATISTICS" (REPORT_DATE,REVIEW_CREATE,REVIEW_DELETE) values (to_timestamp('08/03/24','DD/MM/RR HH24:MI:SSXFF'),0,2);
Insert into "OFFICE24"."REVIEW_STATISTICS" (REPORT_DATE,REVIEW_CREATE,REVIEW_DELETE) values (to_timestamp('09/03/24','DD/MM/RR HH24:MI:SSXFF'),4,2);
Insert into "OFFICE24"."REVIEW_STATISTICS" (REPORT_DATE,REVIEW_CREATE,REVIEW_DELETE) values (to_timestamp('10/03/24','DD/MM/RR HH24:MI:SSXFF'),5,4);
Insert into "OFFICE24"."REVIEW_STATISTICS" (REPORT_DATE,REVIEW_CREATE,REVIEW_DELETE) values (to_timestamp('11/03/24','DD/MM/RR HH24:MI:SSXFF'),3,3);
Insert into "OFFICE24"."REVIEW_STATISTICS" (REPORT_DATE,REVIEW_CREATE,REVIEW_DELETE) values (to_timestamp('12/03/24','DD/MM/RR HH24:MI:SSXFF'),1,4);
Insert into "OFFICE24"."REVIEW_STATISTICS" (REPORT_DATE,REVIEW_CREATE,REVIEW_DELETE) values (to_timestamp('13/03/24','DD/MM/RR HH24:MI:SSXFF'),1,2);
Insert into "OFFICE24"."REVIEW_STATISTICS" (REPORT_DATE,REVIEW_CREATE,REVIEW_DELETE) values (to_timestamp('14/03/24','DD/MM/RR HH24:MI:SSXFF'),1,0);
Insert into "OFFICE24"."REVIEW_STATISTICS" (REPORT_DATE,REVIEW_CREATE,REVIEW_DELETE) values (to_timestamp('15/03/24','DD/MM/RR HH24:MI:SSXFF'),9,0);
Insert into "OFFICE24"."REVIEW_STATISTICS" (REPORT_DATE,REVIEW_CREATE,REVIEW_DELETE) values (to_timestamp('16/03/24','DD/MM/RR HH24:MI:SSXFF'),4,0);
Insert into "OFFICE24"."REVIEW_STATISTICS" (REPORT_DATE,REVIEW_CREATE,REVIEW_DELETE) values (to_timestamp('17/03/24','DD/MM/RR HH24:MI:SSXFF'),9,4);
Insert into "OFFICE24"."REVIEW_STATISTICS" (REPORT_DATE,REVIEW_CREATE,REVIEW_DELETE) values (to_timestamp('18/03/24','DD/MM/RR HH24:MI:SSXFF'),7,1);
Insert into "OFFICE24"."REVIEW_STATISTICS" (REPORT_DATE,REVIEW_CREATE,REVIEW_DELETE) values (to_timestamp('19/03/24','DD/MM/RR HH24:MI:SSXFF'),2,3);
Insert into "OFFICE24"."REVIEW_STATISTICS" (REPORT_DATE,REVIEW_CREATE,REVIEW_DELETE) values (to_timestamp('20/03/24','DD/MM/RR HH24:MI:SSXFF'),4,4);
Insert into "OFFICE24"."REVIEW_STATISTICS" (REPORT_DATE,REVIEW_CREATE,REVIEW_DELETE) values (to_timestamp('21/03/24','DD/MM/RR HH24:MI:SSXFF'),5,0);
Insert into "OFFICE24"."REVIEW_STATISTICS" (REPORT_DATE,REVIEW_CREATE,REVIEW_DELETE) values (to_timestamp('22/03/24','DD/MM/RR HH24:MI:SSXFF'),5,1);
Insert into "OFFICE24"."REVIEW_STATISTICS" (REPORT_DATE,REVIEW_CREATE,REVIEW_DELETE) values (to_timestamp('23/03/24','DD/MM/RR HH24:MI:SSXFF'),7,0);
Insert into "OFFICE24"."REVIEW_STATISTICS" (REPORT_DATE,REVIEW_CREATE,REVIEW_DELETE) values (to_timestamp('24/03/24','DD/MM/RR HH24:MI:SSXFF'),3,2);
Insert into "OFFICE24"."REVIEW_STATISTICS" (REPORT_DATE,REVIEW_CREATE,REVIEW_DELETE) values (to_timestamp('25/03/24','DD/MM/RR HH24:MI:SSXFF'),9,0);
Insert into "OFFICE24"."REVIEW_STATISTICS" (REPORT_DATE,REVIEW_CREATE,REVIEW_DELETE) values (to_timestamp('26/03/24','DD/MM/RR HH24:MI:SSXFF'),1,1);
Insert into "OFFICE24"."REVIEW_STATISTICS" (REPORT_DATE,REVIEW_CREATE,REVIEW_DELETE) values (to_timestamp('27/03/24','DD/MM/RR HH24:MI:SSXFF'),9,4);
Insert into "OFFICE24"."REVIEW_STATISTICS" (REPORT_DATE,REVIEW_CREATE,REVIEW_DELETE) values (to_timestamp('28/03/24','DD/MM/RR HH24:MI:SSXFF'),5,3);
Insert into "OFFICE24"."REVIEW_STATISTICS" (REPORT_DATE,REVIEW_CREATE,REVIEW_DELETE) values (to_timestamp('29/03/24','DD/MM/RR HH24:MI:SSXFF'),6,0);
Insert into "OFFICE24"."REVIEW_STATISTICS" (REPORT_DATE,REVIEW_CREATE,REVIEW_DELETE) values (to_timestamp('30/03/24','DD/MM/RR HH24:MI:SSXFF'),2,1);
Insert into "OFFICE24"."REVIEW_STATISTICS" (REPORT_DATE,REVIEW_CREATE,REVIEW_DELETE) values (to_timestamp('31/03/24','DD/MM/RR HH24:MI:SSXFF'),3,2);
Insert into "OFFICE24"."REVIEW_STATISTICS" (REPORT_DATE,REVIEW_CREATE,REVIEW_DELETE) values (to_timestamp('01/04/24','DD/MM/RR HH24:MI:SSXFF'),4,2);
Insert into "OFFICE24"."REVIEW_STATISTICS" (REPORT_DATE,REVIEW_CREATE,REVIEW_DELETE) values (to_timestamp('02/04/24','DD/MM/RR HH24:MI:SSXFF'),0,0);
Insert into "OFFICE24"."REVIEW_STATISTICS" (REPORT_DATE,REVIEW_CREATE,REVIEW_DELETE) values (to_timestamp('03/04/24','DD/MM/RR HH24:MI:SSXFF'),7,4);
Insert into "OFFICE24"."REVIEW_STATISTICS" (REPORT_DATE,REVIEW_CREATE,REVIEW_DELETE) values (to_timestamp('04/04/24','DD/MM/RR HH24:MI:SSXFF'),0,2);
Insert into "OFFICE24"."REVIEW_STATISTICS" (REPORT_DATE,REVIEW_CREATE,REVIEW_DELETE) values (to_timestamp('05/04/24','DD/MM/RR HH24:MI:SSXFF'),3,4);
Insert into "OFFICE24"."REVIEW_STATISTICS" (REPORT_DATE,REVIEW_CREATE,REVIEW_DELETE) values (to_timestamp('06/04/24','DD/MM/RR HH24:MI:SSXFF'),6,0);
Insert into "OFFICE24"."REVIEW_STATISTICS" (REPORT_DATE,REVIEW_CREATE,REVIEW_DELETE) values (to_timestamp('07/04/24','DD/MM/RR HH24:MI:SSXFF'),2,0);
Insert into "OFFICE24"."REVIEW_STATISTICS" (REPORT_DATE,REVIEW_CREATE,REVIEW_DELETE) values (to_timestamp('08/04/24','DD/MM/RR HH24:MI:SSXFF'),6,2);
Insert into "OFFICE24"."REVIEW_STATISTICS" (REPORT_DATE,REVIEW_CREATE,REVIEW_DELETE) values (to_timestamp('09/04/24','DD/MM/RR HH24:MI:SSXFF'),5,0);
Insert into "OFFICE24"."REVIEW_STATISTICS" (REPORT_DATE,REVIEW_CREATE,REVIEW_DELETE) values (to_timestamp('10/04/24','DD/MM/RR HH24:MI:SSXFF'),6,1);
Insert into "OFFICE24"."REVIEW_STATISTICS" (REPORT_DATE,REVIEW_CREATE,REVIEW_DELETE) values (to_timestamp('11/04/24','DD/MM/RR HH24:MI:SSXFF'),3,4);
Insert into "OFFICE24"."REVIEW_STATISTICS" (REPORT_DATE,REVIEW_CREATE,REVIEW_DELETE) values (to_timestamp('12/04/24','DD/MM/RR HH24:MI:SSXFF'),9,4);
Insert into "OFFICE24"."REVIEW_STATISTICS" (REPORT_DATE,REVIEW_CREATE,REVIEW_DELETE) values (to_timestamp('13/04/24','DD/MM/RR HH24:MI:SSXFF'),6,2);
Insert into "OFFICE24"."REVIEW_STATISTICS" (REPORT_DATE,REVIEW_CREATE,REVIEW_DELETE) values (to_timestamp('14/04/24','DD/MM/RR HH24:MI:SSXFF'),0,4);
Insert into "OFFICE24"."REVIEW_STATISTICS" (REPORT_DATE,REVIEW_CREATE,REVIEW_DELETE) values (to_timestamp('15/04/24','DD/MM/RR HH24:MI:SSXFF'),6,3);
Insert into "OFFICE24"."REVIEW_STATISTICS" (REPORT_DATE,REVIEW_CREATE,REVIEW_DELETE) values (to_timestamp('16/04/24','DD/MM/RR HH24:MI:SSXFF'),3,4);
Insert into "OFFICE24"."REVIEW_STATISTICS" (REPORT_DATE,REVIEW_CREATE,REVIEW_DELETE) values (to_timestamp('17/04/24','DD/MM/RR HH24:MI:SSXFF'),5,3);
Insert into "OFFICE24"."REVIEW_STATISTICS" (REPORT_DATE,REVIEW_CREATE,REVIEW_DELETE) values (to_timestamp('18/04/24','DD/MM/RR HH24:MI:SSXFF'),0,1);
Insert into "OFFICE24"."REVIEW_STATISTICS" (REPORT_DATE,REVIEW_CREATE,REVIEW_DELETE) values (to_timestamp('19/04/24','DD/MM/RR HH24:MI:SSXFF'),3,3);
Insert into "OFFICE24"."REVIEW_STATISTICS" (REPORT_DATE,REVIEW_CREATE,REVIEW_DELETE) values (to_timestamp('20/04/24','DD/MM/RR HH24:MI:SSXFF'),5,3);
Insert into "OFFICE24"."REVIEW_STATISTICS" (REPORT_DATE,REVIEW_CREATE,REVIEW_DELETE) values (to_timestamp('21/04/24','DD/MM/RR HH24:MI:SSXFF'),5,2);
Insert into "OFFICE24"."REVIEW_STATISTICS" (REPORT_DATE,REVIEW_CREATE,REVIEW_DELETE) values (to_timestamp('22/04/24','DD/MM/RR HH24:MI:SSXFF'),2,1);
Insert into "OFFICE24"."REVIEW_STATISTICS" (REPORT_DATE,REVIEW_CREATE,REVIEW_DELETE) values (to_timestamp('23/04/24','DD/MM/RR HH24:MI:SSXFF'),4,3);
Insert into "OFFICE24"."REVIEW_STATISTICS" (REPORT_DATE,REVIEW_CREATE,REVIEW_DELETE) values (to_timestamp('24/04/24','DD/MM/RR HH24:MI:SSXFF'),3,0);
Insert into "OFFICE24"."REVIEW_STATISTICS" (REPORT_DATE,REVIEW_CREATE,REVIEW_DELETE) values (to_timestamp('25/04/24','DD/MM/RR HH24:MI:SSXFF'),7,1);
Insert into "OFFICE24"."REVIEW_STATISTICS" (REPORT_DATE,REVIEW_CREATE,REVIEW_DELETE) values (to_timestamp('26/04/24','DD/MM/RR HH24:MI:SSXFF'),5,3);
Insert into "OFFICE24"."REVIEW_STATISTICS" (REPORT_DATE,REVIEW_CREATE,REVIEW_DELETE) values (to_timestamp('27/04/24','DD/MM/RR HH24:MI:SSXFF'),2,1);
Insert into "OFFICE24"."REVIEW_STATISTICS" (REPORT_DATE,REVIEW_CREATE,REVIEW_DELETE) values (to_timestamp('28/04/24','DD/MM/RR HH24:MI:SSXFF'),4,0);
Insert into "OFFICE24"."REVIEW_STATISTICS" (REPORT_DATE,REVIEW_CREATE,REVIEW_DELETE) values (to_timestamp('29/04/24','DD/MM/RR HH24:MI:SSXFF'),1,0);
Insert into "OFFICE24"."REVIEW_STATISTICS" (REPORT_DATE,REVIEW_CREATE,REVIEW_DELETE) values (to_timestamp('30/04/24','DD/MM/RR HH24:MI:SSXFF'),9,1);
Insert into "OFFICE24"."REVIEW_STATISTICS" (REPORT_DATE,REVIEW_CREATE,REVIEW_DELETE) values (to_timestamp('01/05/24','DD/MM/RR HH24:MI:SSXFF'),5,1);
Insert into "OFFICE24"."REVIEW_STATISTICS" (REPORT_DATE,REVIEW_CREATE,REVIEW_DELETE) values (to_timestamp('02/05/24','DD/MM/RR HH24:MI:SSXFF'),3,4);
Insert into "OFFICE24"."REVIEW_STATISTICS" (REPORT_DATE,REVIEW_CREATE,REVIEW_DELETE) values (to_timestamp('03/05/24','DD/MM/RR HH24:MI:SSXFF'),6,3);
Insert into "OFFICE24"."REVIEW_STATISTICS" (REPORT_DATE,REVIEW_CREATE,REVIEW_DELETE) values (to_timestamp('04/05/24','DD/MM/RR HH24:MI:SSXFF'),4,2);
Insert into "OFFICE24"."REVIEW_STATISTICS" (REPORT_DATE,REVIEW_CREATE,REVIEW_DELETE) values (to_timestamp('05/05/24','DD/MM/RR HH24:MI:SSXFF'),9,1);
Insert into "OFFICE24"."REVIEW_STATISTICS" (REPORT_DATE,REVIEW_CREATE,REVIEW_DELETE) values (to_timestamp('06/05/24','DD/MM/RR HH24:MI:SSXFF'),3,0);
Insert into "OFFICE24"."REVIEW_STATISTICS" (REPORT_DATE,REVIEW_CREATE,REVIEW_DELETE) values (to_timestamp('07/05/24','DD/MM/RR HH24:MI:SSXFF'),6,4);
Insert into "OFFICE24"."REVIEW_STATISTICS" (REPORT_DATE,REVIEW_CREATE,REVIEW_DELETE) values (to_timestamp('08/05/24','DD/MM/RR HH24:MI:SSXFF'),7,3);
Insert into "OFFICE24"."REVIEW_STATISTICS" (REPORT_DATE,REVIEW_CREATE,REVIEW_DELETE) values (to_timestamp('09/05/24','DD/MM/RR HH24:MI:SSXFF'),5,1);
Insert into "OFFICE24"."REVIEW_STATISTICS" (REPORT_DATE,REVIEW_CREATE,REVIEW_DELETE) values (to_timestamp('10/05/24','DD/MM/RR HH24:MI:SSXFF'),9,1);
Insert into "OFFICE24"."REVIEW_STATISTICS" (REPORT_DATE,REVIEW_CREATE,REVIEW_DELETE) values (to_timestamp('11/05/24','DD/MM/RR HH24:MI:SSXFF'),8,3);
Insert into "OFFICE24"."REVIEW_STATISTICS" (REPORT_DATE,REVIEW_CREATE,REVIEW_DELETE) values (to_timestamp('12/05/24','DD/MM/RR HH24:MI:SSXFF'),5,4);
Insert into "OFFICE24"."REVIEW_STATISTICS" (REPORT_DATE,REVIEW_CREATE,REVIEW_DELETE) values (to_timestamp('13/05/24','DD/MM/RR HH24:MI:SSXFF'),9,4);
Insert into "OFFICE24"."REVIEW_STATISTICS" (REPORT_DATE,REVIEW_CREATE,REVIEW_DELETE) values (to_timestamp('14/05/24','DD/MM/RR HH24:MI:SSXFF'),9,3);
Insert into "OFFICE24"."REVIEW_STATISTICS" (REPORT_DATE,REVIEW_CREATE,REVIEW_DELETE) values (to_timestamp('15/05/24','DD/MM/RR HH24:MI:SSXFF'),8,0);
Insert into "OFFICE24"."REVIEW_STATISTICS" (REPORT_DATE,REVIEW_CREATE,REVIEW_DELETE) values (to_timestamp('16/05/24','DD/MM/RR HH24:MI:SSXFF'),7,4);
Insert into "OFFICE24"."REVIEW_STATISTICS" (REPORT_DATE,REVIEW_CREATE,REVIEW_DELETE) values (to_timestamp('17/05/24','DD/MM/RR HH24:MI:SSXFF'),1,4);
Insert into "OFFICE24"."REVIEW_STATISTICS" (REPORT_DATE,REVIEW_CREATE,REVIEW_DELETE) values (to_timestamp('18/05/24','DD/MM/RR HH24:MI:SSXFF'),7,0);
Insert into "OFFICE24"."REVIEW_STATISTICS" (REPORT_DATE,REVIEW_CREATE,REVIEW_DELETE) values (to_timestamp('19/05/24','DD/MM/RR HH24:MI:SSXFF'),2,3);
Insert into "OFFICE24"."REVIEW_STATISTICS" (REPORT_DATE,REVIEW_CREATE,REVIEW_DELETE) values (to_timestamp('20/05/24','DD/MM/RR HH24:MI:SSXFF'),9,1);
Insert into "OFFICE24"."REVIEW_STATISTICS" (REPORT_DATE,REVIEW_CREATE,REVIEW_DELETE) values (to_timestamp('21/05/24','DD/MM/RR HH24:MI:SSXFF'),8,3);
Insert into "OFFICE24"."REVIEW_STATISTICS" (REPORT_DATE,REVIEW_CREATE,REVIEW_DELETE) values (to_timestamp('22/05/24','DD/MM/RR HH24:MI:SSXFF'),0,1);
Insert into "OFFICE24"."REVIEW_STATISTICS" (REPORT_DATE,REVIEW_CREATE,REVIEW_DELETE) values (to_timestamp('23/05/24','DD/MM/RR HH24:MI:SSXFF'),2,1);
Insert into "OFFICE24"."REVIEW_STATISTICS" (REPORT_DATE,REVIEW_CREATE,REVIEW_DELETE) values (to_timestamp('24/05/24','DD/MM/RR HH24:MI:SSXFF'),4,4);
Insert into "OFFICE24"."REVIEW_STATISTICS" (REPORT_DATE,REVIEW_CREATE,REVIEW_DELETE) values (to_timestamp('25/05/24','DD/MM/RR HH24:MI:SSXFF'),7,2);
Insert into "OFFICE24"."REVIEW_STATISTICS" (REPORT_DATE,REVIEW_CREATE,REVIEW_DELETE) values (to_timestamp('26/05/24','DD/MM/RR HH24:MI:SSXFF'),4,4);
Insert into "OFFICE24"."REVIEW_STATISTICS" (REPORT_DATE,REVIEW_CREATE,REVIEW_DELETE) values (to_timestamp('27/05/24','DD/MM/RR HH24:MI:SSXFF'),7,2);
Insert into "OFFICE24"."REVIEW_STATISTICS" (REPORT_DATE,REVIEW_CREATE,REVIEW_DELETE) values (to_timestamp('28/05/24','DD/MM/RR HH24:MI:SSXFF'),2,2);
Insert into "OFFICE24"."REVIEW_STATISTICS" (REPORT_DATE,REVIEW_CREATE,REVIEW_DELETE) values (to_timestamp('29/05/24','DD/MM/RR HH24:MI:SSXFF'),1,1);
Insert into "OFFICE24"."REVIEW_STATISTICS" (REPORT_DATE,REVIEW_CREATE,REVIEW_DELETE) values (to_timestamp('30/05/24','DD/MM/RR HH24:MI:SSXFF'),6,2);
Insert into "OFFICE24"."REVIEW_STATISTICS" (REPORT_DATE,REVIEW_CREATE,REVIEW_DELETE) values (to_timestamp('31/05/24','DD/MM/RR HH24:MI:SSXFF'),7,0);
Insert into "OFFICE24"."REVIEW_STATISTICS" (REPORT_DATE,REVIEW_CREATE,REVIEW_DELETE) values (to_timestamp('01/06/24','DD/MM/RR HH24:MI:SSXFF'),4,0);
Insert into "OFFICE24"."REVIEW_STATISTICS" (REPORT_DATE,REVIEW_CREATE,REVIEW_DELETE) values (to_timestamp('02/06/24','DD/MM/RR HH24:MI:SSXFF'),1,0);
Insert into "OFFICE24"."REVIEW_STATISTICS" (REPORT_DATE,REVIEW_CREATE,REVIEW_DELETE) values (to_timestamp('03/06/24','DD/MM/RR HH24:MI:SSXFF'),1,4);
Insert into "OFFICE24"."REVIEW_STATISTICS" (REPORT_DATE,REVIEW_CREATE,REVIEW_DELETE) values (to_timestamp('04/06/24','DD/MM/RR HH24:MI:SSXFF'),6,3);
Insert into "OFFICE24"."REVIEW_STATISTICS" (REPORT_DATE,REVIEW_CREATE,REVIEW_DELETE) values (to_timestamp('05/06/24','DD/MM/RR HH24:MI:SSXFF'),1,2);
Insert into "OFFICE24"."REVIEW_STATISTICS" (REPORT_DATE,REVIEW_CREATE,REVIEW_DELETE) values (to_timestamp('06/06/24','DD/MM/RR HH24:MI:SSXFF'),9,0);
Insert into "OFFICE24"."REVIEW_STATISTICS" (REPORT_DATE,REVIEW_CREATE,REVIEW_DELETE) values (to_timestamp('07/06/24','DD/MM/RR HH24:MI:SSXFF'),7,0);
Insert into "OFFICE24"."REVIEW_STATISTICS" (REPORT_DATE,REVIEW_CREATE,REVIEW_DELETE) values (to_timestamp('08/06/24','DD/MM/RR HH24:MI:SSXFF'),8,4);
Insert into "OFFICE24"."REVIEW_STATISTICS" (REPORT_DATE,REVIEW_CREATE,REVIEW_DELETE) values (to_timestamp('09/06/24','DD/MM/RR HH24:MI:SSXFF'),7,3);
Insert into "OFFICE24"."REVIEW_STATISTICS" (REPORT_DATE,REVIEW_CREATE,REVIEW_DELETE) values (to_timestamp('10/06/24','DD/MM/RR HH24:MI:SSXFF'),3,2);
Insert into "OFFICE24"."REVIEW_STATISTICS" (REPORT_DATE,REVIEW_CREATE,REVIEW_DELETE) values (to_timestamp('11/06/24','DD/MM/RR HH24:MI:SSXFF'),6,2);
Insert into "OFFICE24"."REVIEW_STATISTICS" (REPORT_DATE,REVIEW_CREATE,REVIEW_DELETE) values (to_timestamp('12/06/24','DD/MM/RR HH24:MI:SSXFF'),6,4);
Insert into "OFFICE24"."REVIEW_STATISTICS" (REPORT_DATE,REVIEW_CREATE,REVIEW_DELETE) values (to_timestamp('13/06/24','DD/MM/RR HH24:MI:SSXFF'),4,1);
Insert into "OFFICE24"."REVIEW_STATISTICS" (REPORT_DATE,REVIEW_CREATE,REVIEW_DELETE) values (to_timestamp('14/06/24','DD/MM/RR HH24:MI:SSXFF'),2,1);
Insert into "OFFICE24"."REVIEW_STATISTICS" (REPORT_DATE,REVIEW_CREATE,REVIEW_DELETE) values (to_timestamp('15/06/24','DD/MM/RR HH24:MI:SSXFF'),5,0);
Insert into "OFFICE24"."REVIEW_STATISTICS" (REPORT_DATE,REVIEW_CREATE,REVIEW_DELETE) values (to_timestamp('16/06/24','DD/MM/RR HH24:MI:SSXFF'),9,1);
Insert into "OFFICE24"."REVIEW_STATISTICS" (REPORT_DATE,REVIEW_CREATE,REVIEW_DELETE) values (to_timestamp('17/06/24','DD/MM/RR HH24:MI:SSXFF'),4,0);
Insert into "OFFICE24"."REVIEW_STATISTICS" (REPORT_DATE,REVIEW_CREATE,REVIEW_DELETE) values (to_timestamp('18/06/24','DD/MM/RR HH24:MI:SSXFF'),7,1);
Insert into "OFFICE24"."REVIEW_STATISTICS" (REPORT_DATE,REVIEW_CREATE,REVIEW_DELETE) values (to_timestamp('19/06/24','DD/MM/RR HH24:MI:SSXFF'),2,4);
Insert into "OFFICE24"."REVIEW_STATISTICS" (REPORT_DATE,REVIEW_CREATE,REVIEW_DELETE) values (to_timestamp('20/06/24','DD/MM/RR HH24:MI:SSXFF'),8,2);
Insert into "OFFICE24"."REVIEW_STATISTICS" (REPORT_DATE,REVIEW_CREATE,REVIEW_DELETE) values (to_timestamp('21/06/24','DD/MM/RR HH24:MI:SSXFF'),2,3);
Insert into "OFFICE24"."REVIEW_STATISTICS" (REPORT_DATE,REVIEW_CREATE,REVIEW_DELETE) values (to_timestamp('22/06/24','DD/MM/RR HH24:MI:SSXFF'),5,1);
Insert into "OFFICE24"."REVIEW_STATISTICS" (REPORT_DATE,REVIEW_CREATE,REVIEW_DELETE) values (to_timestamp('23/06/24','DD/MM/RR HH24:MI:SSXFF'),0,3);
Insert into "OFFICE24"."REVIEW_STATISTICS" (REPORT_DATE,REVIEW_CREATE,REVIEW_DELETE) values (to_timestamp('24/06/24','DD/MM/RR HH24:MI:SSXFF'),5,4);
Insert into "OFFICE24"."REVIEW_STATISTICS" (REPORT_DATE,REVIEW_CREATE,REVIEW_DELETE) values (to_timestamp('25/06/24','DD/MM/RR HH24:MI:SSXFF'),2,2);
Insert into "OFFICE24"."REVIEW_STATISTICS" (REPORT_DATE,REVIEW_CREATE,REVIEW_DELETE) values (to_timestamp('26/06/24','DD/MM/RR HH24:MI:SSXFF'),8,1);
Insert into "OFFICE24"."REVIEW_STATISTICS" (REPORT_DATE,REVIEW_CREATE,REVIEW_DELETE) values (to_timestamp('27/06/24','DD/MM/RR HH24:MI:SSXFF'),9,1);
Insert into "OFFICE24"."REVIEW_STATISTICS" (REPORT_DATE,REVIEW_CREATE,REVIEW_DELETE) values (to_timestamp('28/06/24','DD/MM/RR HH24:MI:SSXFF'),1,4);
Insert into "OFFICE24"."REVIEW_STATISTICS" (REPORT_DATE,REVIEW_CREATE,REVIEW_DELETE) values (to_timestamp('29/06/24','DD/MM/RR HH24:MI:SSXFF'),4,2);
Insert into "OFFICE24"."REVIEW_STATISTICS" (REPORT_DATE,REVIEW_CREATE,REVIEW_DELETE) values (to_timestamp('30/06/24','DD/MM/RR HH24:MI:SSXFF'),4,3);
Insert into "OFFICE24"."REVIEW_STATISTICS" (REPORT_DATE,REVIEW_CREATE,REVIEW_DELETE) values (to_timestamp('01/07/24','DD/MM/RR HH24:MI:SSXFF'),0,2);
Insert into "OFFICE24"."REVIEW_STATISTICS" (REPORT_DATE,REVIEW_CREATE,REVIEW_DELETE) values (to_timestamp('02/07/24','DD/MM/RR HH24:MI:SSXFF'),9,2);
Insert into "OFFICE24"."REVIEW_STATISTICS" (REPORT_DATE,REVIEW_CREATE,REVIEW_DELETE) values (to_timestamp('03/07/24','DD/MM/RR HH24:MI:SSXFF'),5,3);
Insert into "OFFICE24"."REVIEW_STATISTICS" (REPORT_DATE,REVIEW_CREATE,REVIEW_DELETE) values (to_timestamp('04/07/24','DD/MM/RR HH24:MI:SSXFF'),3,0);
Insert into "OFFICE24"."REVIEW_STATISTICS" (REPORT_DATE,REVIEW_CREATE,REVIEW_DELETE) values (to_timestamp('05/07/24','DD/MM/RR HH24:MI:SSXFF'),9,3);
Insert into "OFFICE24"."REVIEW_STATISTICS" (REPORT_DATE,REVIEW_CREATE,REVIEW_DELETE) values (to_timestamp('06/07/24','DD/MM/RR HH24:MI:SSXFF'),5,0);
Insert into "OFFICE24"."REVIEW_STATISTICS" (REPORT_DATE,REVIEW_CREATE,REVIEW_DELETE) values (to_timestamp('07/07/24','DD/MM/RR HH24:MI:SSXFF'),4,4);
Insert into "OFFICE24"."REVIEW_STATISTICS" (REPORT_DATE,REVIEW_CREATE,REVIEW_DELETE) values (to_timestamp('08/07/24','DD/MM/RR HH24:MI:SSXFF'),6,3);
Insert into "OFFICE24"."REVIEW_STATISTICS" (REPORT_DATE,REVIEW_CREATE,REVIEW_DELETE) values (to_timestamp('09/07/24','DD/MM/RR HH24:MI:SSXFF'),2,0);
Insert into "OFFICE24"."REVIEW_STATISTICS" (REPORT_DATE,REVIEW_CREATE,REVIEW_DELETE) values (to_timestamp('10/07/24','DD/MM/RR HH24:MI:SSXFF'),9,3);
Insert into "OFFICE24"."REVIEW_STATISTICS" (REPORT_DATE,REVIEW_CREATE,REVIEW_DELETE) values (to_timestamp('11/07/24','DD/MM/RR HH24:MI:SSXFF'),8,0);
Insert into "OFFICE24"."REVIEW_STATISTICS" (REPORT_DATE,REVIEW_CREATE,REVIEW_DELETE) values (to_timestamp('12/07/24','DD/MM/RR HH24:MI:SSXFF'),7,2);
Insert into "OFFICE24"."REVIEW_STATISTICS" (REPORT_DATE,REVIEW_CREATE,REVIEW_DELETE) values (to_timestamp('13/07/24','DD/MM/RR HH24:MI:SSXFF'),4,0);
Insert into "OFFICE24"."REVIEW_STATISTICS" (REPORT_DATE,REVIEW_CREATE,REVIEW_DELETE) values (to_timestamp('14/07/24','DD/MM/RR HH24:MI:SSXFF'),1,4);
Insert into "OFFICE24"."REVIEW_STATISTICS" (REPORT_DATE,REVIEW_CREATE,REVIEW_DELETE) values (to_timestamp('15/07/24','DD/MM/RR HH24:MI:SSXFF'),4,0);
Insert into "OFFICE24"."REVIEW_STATISTICS" (REPORT_DATE,REVIEW_CREATE,REVIEW_DELETE) values (to_timestamp('16/07/24','DD/MM/RR HH24:MI:SSXFF'),0,1);
Insert into "OFFICE24"."REVIEW_STATISTICS" (REPORT_DATE,REVIEW_CREATE,REVIEW_DELETE) values (to_timestamp('17/07/24','DD/MM/RR HH24:MI:SSXFF'),4,4);
Insert into "OFFICE24"."REVIEW_STATISTICS" (REPORT_DATE,REVIEW_CREATE,REVIEW_DELETE) values (to_timestamp('18/07/24','DD/MM/RR HH24:MI:SSXFF'),1,3);
Insert into "OFFICE24"."REVIEW_STATISTICS" (REPORT_DATE,REVIEW_CREATE,REVIEW_DELETE) values (to_timestamp('19/07/24','DD/MM/RR HH24:MI:SSXFF'),4,4);
Insert into "OFFICE24"."REVIEW_STATISTICS" (REPORT_DATE,REVIEW_CREATE,REVIEW_DELETE) values (to_timestamp('20/07/24','DD/MM/RR HH24:MI:SSXFF'),2,4);
Insert into "OFFICE24"."REVIEW_STATISTICS" (REPORT_DATE,REVIEW_CREATE,REVIEW_DELETE) values (to_timestamp('21/07/24','DD/MM/RR HH24:MI:SSXFF'),4,0);
Insert into "OFFICE24"."REVIEW_STATISTICS" (REPORT_DATE,REVIEW_CREATE,REVIEW_DELETE) values (to_timestamp('22/07/24','DD/MM/RR HH24:MI:SSXFF'),0,3);
Insert into "OFFICE24"."REVIEW_STATISTICS" (REPORT_DATE,REVIEW_CREATE,REVIEW_DELETE) values (to_timestamp('23/07/24','DD/MM/RR HH24:MI:SSXFF'),3,2);
Insert into "OFFICE24"."REVIEW_STATISTICS" (REPORT_DATE,REVIEW_CREATE,REVIEW_DELETE) values (to_timestamp('24/07/24','DD/MM/RR HH24:MI:SSXFF'),0,1);
Insert into "OFFICE24"."REVIEW_STATISTICS" (REPORT_DATE,REVIEW_CREATE,REVIEW_DELETE) values (to_timestamp('25/07/24','DD/MM/RR HH24:MI:SSXFF'),5,0);
Insert into "OFFICE24"."REVIEW_STATISTICS" (REPORT_DATE,REVIEW_CREATE,REVIEW_DELETE) values (to_timestamp('26/07/24','DD/MM/RR HH24:MI:SSXFF'),5,1);
Insert into "OFFICE24"."REVIEW_STATISTICS" (REPORT_DATE,REVIEW_CREATE,REVIEW_DELETE) values (to_timestamp('27/07/24','DD/MM/RR HH24:MI:SSXFF'),5,0);
Insert into "OFFICE24"."REVIEW_STATISTICS" (REPORT_DATE,REVIEW_CREATE,REVIEW_DELETE) values (to_timestamp('28/07/24','DD/MM/RR HH24:MI:SSXFF'),3,2);
Insert into "OFFICE24"."REVIEW_STATISTICS" (REPORT_DATE,REVIEW_CREATE,REVIEW_DELETE) values (to_timestamp('29/07/24','DD/MM/RR HH24:MI:SSXFF'),6,0);
Insert into "OFFICE24"."REVIEW_STATISTICS" (REPORT_DATE,REVIEW_CREATE,REVIEW_DELETE) values (to_timestamp('30/07/24','DD/MM/RR HH24:MI:SSXFF'),4,4);
Insert into "OFFICE24"."REVIEW_STATISTICS" (REPORT_DATE,REVIEW_CREATE,REVIEW_DELETE) values (to_timestamp('31/07/24','DD/MM/RR HH24:MI:SSXFF'),8,1);
Insert into "OFFICE24"."REVIEW_STATISTICS" (REPORT_DATE,REVIEW_CREATE,REVIEW_DELETE) values (to_timestamp('14/08/24','DD/MM/RR HH24:MI:SSXFF'),5,0);
commit;